timestamp,seq,lat,lon,alt,delta,label
2026-05-02 15:06:30.529,136,-41.542945861816406,-56.9782600402832,436.7880859375,0.0022,0
2026-05-02 15:06:31.550,137,-41.57888412475586,-56.91104507446289,436.7991943359375,0.0121,0
2026-05-02 15:06:32.543,138,-41.614776611328125,-56.84375,436.8102722167969,0.0037,0
2026-05-02 15:06:33.552,139,-41.65062713623047,-56.77637481689453,436.8213195800781,0.0103,0
2026-05-02 15:06:34.546,140,-41.686431884765625,-56.708919525146484,436.83233642578125,0.0026,0
2026-05-02 15:06:35.550,141,-41.722190856933594,-56.64138412475586,436.8433837890625,0.0038,0
2026-05-02 15:06:36.588,142,-41.757904052734375,-56.573768615722656,436.8543395996094,0.0402,0
2026-05-02 15:06:37.566,143,-41.793575286865234,-56.506072998046875,436.8653259277344,0.0148,0
2026-05-02 15:06:38.557,144,-41.82919692993164,-56.438297271728516,436.8762512207031,0.0041,0
2026-05-02 15:06:39.561,145,-41.86478042602539,-56.37044143676758,436.88714599609375,0.0062,0
2026-05-02 15:06:40.560,146,-41.90031433105469,-56.30250549316406,436.8980712890625,0.0025,0
2026-05-02 15:06:41.562,147,-41.9358024597168,-56.23448944091797,436.908935546875,0.0032,0
2026-05-02 15:06:42.562,148,-41.971248626708984,-56.16639709472656,436.9197692871094,0.002,0
2026-05-02 15:06:43.577,149,-42.00664520263672,-56.09821701049805,436.93060302734375,0.0096,0
2026-05-02 15:06:44.575,150,-42.04199981689453,-56.02996063232422,436.94140625,0.0053,0
2026-05-02 15:06:45.600,151,-42.077308654785156,-55.96162414550781,436.9521484375,0.0054,0
2026-05-02 15:06:46.601,152,-42.11256790161133,-55.89320755004883,436.9629211425781,0.0049,0
2026-05-02 15:06:47.610,153,-42.14778518676758,-55.82470703125,436.9736633300781,0.0086,0
2026-05-02 15:06:48.618,154,-42.18295669555664,-55.75613021850586,436.9843444824219,0.0104,0
2026-05-02 15:06:49.617,155,-42.21807861328125,-55.68746566772461,436.9950256347656,0.0072,0
2026-05-02 15:06:50.614,156,-42.25315856933594,-55.61872100830078,437.00567626953125,0.0026,0
2026-05-02 15:06:51.617,157,-42.28818893432617,-55.54990005493164,437.0163269042969,0.0044,0
2026-05-02 15:06:52.621,158,-42.32317352294922,-55.480995178222656,437.02691650390625,0.0059,0
2026-05-02 15:06:53.626,159,-42.35811233520508,-55.412010192871094,437.0375061035156,0.0063,0
2026-05-02 15:06:54.634,160,-42.393001556396484,-55.34294128417969,437.0480651855469,0.013,0
2026-05-02 15:06:55.637,161,-42.427852630615234,-55.27379608154297,437.05859375,0.0073,0
2026-05-02 15:06:56.646,162,-42.462646484375,-55.20456314086914,437.069091796875,0.0084,0
2026-05-02 15:06:57.654,163,-42.497398376464844,-55.135250091552734,437.0795593261719,0.0043,0
2026-05-02 15:06:58.660,164,-42.5321044921875,-55.06585693359375,437.09002685546875,0.0083,0
2026-05-02 15:06:59.664,165,-42.5667610168457,-54.99638366699219,437.1004638671875,0.0098,0
2026-05-02 15:07:00.669,166,-42.60136795043945,-54.926822662353516,437.1108703613281,0.0119,0
2026-05-02 15:07:01.661,167,-42.63593292236328,-54.85718536376953,437.1212463378906,0.0033,0
2026-05-02 15:07:02.667,168,-42.67044448852539,-54.7874641418457,437.1316223144531,0.0074,0
2026-05-02 15:07:03.663,169,-42.70491409301758,-54.71765899658203,437.1419677734375,0.0028,0
2026-05-02 15:07:04.666,170,-42.73933029174805,-54.64777374267578,437.15228271484375,0.0027,0
2026-05-02 15:07:05.672,171,-42.773704528808594,-54.57780838012695,437.1625671386719,0.0067,0
2026-05-02 15:07:06.678,172,-42.80802536010742,-54.50775909423828,437.1728210449219,0.0069,0
2026-05-02 15:07:07.681,173,-42.84230422973633,-54.4376220703125,437.1830749511719,0.0078,0
2026-05-02 15:07:08.695,174,-42.876529693603516,-54.367408752441406,437.1932373046875,0.0068,0
2026-05-02 15:07:09.696,175,-42.910709381103516,-54.29711151123047,437.20343017578125,0.0064,0
2026-05-02 15:07:10.698,176,-42.94483947753906,-54.22673034667969,437.2135925292969,0.0053,0
2026-05-02 15:07:11.709,177,-42.978919982910156,-54.15626525878906,437.2237548828125,0.009,0
2026-05-02 15:07:12.705,178,-43.01295471191406,-54.08572006225586,437.2338562011719,0.0032,0
2026-05-02 15:07:13.710,179,-43.046939849853516,-54.01509094238281,437.2439270019531,0.0063,0
2026-05-02 15:07:14.711,180,-43.080875396728516,-53.94438171386719,437.2539978027344,0.0045,0
2026-05-02 15:07:15.757,181,-43.11476135253906,-53.87358474731445,437.2640380859375,0.0497,0
2026-05-02 15:07:16.741,182,-43.14860153198242,-53.80270767211914,437.2740173339844,0.0114,0
2026-05-02 15:07:17.740,183,-43.18238830566406,-53.731746673583984,437.2840270996094,0.0073,0
2026-05-02 15:07:18.742,184,-43.21612548828125,-53.660701751708984,437.2939758300781,0.0068,0
2026-05-02 15:07:19.757,185,-43.24981689453125,-53.589576721191406,437.30389404296875,0.0058,0
2026-05-02 15:07:20.768,186,-43.2834587097168,-53.51836395263672,437.3138122558594,0.0102,0
2026-05-02 15:07:21.774,187,-43.31705093383789,-53.44707107543945,437.3236999511719,0.0073,0
2026-05-02 15:07:22.777,188,-43.350589752197266,-53.37569046020508,437.3335266113281,0.0078,0
2026-05-02 15:07:23.780,189,-43.38408279418945,-53.304229736328125,437.3433837890625,0.0057,0
2026-05-02 15:07:24.779,190,-43.41752243041992,-53.23268508911133,437.3531494140625,0.0037,0
2026-05-02 15:07:25.787,191,-43.45091247558594,-53.16105651855469,437.3629455566406,0.0019,0
2026-05-02 15:07:26.816,192,-43.4842529296875,-53.08934783935547,437.3726806640625,0.0238,0
2026-05-02 15:07:27.807,193,-43.51754379272461,-53.01755142211914,437.3824157714844,0.008,0
2026-05-02 15:07:28.815,194,-43.55078125,-52.94567108154297,437.3921203613281,0.0096,0
2026-05-02 15:07:29.816,195,-43.5839729309082,-52.87370300292969,437.40179443359375,0.0079,0
2026-05-02 15:07:30.818,196,-43.61711120605469,-52.801658630371094,437.41143798828125,0.0065,0
2026-05-02 15:07:31.821,197,-43.65019989013672,-52.72952651977539,437.4210510253906,0.0072,0
2026-05-02 15:07:32.825,198,-43.68323516845703,-52.657310485839844,437.4306640625,0.0104,0
2026-05-02 15:07:33.854,199,-43.716224670410156,-52.58500671386719,437.4402160644531,0.0347,0
2026-05-02 15:07:34.876,200,-43.7491569519043,-52.51262664794922,437.4497375488281,0.0118,0
2026-05-02 15:07:35.872,201,-43.78204345703125,-52.440155029296875,437.4592590332031,0.0058,0
2026-05-02 15:07:36.877,202,-43.81487274169922,-52.36760330200195,437.46875,0.0083,0
2026-05-02 15:07:37.872,203,-43.84765625,-52.29496383666992,437.47821044921875,0.0021,0
2026-05-02 15:07:38.877,204,-43.8803825378418,-52.22224426269531,437.48760986328125,0.0055,0
2026-05-02 15:07:39.876,205,-43.913063049316406,-52.149436950683594,437.4970397949219,0.0045,0
2026-05-02 15:07:40.902,206,-43.94568634033203,-52.07654571533203,437.50640869140625,0.0246,0
2026-05-02 15:19:55.356,0,-47.57054138183594,14.939621925354004,435.2612609863281,0.0115,0
2026-05-02 15:19:56.350,1,-47.5452995300293,15.023311614990234,435.24554443359375,0.0051,0
2026-05-02 15:19:57.351,2,-47.51999282836914,15.106918334960938,435.2297668457031,0.005,0
2026-05-02 15:19:58.359,3,-47.4946174621582,15.19044017791748,435.2139892578125,0.0084,0
2026-05-02 15:19:59.356,4,-47.46917724609375,15.27387523651123,435.1982116699219,0.0022,0
2026-05-02 15:20:00.362,5,-47.443668365478516,15.35722827911377,435.182373046875,0.0048,0
2026-05-02 15:20:01.363,6,-47.418094635009766,15.440496444702148,435.1665344238281,0.0035,0
2026-05-02 15:20:02.367,7,-47.392452239990234,15.523677825927734,435.150634765625,0.0052,0
2026-05-02 15:20:03.365,8,-47.36674499511719,15.606775283813477,435.13470458984375,0.0028,0
2026-05-02 15:20:04.374,9,-47.34096908569336,15.689787864685059,435.1187744140625,0.0105,0
2026-05-02 15:20:05.371,10,-47.31513214111328,15.772716522216797,435.1028137207031,0.0038,0
2026-05-02 15:20:06.380,11,-47.289222717285156,15.855558395385742,435.0868225097656,0.0111,0
2026-05-02 15:20:07.376,12,-47.26325225830078,15.938316345214844,435.0707702636719,0.0037,0
2026-05-02 15:20:08.381,13,-47.23721694946289,16.020986557006836,435.05474853515625,0.0049,0
2026-05-02 15:20:09.383,14,-47.21111297607422,16.103574752807617,435.0386657714844,0.003,0
2026-05-02 15:20:10.397,15,-47.184940338134766,16.186077117919922,435.0225524902344,0.0121,0
2026-05-02 15:20:11.395,16,-47.15870666503906,16.26849365234375,435.00640869140625,0.0087,0
2026-05-02 15:20:12.399,17,-47.132408142089844,16.3508243560791,434.9902648925781,0.0112,0
2026-05-02 15:20:13.395,18,-47.106040954589844,16.433069229125977,434.97406005859375,0.0033,0
2026-05-02 15:20:14.430,19,-47.07960891723633,16.515228271484375,434.9578552246094,0.0369,0
2026-05-02 15:20:15.400,20,-47.05311584472656,16.59730339050293,434.94158935546875,0.0027,0
2026-05-02 15:20:16.406,21,-47.026554107666016,16.679290771484375,434.9253234863281,0.0081,0
2026-05-02 15:20:17.403,22,-46.99992752075195,16.76119613647461,434.9090270996094,0.003,0
2026-05-02 15:20:18.410,23,-46.97323989868164,16.8430118560791,434.8927001953125,0.007,0
2026-05-02 15:20:19.409,24,-46.94648742675781,16.92474365234375,434.8763427734375,0.0042,0
2026-05-02 15:20:20.413,25,-46.9196662902832,17.006389617919922,434.8599548339844,0.0053,0
2026-05-02 15:20:21.416,26,-46.89278793334961,17.087949752807617,434.84356689453125,0.0048,0
2026-05-02 15:20:22.428,27,-46.86583709716797,17.169424057006836,434.8271179199219,0.0148,0
2026-05-02 15:20:23.453,28,-46.838829040527344,17.250812530517578,434.8106689453125,0.0267,0
2026-05-02 15:20:24.447,29,-46.81175231933594,17.33211326599121,434.7941589355469,0.0132,0
2026-05-02 15:20:25.446,30,-46.78461456298828,17.413330078125,434.7776184082031,0.003,0
2026-05-02 15:20:26.478,31,-46.75741195678711,17.494461059570312,434.7611083984375,0.0345,0
2026-05-02 15:20:27.456,32,-46.73014450073242,17.57550621032715,434.7445373535156,0.0077,0
2026-05-02 15:20:28.464,33,-46.70281982421875,17.656463623046875,434.7279357910156,0.0135,0
2026-05-02 15:20:29.485,34,-46.6754264831543,17.737335205078125,434.7113037109375,0.0326,0
2026-05-02 15:20:30.480,35,-46.647972106933594,17.81812286376953,434.69464111328125,0.0225,0
2026-05-02 15:20:31.498,36,-46.620452880859375,17.898820877075195,434.677978515625,0.0373,0
2026-05-02 15:20:32.471,37,-46.592872619628906,17.97943687438965,434.6612854003906,0.0084,0
2026-05-02 15:20:33.475,38,-46.56522750854492,18.05996322631836,434.64453125,0.0048,0
2026-05-02 15:20:34.485,39,-46.53752136230469,18.140405654907227,434.6277770996094,0.0112,0
2026-05-02 15:20:35.503,40,-46.5097541809082,18.22075843811035,434.6109924316406,0.0201,0
2026-05-02 15:20:36.530,41,-46.4819221496582,18.301029205322266,434.59417724609375,0.0424,0
2026-05-02 15:20:37.527,42,-46.45402908325195,18.381210327148438,434.57733154296875,0.0287,0
2026-05-02 15:20:38.506,43,-46.42607116699219,18.461307525634766,434.5604553222656,0.0055,0
2026-05-02 15:20:39.535,44,-46.39805603027344,18.541316986083984,434.5435791015625,0.0313,0
2026-05-02 15:20:40.549,45,-46.36997604370117,18.621240615844727,434.52667236328125,0.0416,0
2026-05-02 15:20:41.518,46,-46.341835021972656,18.701078414916992,434.5097351074219,0.0081,0
2026-05-02 15:20:42.534,47,-46.31363296508789,18.78083038330078,434.4927673339844,0.0222,0
2026-05-02 15:20:43.527,48,-46.28536605834961,18.860492706298828,434.47576904296875,0.0117,0
2026-05-02 15:20:44.559,49,-46.257041931152344,18.94007110595703,434.458740234375,0.0397,0
2026-05-02 15:20:45.534,50,-46.22865676879883,19.019563674926758,434.44171142578125,0.0112,0
2026-05-02 15:20:46.539,51,-46.20021057128906,19.098968505859375,434.4246520996094,0.0133,0
2026-05-02 15:20:47.539,52,-46.17169952392578,19.178287506103516,434.40753173828125,0.0076,0
2026-05-02 15:20:48.540,53,-46.14312744140625,19.257518768310547,434.39044189453125,0.0063,0
2026-05-02 15:20:49.541,54,-46.114498138427734,19.3366641998291,434.373291015625,0.0057,0
2026-05-02 15:20:50.576,55,-46.08580780029297,19.41572380065918,434.3560791015625,0.0391,0
2026-05-02 15:20:51.557,56,-46.05705642700195,19.49469757080078,434.3388977050781,0.0107,0
2026-05-02 15:20:52.586,57,-46.02824020385742,19.573583602905273,434.3216857910156,0.0316,0
2026-05-02 15:20:53.562,58,-45.99937057495117,19.65238380432129,434.304443359375,0.0056,0
2026-05-02 15:20:54.580,59,-45.970436096191406,19.731096267700195,434.28717041015625,0.014,0
2026-05-02 15:20:55.576,60,-45.94144821166992,19.809724807739258,434.26983642578125,0.0084,0
2026-05-02 15:20:56.581,61,-45.912391662597656,19.888263702392578,434.2525329589844,0.0112,0
2026-05-02 15:20:57.619,62,-45.88328170776367,19.966716766357422,434.2351989746094,0.0424,0
2026-05-02 15:20:58.615,63,-45.85411071777344,20.045085906982422,434.2178039550781,0.0371,0
2026-05-02 15:20:59.622,64,-45.82487487792969,20.12336540222168,434.2004089355469,0.0412,0
2026-05-02 15:21:00.598,65,-45.79558563232422,20.201560974121094,434.1829833984375,0.0147,0
2026-05-02 15:21:01.594,66,-45.7662353515625,20.27967071533203,434.16552734375,0.01,0
2026-05-02 15:21:02.626,67,-45.7368278503418,20.357690811157227,434.1480712890625,0.0401,0
2026-05-02 15:21:03.605,68,-45.707359313964844,20.435625076293945,434.13055419921875,0.0158,0
2026-05-02 15:21:04.608,69,-45.677833557128906,20.513473510742188,434.113037109375,0.0171,0
2026-05-02 15:21:05.668,70,-45.64824295043945,20.591236114501953,434.095458984375,0.0745,0
2026-05-02 15:21:06.647,71,-45.61860275268555,20.668912887573242,434.0779113769531,0.0417,0
2026-05-02 15:21:07.647,72,-45.588897705078125,20.746501922607422,434.060302734375,0.0363,0
2026-05-02 15:21:08.650,73,-45.55913543701172,20.824005126953125,434.0426940917969,0.0359,0
2026-05-02 15:21:09.632,74,-45.52931213378906,20.90142059326172,434.0250244140625,0.0059,0
2026-05-02 15:21:10.634,75,-45.49943542480469,20.97875213623047,434.0073547363281,0.006,0
2026-05-02 15:21:11.636,76,-45.46950149536133,21.055994033813477,433.9896545410156,0.0041,0
2026-05-02 15:21:12.677,77,-45.43950653076172,21.13315200805664,433.971923828125,0.0413,0
2026-05-02 15:21:13.646,78,-45.409454345703125,21.210224151611328,433.9541931152344,0.0077,0
2026-05-02 15:21:14.657,79,-45.37934494018555,21.287208557128906,433.9364318847656,0.0168,0
2026-05-02 15:21:15.648,80,-45.349178314208984,21.364105224609375,433.91864013671875,0.0064,0
2026-05-02 15:21:16.648,81,-45.31895065307617,21.44091796875,433.90081787109375,0.0051,0
2026-05-02 15:21:17.654,82,-45.28866958618164,21.517642974853516,433.8829650878906,0.0021,0
2026-05-02 15:21:18.656,83,-45.25832748413086,21.594284057617188,433.8650817871094,0.0024,0
2026-05-02 15:21:19.660,84,-45.227935791015625,21.670835494995117,433.84722900390625,0.0031,0
2026-05-02 15:21:20.665,85,-45.197479248046875,21.747303009033203,433.8293151855469,0.0067,0
2026-05-02 15:21:21.671,86,-45.166969299316406,21.823684692382812,433.8113708496094,0.0097,0
2026-05-02 15:21:22.704,87,-45.13640213012695,21.899978637695312,433.79339599609375,0.0395,0
2026-05-02 15:21:23.704,88,-45.10578155517578,21.976186752319336,433.7754211425781,0.0372,0
2026-05-02 15:21:24.680,89,-45.07509994506836,22.052309036254883,433.7574157714844,0.0114,0
2026-05-02 15:21:25.684,90,-45.04436492919922,22.128345489501953,433.7393798828125,0.0118,0
2026-05-02 15:21:26.683,91,-45.01356887817383,22.204296112060547,433.7213134765625,0.0096,0
2026-05-02 15:21:27.688,92,-44.98271942138672,22.28015899658203,433.7032470703125,0.0096,0
2026-05-02 15:21:28.698,93,-44.951812744140625,22.355937957763672,433.68511962890625,0.0094,0
2026-05-02 15:21:29.701,94,-44.92085266113281,22.431631088256836,433.6669921875,0.0106,0
2026-05-02 15:21:30.702,95,-44.889835357666016,22.507234573364258,433.64886474609375,0.0092,0
2026-05-02 15:21:31.699,96,-44.858768463134766,22.58275604248047,433.63067626953125,0.0047,0
2026-05-02 15:21:32.702,97,-44.82763671875,22.658191680908203,433.61248779296875,0.0045,0
2026-05-02 15:21:33.703,98,-44.79645538330078,22.733537673950195,433.5942687988281,0.0045,0
2026-05-02 15:21:34.709,99,-44.76521682739258,22.808801651000977,433.5760192871094,0.0023,0
2026-05-02 15:21:35.719,100,-44.73392105102539,22.88397789001465,433.5577697753906,0.0105,0
2026-05-02 15:21:36.728,101,-44.70257568359375,22.959070205688477,433.53948974609375,0.0105,0
2026-05-02 15:21:37.734,102,-44.67116928100586,23.034074783325195,433.52117919921875,0.0151,0
2026-05-02 15:21:38.770,103,-44.639713287353516,23.108993530273438,433.5028381347656,0.0378,0
2026-05-02 15:21:39.744,104,-44.60819625854492,23.183828353881836,433.4844970703125,0.0093,0
2026-05-02 15:21:40.743,105,-44.57663345336914,23.258577346801758,433.46612548828125,0.0048,0
2026-05-02 15:21:41.759,106,-44.54500961303711,23.33323860168457,433.4477233886719,0.0109,0
2026-05-02 15:21:42.756,107,-44.513328552246094,23.407817840576172,433.4292907714844,0.0032,0
2026-05-02 15:21:43.769,108,-44.48160171508789,23.482309341430664,433.4108581542969,0.01,0
2026-05-02 15:21:44.774,109,-44.4498176574707,23.556716918945312,433.3923645019531,0.0133,0
2026-05-02 15:21:45.776,110,-44.41797637939453,23.63103675842285,433.3738708496094,0.0137,0
2026-05-02 15:21:46.774,111,-44.38608169555664,23.705272674560547,433.3553771972656,0.0106,0
2026-05-02 15:21:47.781,112,-44.3541374206543,23.779422760009766,433.33685302734375,0.0144,0
2026-05-02 15:21:48.807,113,-44.32213592529297,23.85348892211914,433.3182678222656,0.0388,0
2026-05-02 15:21:49.812,114,-44.29008483886719,23.927467346191406,433.2997131347656,0.0415,0
2026-05-02 15:21:50.788,115,-44.25797653198242,24.001361846923828,433.2810974121094,0.0162,0
2026-05-02 15:21:51.826,116,-44.22581481933594,24.075172424316406,433.2624816894531,0.0426,0
2026-05-02 15:21:52.787,117,-44.193603515625,24.148895263671875,433.24383544921875,0.0026,0
2026-05-02 15:21:53.789,118,-44.16133499145508,24.2225341796875,433.22515869140625,0.0025,0
2026-05-02 15:21:54.792,119,-44.1290168762207,24.29608917236328,433.20648193359375,0.0026,0
2026-05-02 15:21:55.798,120,-44.09664535522461,24.369558334350586,433.1877746582031,0.0021,0
2026-05-02 15:21:56.801,121,-44.06421661376953,24.442943572998047,433.1690368652344,0.0047,0
2026-05-02 15:21:57.802,122,-44.03173828125,24.51624298095703,433.1502685546875,0.0024,0
2026-05-02 15:21:58.804,123,-43.999210357666016,24.589458465576172,433.1315002441406,0.0022,0
2026-05-02 15:21:59.805,124,-43.96662902832031,24.662588119506836,433.11273193359375,0.0022,0
2026-05-02 15:22:00.809,125,-43.93399429321289,24.735633850097656,433.0939025878906,0.0042,0
2026-05-02 15:22:01.815,126,-43.90130615234375,24.80859375,433.0750732421875,0.0047,0
2026-05-02 15:22:02.821,127,-43.868568420410156,24.881471633911133,433.0561828613281,0.0043,0
2026-05-02 15:22:03.824,128,-43.835777282714844,24.954261779785156,433.0373229980469,0.0059,0
2026-05-02 15:22:04.827,129,-43.80293655395508,25.02696990966797,433.0184020996094,0.0067,0
2026-05-02 15:22:05.826,130,-43.770042419433594,25.099592208862305,432.99951171875,0.0045,0
2026-05-02 15:22:06.832,131,-43.73709487915039,25.172130584716797,432.9805603027344,0.0071,0
2026-05-02 15:22:07.836,132,-43.704097747802734,25.244585037231445,432.96160888671875,0.0059,0
2026-05-02 15:22:08.841,133,-43.671051025390625,25.31695556640625,432.9425964355469,0.0037,0
2026-05-02 15:22:09.847,134,-43.6379508972168,25.389240264892578,432.923583984375,0.0065,0
2026-05-02 15:22:10.849,135,-43.604801177978516,25.461442947387695,432.9045715332031,0.0065,0
2026-05-02 15:22:11.856,136,-43.57160186767578,25.53356170654297,432.8855285644531,0.0078,0
2026-05-02 15:22:12.857,137,-43.53834915161133,25.605594635009766,432.8664245605469,0.0062,0
2026-05-02 15:22:13.859,138,-43.505043029785156,25.67754554748535,432.84735107421875,0.0046,0
2026-05-02 15:22:14.869,139,-43.47168731689453,25.74941062927246,432.8282470703125,0.0038,0
2026-05-02 15:22:15.882,140,-43.43828582763672,25.821191787719727,432.8091125488281,0.0052,0
2026-05-02 15:22:16.890,141,-43.40483093261719,25.89289093017578,432.78997802734375,0.004,0
2026-05-02 15:22:17.894,142,-43.3713264465332,25.964506149291992,432.7707824707031,0.0055,0
2026-05-02 15:22:18.902,143,-43.3377685546875,26.03603744506836,432.7515869140625,0.003,0
2026-05-02 15:22:19.907,144,-43.30416488647461,26.107484817504883,432.7323913574219,0.0048,0
2026-05-02 15:22:20.905,145,-43.2705078125,26.178848266601562,432.7131652832031,0.0018,0
2026-05-02 15:22:21.909,146,-43.2368049621582,26.25012969970703,432.69390869140625,0.0027,0
2026-05-02 15:22:22.909,147,-43.20304870605469,26.321325302124023,432.67462158203125,0.0016,0
2026-05-02 15:22:23.914,148,-43.169246673583984,26.392440795898438,432.65533447265625,0.0029,0
2026-05-02 15:22:24.920,149,-43.13539505004883,26.463470458984375,432.6360168457031,0.0039,0
2026-05-02 15:22:25.934,150,-43.10149002075195,26.534420013427734,432.61669921875,0.0092,0
2026-05-02 15:22:26.939,151,-43.067535400390625,26.605283737182617,432.59735107421875,0.0077,0
2026-05-02 15:22:27.943,152,-43.03353500366211,26.67606544494629,432.5779724121094,0.0049,0
2026-05-02 15:22:28.952,153,-42.99948501586914,26.74676513671875,432.55859375,0.0054,0
2026-05-02 15:22:29.955,154,-42.96538543701172,26.817380905151367,432.5391845703125,0.0063,0
2026-05-02 15:22:30.959,155,-42.931236267089844,26.887914657592773,432.5197448730469,0.0064,0
2026-05-02 15:22:31.967,156,-42.89704132080078,26.958364486694336,432.50030517578125,0.0083,0
2026-05-02 15:22:32.972,157,-42.86279296875,27.028732299804688,432.4808349609375,0.0078,0
2026-05-02 15:22:33.974,158,-42.82849884033203,27.099016189575195,432.4613342285156,0.0077,0
2026-05-02 15:22:34.974,159,-42.794158935546875,27.169218063354492,432.44183349609375,0.0045,0
2026-05-02 15:22:35.980,160,-42.759765625,27.23933982849121,432.42230224609375,0.0083,0
2026-05-02 15:22:36.986,161,-42.7253303527832,27.309377670288086,432.40277099609375,0.0069,0
2026-05-02 15:22:37.991,162,-42.69084167480469,27.379331588745117,432.3832092285156,0.0076,0
2026-05-02 15:22:38.992,163,-42.656307220458984,27.449207305908203,432.3636169433594,0.0065,0
2026-05-02 15:22:39.996,164,-42.621726989746094,27.518997192382812,432.3440246582031,0.0076,0
2026-05-02 15:22:40.997,165,-42.587093353271484,27.588706970214844,432.32440185546875,0.0047,0
2026-05-02 15:22:42.003,166,-42.55241775512695,27.65833282470703,432.30474853515625,0.0068,0
2026-05-02 15:22:43.007,167,-42.51769256591797,27.727880477905273,432.28509521484375,0.007,0
2026-05-02 15:22:44.008,168,-42.44810104370117,27.86672592163086,432.2457580566406,0.0054,0
2026-05-02 15:22:45.015,169,-42.413230895996094,27.936025619506836,432.2260437011719,0.0059,0
2026-05-02 15:22:46.017,170,-42.378318786621094,28.0052433013916,432.2062683105469,0.0058,0
2026-05-02 15:22:47.020,171,-42.343353271484375,28.07438087463379,432.1865234375,0.0053,0
2026-05-02 15:22:48.023,172,-42.308345794677734,28.1434383392334,432.1667785644531,0.0065,0
2026-05-02 15:22:49.023,173,-42.273292541503906,28.212411880493164,432.1470031738281,0.0048,0
2026-05-02 15:22:50.026,174,-42.238189697265625,28.28130531311035,432.127197265625,0.006,0
2026-05-02 15:22:51.028,175,-42.20304489135742,28.350116729736328,432.10736083984375,0.006,0
2026-05-02 15:22:52.032,176,-42.167850494384766,28.418848037719727,432.0875244140625,0.0073,0
2026-05-02 15:22:53.036,177,-42.13261032104492,28.487497329711914,432.0676574707031,0.01,0
2026-05-02 15:22:54.039,178,-42.097320556640625,28.556068420410156,432.04779052734375,0.0062,0
2026-05-02 15:22:55.042,179,-42.061988830566406,28.624555587768555,432.0278625488281,0.0064,0
2026-05-02 15:22:56.046,180,-42.026611328125,28.69296646118164,432.0079650878906,0.0045,0
2026-05-02 15:22:57.050,181,-41.991188049316406,28.76129150390625,431.9880676269531,0.0055,0
2026-05-02 15:22:58.051,182,-41.955718994140625,28.829538345336914,431.96807861328125,0.0051,0
2026-05-02 15:22:59.052,183,-41.92020034790039,28.897703170776367,431.9481201171875,0.0026,0
2026-05-02 15:23:00.058,184,-41.884639739990234,28.965787887573242,431.92816162109375,0.0031,0
2026-05-02 15:23:01.061,185,-41.84903335571289,29.033796310424805,431.90814208984375,0.0033,0
2026-05-02 15:23:02.063,186,-41.81338119506836,29.10171890258789,431.88812255859375,0.005,0
2026-05-02 15:23:03.064,187,-41.77768325805664,29.16956329345703,431.86810302734375,0.0038,0
2026-05-02 15:23:04.066,188,-41.741939544677734,29.237327575683594,431.8480529785156,0.0036,0
2026-05-02 15:23:05.070,189,-41.706153869628906,29.305015563964844,431.8279724121094,0.0053,0
2026-05-02 15:23:06.073,190,-41.67032241821289,29.372617721557617,431.8078918457031,0.0053,0
2026-05-02 15:23:07.075,191,-41.63444137573242,29.440143585205078,431.78778076171875,0.0047,0
2026-05-02 15:23:08.080,192,-41.5985221862793,29.50758934020996,431.7677001953125,0.005,0
2026-05-02 15:23:09.088,193,-41.56255340576172,29.574954986572266,431.7475280761719,0.007,0
2026-05-02 15:23:10.090,194,-41.52654266357422,29.642242431640625,431.7273864746094,0.0032,0
2026-05-02 15:23:11.093,195,-41.4904899597168,29.709447860717773,431.70721435546875,0.0052,0
2026-05-02 15:23:12.099,196,-41.45438766479492,29.776578903198242,431.6870422363281,0.008,0
2026-05-02 15:23:13.104,197,-41.41824722290039,29.8436279296875,431.6668395996094,0.0095,0
2026-05-02 15:23:14.103,198,-41.382057189941406,29.910593032836914,431.6466064453125,0.0055,0
2026-05-02 15:23:15.114,199,-41.3458251953125,29.97748565673828,431.6263732910156,0.0044,0
2026-05-02 15:23:16.119,200,-41.30955123901367,30.04429817199707,431.60614013671875,0.0055,0
2026-05-02 15:23:17.124,201,-41.273231506347656,30.11102867126465,431.5858459472656,0.0057,0
2026-05-02 15:23:18.135,202,-41.23686599731445,30.17768096923828,431.5655517578125,0.0072,0
2026-05-02 15:23:19.132,203,-41.200462341308594,30.244258880615234,431.5452880859375,0.002,0
2026-05-02 15:23:20.134,204,-41.16401290893555,30.310754776000977,431.5249328613281,0.0028,0
2026-05-02 15:23:21.139,205,-41.12752151489258,30.377174377441406,431.504638671875,0.0059,0
2026-05-02 15:23:22.141,206,-41.090980529785156,30.443511962890625,431.4842834472656,0.0033,0
2026-05-02 15:23:23.145,207,-41.05440139770508,30.5097713470459,431.4638977050781,0.0063,0
2026-05-02 15:23:24.148,208,-41.01778030395508,30.575956344604492,431.44354248046875,0.0068,0
2026-05-02 15:23:25.149,209,-40.98111343383789,30.64206314086914,431.4231262207031,0.0056,0
2026-05-02 15:23:26.151,210,-40.94440460205078,30.70808982849121,431.4027099609375,0.0044,0
2026-05-02 15:23:27.156,211,-40.907657623291016,30.774038314819336,431.3822937011719,0.0064,0
2026-05-02 15:23:28.164,212,-40.8708610534668,30.839908599853516,431.3618469238281,0.0059,0
2026-05-02 15:23:29.166,213,-40.83402633666992,30.905704498291016,431.34136962890625,0.0048,0
2026-05-02 15:23:30.165,214,-40.79714584350586,30.971418380737305,431.3208923339844,0.0021,0
2026-05-02 15:23:31.168,215,-40.76022720336914,31.03705596923828,431.3004150390625,0.002,0
2026-05-02 15:23:32.177,216,-40.723262786865234,31.102619171142578,431.2799072265625,0.0079,0
2026-05-02 15:23:33.181,217,-40.68626022338867,31.168102264404297,431.2593994140625,0.0072,0
2026-05-02 15:23:34.184,218,-40.64921188354492,31.233509063720703,431.2388610839844,0.0068,0
2026-05-02 15:23:35.194,219,-40.61212158203125,31.29883575439453,431.21832275390625,0.0103,0
2026-05-02 15:23:36.191,220,-40.57499313354492,31.364091873168945,431.19775390625,0.0057,0
2026-05-02 15:23:37.193,221,-40.537818908691406,31.42926597595215,431.1771545410156,0.0053,0
2026-05-02 15:23:38.203,222,-40.50060272216797,31.49436378479004,431.15655517578125,0.0084,0
2026-05-02 15:23:39.204,223,-40.463348388671875,31.55938720703125,431.1359558105469,0.0021,0
2026-05-02 15:23:40.211,224,-40.42605209350586,31.624332427978516,431.1153564453125,0.0077,0
2026-05-02 15:23:41.216,225,-40.388710021972656,31.689199447631836,431.0946960449219,0.0086,0
2026-05-02 15:23:42.219,226,-40.35133361816406,31.75399398803711,431.07403564453125,0.0076,0
2026-05-02 15:23:43.226,227,-40.31391525268555,31.818710327148438,431.0533752441406,0.0069,0
2026-05-02 15:23:44.233,228,-40.276451110839844,31.883350372314453,431.0326843261719,0.0097,0
2026-05-02 15:23:45.242,229,-40.238948822021484,31.947912216186523,431.0119934082031,0.0067,0
2026-05-02 15:23:46.244,230,-40.2014045715332,32.01240158081055,430.99127197265625,0.0047,0
2026-05-02 15:23:47.248,231,-40.163822174072266,32.076812744140625,430.9705505371094,0.0067,0
2026-05-02 15:23:48.250,232,-40.126197814941406,32.14114761352539,430.9497985839844,0.0056,0
2026-05-02 15:23:49.250,233,-40.088531494140625,32.205406188964844,430.9290771484375,0.0038,0
2026-05-02 15:23:50.255,234,-40.05082702636719,32.26959228515625,430.9083251953125,0.0066,0
2026-05-02 15:23:51.258,235,-40.01307678222656,32.333702087402344,430.8875427246094,0.0059,0
2026-05-02 15:23:52.261,236,-39.97529220581055,32.397735595703125,430.8667297363281,0.0062,0
2026-05-02 15:23:53.262,237,-39.937469482421875,32.461692810058594,430.8459167480469,0.0055,0
2026-05-02 15:23:54.276,238,-39.899600982666016,32.525577545166016,430.8251037597656,0.0076,0
2026-05-02 15:23:55.283,239,-39.8616943359375,32.589385986328125,430.80426025390625,0.0075,0
2026-05-02 15:23:56.289,240,-39.82374954223633,32.65311813354492,430.7834167480469,0.0037,0
2026-05-02 15:23:57.293,241,-39.785762786865234,32.71677780151367,430.7625732421875,0.0056,0
2026-05-02 15:23:58.296,242,-39.747737884521484,32.78036117553711,430.74169921875,0.0051,0
2026-05-02 15:23:59.305,243,-39.70967483520508,32.843868255615234,430.7207946777344,0.0068,0
2026-05-02 15:24:00.307,244,-39.67156982421875,32.90730667114258,430.69989013671875,0.0033,0
2026-05-02 15:24:01.318,245,-39.633426666259766,32.970664978027344,430.678955078125,0.009,0
2026-05-02 15:24:02.323,246,-39.59524154663086,33.03395080566406,430.65802001953125,0.0057,0
2026-05-02 15:24:03.333,247,-39.5570182800293,33.09716033935547,430.6370849609375,0.0068,0
2026-05-02 15:24:04.340,248,-39.518760681152344,33.16029739379883,430.6161193847656,0.0029,0
2026-05-02 15:24:05.345,249,-39.48046112060547,33.22336196899414,430.59515380859375,0.007,0
2026-05-02 15:24:06.346,250,-39.44211959838867,33.286354064941406,430.5741882324219,0.006,0
2026-05-02 15:24:07.354,251,-39.403743743896484,33.349266052246094,430.5531921386719,0.0074,0
2026-05-02 15:24:08.356,252,-39.365325927734375,33.412109375,430.5321960449219,0.005,0
2026-05-02 15:24:09.360,253,-39.32686996459961,33.474876403808594,430.51116943359375,0.007,0
2026-05-02 15:24:10.361,254,-39.28837966918945,33.53757095336914,430.4901123046875,0.007,0
2026-05-02 15:24:11.366,255,-39.249847412109375,33.60019302368164,430.4690856933594,0.0081,0
2026-05-02 15:24:12.372,256,-39.21127700805664,33.662742614746094,430.4480285644531,0.0067,0
2026-05-02 15:24:13.378,257,-39.17266845703125,33.725215911865234,430.4269714355469,0.0045,0
2026-05-02 15:24:14.384,258,-39.13401794433594,33.78761672973633,430.4058837890625,0.0071,0
2026-05-02 15:24:15.391,259,-39.0953369140625,33.849945068359375,430.3847961425781,0.0093,0
2026-05-02 15:24:16.390,260,-39.05661392211914,33.91220474243164,430.3636779785156,0.0059,0
2026-05-02 15:24:17.394,261,-39.01785659790039,33.97438430786133,430.3425598144531,0.0071,0
2026-05-02 15:24:18.416,262,-38.97905731201172,34.0364990234375,430.3214416503906,0.0274,0
2026-05-02 15:24:19.400,263,-38.94021987915039,34.098533630371094,430.30029296875,0.0077,0
2026-05-02 15:24:20.426,264,-38.90134811401367,34.160499572753906,430.2791442871094,0.0268,0
2026-05-02 15:24:21.413,265,-38.8624382019043,34.22239685058594,430.2579650878906,0.0062,0
2026-05-02 15:24:22.415,266,-38.823490142822266,34.284217834472656,430.23681640625,0.0049,0
2026-05-02 15:24:23.422,267,-38.78450393676758,34.34596633911133,430.21563720703125,0.0073,0
2026-05-02 15:24:24.428,268,-38.745479583740234,34.40764617919922,430.19439697265625,0.0068,0
2026-05-02 15:24:25.435,269,-38.7064208984375,34.4692497253418,430.1731872558594,0.005,0
2026-05-02 15:24:26.439,270,-38.667327880859375,34.530784606933594,430.1519775390625,0.0026,0
2026-05-02 15:24:27.440,271,-38.62819290161133,34.59224319458008,430.1307373046875,0.0022,0
2026-05-02 15:24:28.444,272,-38.58902359008789,34.65363693237305,430.1094970703125,0.0024,0
2026-05-02 15:24:29.448,273,-38.5498161315918,34.7149543762207,430.0882568359375,0.0019,0
2026-05-02 15:24:30.449,274,-38.51057052612305,34.776206970214844,430.06695556640625,0.002,0
2026-05-02 15:24:31.451,275,-38.471290588378906,34.837379455566406,430.0456848144531,0.0021,0
2026-05-02 15:24:32.453,276,-38.431976318359375,34.89848709106445,430.0244140625,0.0018,0
2026-05-02 15:24:33.457,277,-38.39262390136719,34.95952224731445,430.0030822753906,0.0022,0
2026-05-02 15:24:34.459,278,-38.353233337402344,35.020484924316406,429.9817810058594,0.0022,0
2026-05-02 15:24:35.469,279,-38.313804626464844,35.08137893676758,429.9604797363281,0.0059,0
2026-05-02 15:24:36.477,280,-38.27434539794922,35.1422004699707,429.9391174316406,0.0103,0
2026-05-02 15:24:37.474,281,-38.23484802246094,35.20295333862305,429.91778564453125,0.0033,0
2026-05-02 15:24:38.475,282,-38.195316314697266,35.263633728027344,429.89642333984375,0.0044,0
2026-05-02 15:24:39.478,283,-38.15574645996094,35.32424545288086,429.87506103515625,0.0048,0
2026-05-02 15:24:40.481,284,-38.11614227294922,35.384788513183594,429.85369873046875,0.0031,0
2026-05-02 15:24:41.484,285,-38.076499938964844,35.44525909423828,429.8323059082031,0.0037,0
2026-05-02 15:24:42.486,286,-38.03682327270508,35.50566101074219,429.8109130859375,0.0048,0
2026-05-02 15:24:43.490,287,-37.99711227416992,35.56599044799805,429.78948974609375,0.0075,0
2026-05-02 15:24:44.494,288,-37.957366943359375,35.626251220703125,429.7680969238281,0.0085,0
2026-05-02 15:24:45.494,289,-37.91758346557617,35.68644332885742,429.7466735839844,0.0057,0
2026-05-02 15:24:46.497,290,-37.87776565551758,35.74656677246094,429.7252502441406,0.0064,0
2026-05-02 15:24:47.501,291,-37.837913513183594,35.80662155151367,429.70379638671875,0.0041,0
2026-05-02 15:24:48.508,292,-37.79802322387695,35.86660385131836,429.6823425292969,0.0081,0
2026-05-02 15:24:49.512,293,-37.75810241699219,35.92652130126953,429.660888671875,0.0061,0
2026-05-02 15:24:50.516,294,-37.718143463134766,35.986366271972656,429.639404296875,0.007,0
2026-05-02 15:24:51.517,295,-37.67815017700195,36.046142578125,429.617919921875,0.0064,0
2026-05-02 15:24:52.516,296,-37.638126373291016,36.10585021972656,429.5964050292969,0.0022,0
2026-05-02 15:24:53.521,297,-37.59806442260742,36.165489196777344,429.5749206542969,0.0064,0
2026-05-02 15:24:54.525,298,-37.55796813964844,36.22506332397461,429.55340576171875,0.0072,0
2026-05-02 15:24:55.536,299,-37.51783752441406,36.28456497192383,429.5318603515625,0.0068,0
2026-05-02 15:24:56.538,300,-37.4776725769043,36.343997955322266,429.5103454589844,0.0061,0
2026-05-02 15:24:57.539,301,-37.43747329711914,36.40336608886719,429.4888000488281,0.0048,0
2026-05-02 15:24:58.545,302,-37.397239685058594,36.46266174316406,429.46728515625,0.0068,0
2026-05-02 15:24:59.545,303,-37.35697555541992,36.52189254760742,429.4457092285156,0.0045,0
2026-05-02 15:25:00.556,304,-37.316673278808594,36.581050872802734,429.4241638183594,0.0078,0
2026-05-02 15:25:01.565,305,-37.276336669921875,36.6401481628418,429.4025573730469,0.0069,0
2026-05-02 15:25:02.568,306,-37.23596954345703,36.69917297363281,429.3809814453125,0.0057,0
2026-05-02 15:25:03.573,307,-37.19556427001953,36.75813293457031,429.359375,0.0035,0
2026-05-02 15:25:04.579,308,-37.155128479003906,36.817020416259766,429.3377685546875,0.007,0
2026-05-02 15:25:05.577,309,-37.114662170410156,36.87584686279297,429.3161926269531,0.0024,0
2026-05-02 15:25:06.585,310,-37.074153900146484,36.93460464477539,429.2945556640625,0.0068,0
2026-05-02 15:25:07.590,311,-37.03361892700195,36.99329376220703,429.27294921875,0.0075,0
2026-05-02 15:25:08.589,312,-36.99304962158203,37.05191421508789,429.25128173828125,0.0044,0
2026-05-02 15:25:09.593,313,-36.95244598388672,37.110469818115234,429.2296447753906,0.0059,0
2026-05-02 15:25:10.600,314,-36.911808013916016,37.16896057128906,429.2080078125,0.0053,0
2026-05-02 15:25:11.605,315,-36.87113952636719,37.22738265991211,429.18634033203125,0.0064,0
2026-05-02 15:25:12.604,316,-36.83043670654297,37.28573989868164,429.1646728515625,0.0042,0
2026-05-02 15:25:13.612,317,-36.78969955444336,37.34402847290039,429.14300537109375,0.0067,0
2026-05-02 15:25:14.615,318,-36.74893569946289,37.402252197265625,429.1213073730469,0.0063,0
2026-05-02 15:25:15.618,319,-36.7081298828125,37.46040725708008,429.0996398925781,0.0059,0
2026-05-02 15:25:16.623,320,-36.66729736328125,37.518497467041016,429.07794189453125,0.0062,0
2026-05-02 15:25:17.638,321,-36.62643051147461,37.5765266418457,429.05621337890625,0.0036,0
2026-05-02 15:25:18.644,322,-36.585533142089844,37.63448715209961,429.03448486328125,0.0066,0
2026-05-02 15:25:19.648,323,-36.54460144042969,37.692378997802734,429.0127868652344,0.0072,0
2026-05-02 15:25:20.645,324,-36.503639221191406,37.750205993652344,428.9910583496094,0.0032,0
2026-05-02 15:25:21.651,325,-36.462642669677734,37.80796813964844,428.96929931640625,0.006,0
2026-05-02 15:25:22.654,326,-36.42161560058594,37.865665435791016,428.94757080078125,0.0055,0
2026-05-02 15:25:23.658,327,-36.38055419921875,37.92329788208008,428.9258117675781,0.0079,0
2026-05-02 15:25:24.665,328,-36.3394660949707,37.980865478515625,428.904052734375,0.0067,0
2026-05-02 15:25:25.666,329,-36.29833984375,38.03836441040039,428.88232421875,0.0061,0
2026-05-02 15:25:26.669,330,-36.25718307495117,38.095802307128906,428.86053466796875,0.0056,0
2026-05-02 15:25:27.672,331,-36.21599578857422,38.153175354003906,428.8387451171875,0.0025,0
2026-05-02 15:25:28.678,332,-36.17477798461914,38.21048355102539,428.81695556640625,0.007,0
2026-05-02 15:25:29.683,333,-36.13352966308594,38.26772689819336,428.795166015625,0.0071,0
2026-05-02 15:25:30.687,334,-36.092247009277344,38.32490158081055,428.77337646484375,0.0038,0
2026-05-02 15:25:31.695,335,-36.05093002319336,38.382015228271484,428.7515563964844,0.008,0
2026-05-02 15:25:32.697,336,-36.009586334228516,38.43906784057617,428.729736328125,0.006,0
2026-05-02 15:25:33.700,337,-35.96820831298828,38.49605178833008,428.70794677734375,0.0064,0
2026-05-02 15:25:34.700,338,-35.92680358886719,38.552974700927734,428.6861267089844,0.0047,0
2026-05-02 15:25:35.704,339,-35.8853645324707,38.609832763671875,428.6642761230469,0.0065,0
2026-05-02 15:25:36.705,340,-35.843894958496094,38.6666259765625,428.6424255371094,0.0047,0
2026-05-02 15:25:37.710,341,-35.80239486694336,38.723358154296875,428.62060546875,0.0058,0
2026-05-02 15:25:38.711,342,-35.7608642578125,38.780025482177734,428.5987548828125,0.0035,0
2026-05-02 15:25:39.717,343,-35.71929931640625,38.83662796020508,428.576904296875,0.0068,0
2026-05-02 15:25:40.719,344,-35.67770767211914,38.89316940307617,428.5550231933594,0.0053,0
2026-05-02 15:25:41.722,345,-35.636085510253906,38.94964599609375,428.53314208984375,0.006,0
2026-05-02 15:25:42.723,346,-35.59443283081055,39.00605773925781,428.51129150390625,0.0053,0
2026-05-02 15:25:43.729,347,-35.5527458190918,39.06241226196289,428.4894104003906,0.004,0
2026-05-02 15:25:44.733,348,-35.51103210449219,39.11869812011719,428.467529296875,0.0044,0
2026-05-02 15:25:45.739,349,-35.46928405761719,39.1749267578125,428.4456481933594,0.0081,0
2026-05-02 15:25:46.738,350,-35.427513122558594,39.2310905456543,428.4237365722656,0.0044,0
2026-05-02 15:25:47.745,351,-35.385704040527344,39.28718948364258,428.40185546875,0.0062,0
2026-05-02 15:25:48.751,352,-35.343868255615234,39.34322738647461,428.37994384765625,0.0042,0
2026-05-02 15:25:49.759,353,-35.302001953125,39.39920425415039,428.3580322265625,0.0097,0
2026-05-02 15:25:50.758,354,-35.260108947753906,39.45512008666992,428.33612060546875,0.0057,0
2026-05-02 15:25:51.761,355,-35.21818161010742,39.51097106933594,428.3141784667969,0.0054,0
2026-05-02 15:25:52.766,356,-35.17622375488281,39.5667610168457,428.292236328125,0.0059,0
2026-05-02 15:25:53.769,357,-35.134239196777344,39.62248992919922,428.2703552246094,0.0077,0
2026-05-02 15:25:54.778,358,-35.092227935791016,39.678157806396484,428.2484130859375,0.0089,0
2026-05-02 15:25:55.787,359,-35.0501823425293,39.733760833740234,428.2264709472656,0.0144,0
2026-05-02 15:25:56.781,360,-35.00810623168945,39.789302825927734,428.2044982910156,0.0057,0
2026-05-02 15:25:57.826,361,-34.966007232666016,39.844791412353516,428.18255615234375,0.0022,0
2026-05-02 15:25:58.833,362,-34.92387390136719,39.900211334228516,428.16058349609375,0.0071,0
2026-05-02 15:25:59.833,363,-34.881710052490234,39.955570220947266,428.1386413574219,0.0053,0
2026-05-02 15:26:00.837,364,-34.83951950073242,40.010868072509766,428.11669921875,0.0061,0
2026-05-02 15:26:01.837,365,-34.797298431396484,40.06610870361328,428.0947265625,0.0024,0
2026-05-02 15:26:02.837,366,-34.75505065917969,40.12128448486328,428.07275390625,0.0023,0
2026-05-02 15:26:03.838,367,-34.712772369384766,40.1764030456543,428.0507507324219,0.0018,0
2026-05-02 15:26:04.840,368,-34.670467376708984,40.23146057128906,428.0287780761719,0.0017,0
2026-05-02 15:26:05.842,369,-34.62813186645508,40.28645706176758,428.0068054199219,0.0017,0
2026-05-02 15:26:06.845,370,-34.58576583862305,40.341392517089844,427.98480224609375,0.0028,0
2026-05-02 15:26:07.849,371,-34.54336929321289,40.396270751953125,427.9627990722656,0.0038,0
2026-05-02 15:26:08.852,372,-34.50094985961914,40.45108413696289,427.9408264160156,0.0033,0
2026-05-02 15:26:09.853,373,-34.458499908447266,40.50584030151367,427.9188232421875,0.0025,0
2026-05-02 15:26:10.852,374,-34.41602325439453,40.5605354309082,427.8968200683594,0.0015,0
2026-05-02 15:26:11.855,375,-34.37351608276367,40.61517333984375,427.87481689453125,0.0018,0
2026-05-02 15:26:12.857,376,-34.33097839355469,40.66975021362305,427.8528137207031,0.0026,0
2026-05-02 15:26:13.858,377,-34.288414001464844,40.72426986694336,427.8307800292969,0.0019,0
2026-05-02 15:26:14.860,378,-34.24582290649414,40.778724670410156,427.80877685546875,0.0022,0
2026-05-02 15:26:15.866,379,-34.20320510864258,40.833126068115234,427.7867431640625,0.0025,0
2026-05-02 15:26:16.869,380,-34.16055679321289,40.88746643066406,427.76470947265625,0.0031,0
2026-05-02 15:26:17.870,381,-34.117881774902344,40.94174575805664,427.74267578125,0.0028,0
2026-05-02 15:26:18.871,382,-34.07517623901367,40.9959716796875,427.72064208984375,0.0025,0
2026-05-02 15:26:19.874,383,-34.03244400024414,41.050132751464844,427.6986389160156,0.0046,0
2026-05-02 15:26:20.879,384,-33.98968505859375,41.1042366027832,427.6766052246094,0.0044,0
2026-05-02 15:26:21.881,385,-33.9468994140625,41.15828323364258,427.6545715332031,0.0038,0
2026-05-02 15:26:22.881,386,-33.90408706665039,41.21227264404297,427.6325378417969,0.0022,0
2026-05-02 15:26:23.883,387,-33.861244201660156,41.26620101928711,427.6104736328125,0.0036,0
2026-05-02 15:26:24.889,388,-33.81837463378906,41.320072174072266,427.58843994140625,0.0034,0
2026-05-02 15:26:25.891,389,-33.77547836303711,41.37388610839844,427.5663757324219,0.0035,0
2026-05-02 15:26:26.893,390,-33.73255157470703,41.427642822265625,427.5443115234375,0.0036,0
2026-05-02 15:26:27.900,391,-33.689605712890625,41.48133850097656,427.52227783203125,0.0075,0
2026-05-02 15:26:28.904,392,-33.64662551879883,41.534976959228516,427.5002136230469,0.002,0
2026-05-02 15:26:29.907,393,-33.60361862182617,41.58856201171875,427.4781494140625,0.0028,0
2026-05-02 15:26:30.909,394,-33.560585021972656,41.642086029052734,427.4560852050781,0.0024,0
2026-05-02 15:26:31.916,395,-33.51752853393555,41.695552825927734,427.43402099609375,0.0071,0
2026-05-02 15:26:32.920,396,-33.47444152832031,41.74896240234375,427.4119567871094,0.0052,0
2026-05-02 15:26:33.920,397,-33.43132781982422,41.80231475830078,427.389892578125,0.0017,0
2026-05-02 15:26:34.925,398,-33.388187408447266,41.85560989379883,427.36785888671875,0.0052,0
2026-05-02 15:26:35.927,399,-33.34502029418945,41.90884780883789,427.3457946777344,0.0036,0
2026-05-02 15:26:36.928,400,-33.30183029174805,41.962032318115234,427.3236999511719,0.0028,0
2026-05-02 15:26:37.931,401,-33.258609771728516,42.01515579223633,427.3016357421875,0.0056,0
2026-05-02 15:26:38.935,402,-33.215362548828125,42.06822967529297,427.279541015625,0.0027,0
2026-05-02 15:26:39.937,403,-33.17209243774414,42.121238708496094,427.2574768066406,0.0026,0
2026-05-02 15:26:40.955,404,-33.1287956237793,42.1741943359375,427.23541259765625,0.0065,0
2026-05-02 15:26:41.958,405,-33.085472106933594,42.22709655761719,427.21331787109375,0.0072,0
2026-05-02 15:26:42.956,406,-33.042118072509766,42.27994155883789,427.19122314453125,0.0018,0
2026-05-02 15:26:43.964,407,-32.998741149902344,42.332725524902344,427.1691589355469,0.0074,0
2026-05-02 15:26:44.973,408,-32.95533752441406,42.385459899902344,427.1470642089844,0.008,0
2026-05-02 15:26:45.971,409,-32.91190719604492,42.43813705444336,427.125,0.0046,0
2026-05-02 15:26:46.979,410,-32.86845397949219,42.49075698852539,427.1029052734375,0.0055,0
2026-05-02 15:26:47.980,411,-32.824974060058594,42.5433235168457,427.080810546875,0.004,0
2026-05-02 15:26:48.989,412,-32.78146743774414,42.59583282470703,427.0587158203125,0.0059,0
2026-05-02 15:26:49.994,413,-32.737937927246094,42.648284912109375,427.0366516113281,0.0054,0
2026-05-02 15:26:51.000,414,-32.69437789916992,42.70068359375,427.0145568847656,0.0019,0
2026-05-02 15:26:52.005,415,-32.60718536376953,42.80531692504883,426.9703674316406,0.0044,0
2026-05-02 15:26:53.015,416,-32.56355285644531,42.85755157470703,426.9482727050781,0.005,0
2026-05-02 15:26:54.017,417,-32.51988983154297,42.909732818603516,426.9261779785156,0.0059,0
2026-05-02 15:26:55.023,418,-32.4762077331543,42.961856842041016,426.90411376953125,0.0068,0
2026-05-02 15:26:56.029,419,-32.432498931884766,43.0139274597168,426.88201904296875,0.0029,0
2026-05-02 15:26:57.030,420,-32.38875961303711,43.065940856933594,426.85992431640625,0.0018,0
2026-05-02 15:26:58.034,421,-32.345001220703125,43.11790466308594,426.83782958984375,0.0042,0
2026-05-02 15:26:59.036,422,-32.30121612548828,43.1698112487793,426.81573486328125,0.0018,0
2026-05-02 15:27:00.042,423,-32.25740432739258,43.22166442871094,426.7936706542969,0.0063,0
2026-05-02 15:27:01.041,424,-32.21356964111328,43.27346420288086,426.7715759277344,0.0021,0
2026-05-02 15:27:02.045,425,-32.169708251953125,43.32521057128906,426.74951171875,0.0039,0
2026-05-02 15:27:03.045,426,-32.125823974609375,43.37690353393555,426.7274169921875,0.0026,0
2026-05-02 15:27:04.047,427,-32.081912994384766,43.42854309082031,426.705322265625,0.0028,0
2026-05-02 15:27:05.057,428,-32.03798294067383,43.480125427246094,426.6832275390625,0.0026,0
2026-05-02 15:27:06.062,429,-31.9940242767334,43.53165817260742,426.6611328125,0.0059,0
2026-05-02 15:27:07.067,430,-31.950040817260742,43.58313751220703,426.6390686035156,0.0063,0
2026-05-02 15:27:08.071,431,-31.906030654907227,43.634559631347656,426.6169738769531,0.0074,0
2026-05-02 15:27:09.074,432,-31.86199951171875,43.68593215942383,426.5948791503906,0.0068,0
2026-05-02 15:27:10.080,433,-31.817941665649414,43.73725128173828,426.57281494140625,0.0091,0
2026-05-02 15:27:11.078,434,-31.773862838745117,43.788516998291016,426.55072021484375,0.0029,0
2026-05-02 15:27:12.083,435,-31.72975730895996,43.83972930908203,426.52862548828125,0.0059,0
2026-05-02 15:27:13.085,436,-31.685626983642578,43.890892028808594,426.5065612792969,0.0037,0
2026-05-02 15:27:14.087,437,-31.641475677490234,43.94199752807617,426.4844665527344,0.0047,0
2026-05-02 15:27:15.091,438,-31.597299575805664,43.99305725097656,426.46240234375,0.0061,0
2026-05-02 15:27:16.097,439,-31.553096771240234,44.04405975341797,426.4403076171875,0.009,0
2026-05-02 15:27:17.104,440,-31.50887107849121,44.09501266479492,426.4182434082031,0.0071,0
2026-05-02 15:27:18.108,441,-31.464622497558594,44.14590835571289,426.3961486816406,0.0057,0
2026-05-02 15:27:19.116,442,-31.420352935791016,44.19675827026367,426.37408447265625,0.0064,0
2026-05-02 15:27:20.118,443,-31.376054763793945,44.247554779052734,426.3520202636719,0.0067,0
2026-05-02 15:27:21.130,444,-31.33173370361328,44.29829788208008,426.3299560546875,0.0093,0
2026-05-02 15:27:22.136,445,-31.287391662597656,44.34899139404297,426.3078918457031,0.0067,0
2026-05-02 15:27:23.139,446,-31.243026733398438,44.39963150024414,426.28582763671875,0.0057,0
2026-05-02 15:27:24.146,447,-31.198633193969727,44.45022201538086,426.2637634277344,0.0077,0
2026-05-02 15:27:25.147,448,-31.154220581054688,44.50075912475586,426.2417297363281,0.0035,0
2026-05-02 15:27:26.151,449,-31.109786987304688,44.551246643066406,426.21966552734375,0.0064,0
2026-05-02 15:27:27.161,450,-31.065326690673828,44.601680755615234,426.1976013183594,0.0068,0
2026-05-02 15:27:28.170,451,-31.020841598510742,44.652069091796875,426.175537109375,0.007,0
2026-05-02 15:27:29.173,452,-30.976335525512695,44.7024040222168,426.1534729003906,0.006,0
2026-05-02 15:27:30.176,453,-30.931806564331055,44.752685546875,426.1314392089844,0.0072,0
2026-05-02 15:27:31.180,454,-30.887252807617188,44.802921295166016,426.109375,0.0062,0
2026-05-02 15:27:32.180,455,-30.84267807006836,44.85309982299805,426.08734130859375,0.0036,0
2026-05-02 15:27:33.183,456,-30.798080444335938,44.903236389160156,426.0653076171875,0.0028,0
2026-05-02 15:27:34.184,457,-30.753459930419922,44.95331573486328,426.0432434082031,0.0022,0
2026-05-02 15:27:35.190,458,-30.708816528320312,45.00334930419922,426.0212097167969,0.0043,0
2026-05-02 15:27:36.193,459,-30.664152145385742,45.05332946777344,425.9991760253906,0.0047,0
2026-05-02 15:27:37.193,460,-30.619461059570312,45.10326385498047,425.9771423339844,0.0027,0
2026-05-02 15:27:38.200,461,-30.57474708557129,45.15314483642578,425.95513916015625,0.0029,0
2026-05-02 15:27:39.201,462,-30.53001594543457,45.20297622680664,425.93310546875,0.003,0
2026-05-02 15:27:40.203,463,-30.485258102416992,45.25275802612305,425.9111022949219,0.0036,0
2026-05-02 15:27:41.209,464,-30.440479278564453,45.302494049072266,425.8890686035156,0.0039,0
2026-05-02 15:27:42.209,465,-30.39567756652832,45.352176666259766,425.8670654296875,0.0025,0
2026-05-02 15:27:43.213,466,-30.350854873657227,45.40180969238281,425.84503173828125,0.0043,0
2026-05-02 15:27:44.220,467,-30.306011199951172,45.451393127441406,425.8230285644531,0.0072,0
2026-05-02 15:27:45.221,468,-30.261138916015625,45.50093460083008,425.801025390625,0.0039,0
2026-05-02 15:27:46.224,469,-30.216251373291016,45.550418853759766,425.7790222167969,0.0037,0
2026-05-02 15:27:47.226,470,-30.17133903503418,45.599857330322266,425.75701904296875,0.0033,0
2026-05-02 15:27:48.229,471,-30.12640380859375,45.64925003051758,425.73504638671875,0.0042,0
2026-05-02 15:27:49.231,472,-30.081451416015625,45.69858932495117,425.7130432128906,0.0039,0
2026-05-02 15:27:50.239,473,-30.036470413208008,45.74788284301758,425.6910705566406,0.01,0
2026-05-02 15:27:51.235,474,-29.991474151611328,45.79712677001953,425.6690673828125,0.0041,0
2026-05-02 15:27:52.235,475,-29.946453094482422,45.8463249206543,425.6470947265625,0.003,0
2026-05-02 15:27:53.238,476,-29.90140724182129,45.895469665527344,425.6251220703125,0.0036,0
2026-05-02 15:27:54.239,477,-29.85634422302246,45.9445686340332,425.6031494140625,0.0026,0
2026-05-02 15:27:55.241,478,-29.81125831604004,45.99361801147461,425.5811767578125,0.0031,0
2026-05-02 15:27:56.242,479,-29.766149520874023,46.042625427246094,425.5592041015625,0.0024,0
2026-05-02 15:27:57.245,480,-29.72102165222168,46.091583251953125,425.53729248046875,0.0034,0
2026-05-02 15:27:58.250,481,-29.675870895385742,46.14048767089844,425.51531982421875,0.0023,0
2026-05-02 15:27:59.252,482,-29.630699157714844,46.18935012817383,425.4933776855469,0.0028,0
2026-05-02 15:28:00.253,483,-29.58550453186035,46.238162994384766,425.471435546875,0.0022,0
2026-05-02 15:28:01.256,484,-29.54029083251953,46.286930084228516,425.4494934082031,0.0037,0
2026-05-02 15:28:02.260,485,-29.495054244995117,46.33564758300781,425.42755126953125,0.0052,0
2026-05-02 15:28:03.260,486,-29.449798583984375,46.38431930541992,425.4056396484375,0.0024,0
2026-05-02 15:28:04.260,487,-29.404521942138672,46.432945251464844,425.38372802734375,0.0024,0
2026-05-02 15:28:05.261,488,-29.359222412109375,46.48152160644531,425.3617858886719,0.0023,0
2026-05-02 15:28:06.263,489,-29.313905715942383,46.530052185058594,425.3398742675781,0.003,0
2026-05-02 15:28:07.267,490,-29.26856231689453,46.57853698730469,425.3179626464844,0.0031,0
2026-05-02 15:28:08.278,491,-29.223203659057617,46.626976013183594,425.2960510253906,0.0028,0
2026-05-02 15:28:09.279,492,-29.177820205688477,46.67536544799805,425.274169921875,0.0022,0
2026-05-02 15:28:10.279,493,-29.132415771484375,46.72371292114258,425.2522888183594,0.0022,0
2026-05-02 15:28:11.304,494,-29.08699607849121,46.77200698852539,425.23040771484375,0.0035,0
2026-05-02 15:28:12.307,495,-29.04155158996582,46.82025909423828,425.20849609375,0.0031,0
2026-05-02 15:28:13.307,496,-28.99608612060547,46.86846923828125,425.1866149902344,0.0019,0
2026-05-02 15:28:14.310,497,-28.950599670410156,46.9166259765625,425.164794921875,0.0032,0
2026-05-02 15:28:15.314,498,-28.90509796142578,46.964744567871094,425.1429138183594,0.0033,0
2026-05-02 15:28:16.317,499,-28.85957145690918,47.01280975341797,425.12103271484375,0.0018,0
2026-05-02 15:28:17.320,500,-28.814023971557617,47.06083297729492,425.09918212890625,0.0027,0
2026-05-02 15:28:18.322,501,-28.76845932006836,47.10881042480469,425.07733154296875,0.0021,0
2026-05-02 15:28:19.327,502,-28.722871780395508,47.156742095947266,425.0555114746094,0.0026,0
2026-05-02 15:28:20.332,503,-28.67726707458496,47.20463180541992,425.03369140625,0.0031,0
2026-05-02 15:28:21.337,504,-28.63163948059082,47.252471923828125,425.0118408203125,0.0042,0
2026-05-02 15:28:22.337,505,-28.58599281311035,47.300270080566406,424.9900207519531,0.0022,0
2026-05-02 15:28:23.339,506,-28.540327072143555,47.3480224609375,424.9682312011719,0.0025,0
2026-05-02 15:28:24.342,507,-28.494638442993164,47.395729064941406,424.9464111328125,0.0022,0
2026-05-02 15:28:25.347,508,-28.448932647705078,47.443389892578125,424.9245910644531,0.0041,0
2026-05-02 15:28:26.348,509,-28.40320587158203,47.491004943847656,424.9028015136719,0.003,0
2026-05-02 15:28:27.351,510,-28.35746192932129,47.53858184814453,424.88104248046875,0.0042,0
2026-05-02 15:28:28.351,511,-28.311695098876953,47.58610916137695,424.8592529296875,0.0021,0
2026-05-02 15:28:29.353,512,-28.26590919494629,47.63359069824219,424.83746337890625,0.0024,0
2026-05-02 15:28:30.358,513,-28.220104217529297,47.6810302734375,424.815673828125,0.0028,0
2026-05-02 15:28:31.362,514,-28.174280166625977,47.72842788696289,424.7939453125,0.0029,0
2026-05-02 15:28:32.363,515,-28.128437042236328,47.77577590942383,424.7721862792969,0.002,0
2026-05-02 15:28:33.365,516,-28.08257293701172,47.82308578491211,424.75042724609375,0.002,0
2026-05-02 15:28:34.368,517,-28.03668975830078,47.87034606933594,424.72869873046875,0.0022,0
2026-05-02 15:28:35.370,518,-27.990787506103516,47.91756820678711,424.70697021484375,0.0029,0
2026-05-02 15:28:36.381,519,-27.944866180419922,47.964744567871094,424.6852111816406,0.0029,0
2026-05-02 15:28:37.381,520,-27.89892578125,48.01187515258789,424.6635437011719,0.0018,0
2026-05-02 15:28:38.383,521,-27.852964401245117,48.05896759033203,424.6418151855469,0.0034,0
2026-05-02 15:28:39.384,522,-27.806987762451172,48.106014251708984,424.6200866699219,0.002,0
2026-05-02 15:28:40.386,523,-27.760990142822266,48.15301513671875,424.5984191894531,0.0015,0
2026-05-02 15:28:41.388,524,-27.7149715423584,48.199974060058594,424.57672119140625,0.0027,0
2026-05-02 15:28:42.389,525,-27.668935775756836,48.24688720703125,424.5550231933594,0.0027,0
2026-05-02 15:28:43.390,526,-27.622880935668945,48.293766021728516,424.53338623046875,0.0019,0
2026-05-02 15:28:44.391,527,-27.576807022094727,48.34059143066406,424.51171875,0.0021,0
2026-05-02 15:28:45.396,528,-27.53071403503418,48.38738250732422,424.49005126953125,0.0022,0
2026-05-02 15:28:46.399,529,-27.484601974487305,48.43412399291992,424.4684143066406,0.0036,0
2026-05-02 15:28:47.400,530,-27.438472747802734,48.480831146240234,424.4467468261719,0.0022,0
2026-05-02 15:28:48.402,531,-27.392324447631836,48.527488708496094,424.42510986328125,0.0021,0
2026-05-02 15:28:49.403,532,-27.34615707397461,48.57410430908203,424.40350341796875,0.0017,0
2026-05-02 15:28:50.404,533,-27.299970626831055,48.62068557739258,424.38189697265625,0.0018,0
2026-05-02 15:28:51.405,534,-27.253767013549805,48.667213439941406,424.36029052734375,0.0018,0
2026-05-02 15:28:52.410,535,-27.207544326782227,48.713706970214844,424.33868408203125,0.0019,0
2026-05-02 15:28:53.411,536,-27.16130256652832,48.76015853881836,424.3171081542969,0.0017,0
2026-05-02 15:28:54.412,537,-27.11504364013672,48.80656433105469,424.2955322265625,0.0019,0
2026-05-02 15:28:55.417,538,-27.06876564025879,48.85293197631836,424.27392578125,0.0033,0
2026-05-02 15:28:56.417,539,-27.022470474243164,48.89925765991211,424.25238037109375,0.0021,0
2026-05-02 15:28:57.418,540,-26.976154327392578,48.94553756713867,424.2308044433594,0.0019,0
2026-05-02 15:28:58.419,541,-26.92982292175293,48.991783142089844,424.20928955078125,0.0017,0
2026-05-02 15:28:59.424,542,-26.883472442626953,49.03798294067383,424.187744140625,0.003,0
2026-05-02 15:29:00.427,543,-26.83710479736328,49.08414077758789,424.1662292480469,0.0022,0
2026-05-02 15:29:01.429,544,-26.79071617126465,49.1302604675293,424.1446838378906,0.0023,0
2026-05-02 15:29:02.433,545,-26.744312286376953,49.17633819580078,424.1231994628906,0.003,0
2026-05-02 15:29:03.433,546,-26.697891235351562,49.222373962402344,424.1016845703125,0.0022,0
2026-05-02 15:29:04.436,547,-26.651451110839844,49.268367767333984,424.0802001953125,0.0032,0
2026-05-02 15:29:05.438,548,-26.604991912841797,49.31432342529297,424.0587158203125,0.0028,0
2026-05-02 15:29:06.439,549,-26.558515548706055,49.36023712158203,424.0372619628906,0.0018,0
2026-05-02 15:29:07.439,550,-26.51202392578125,49.40611267089844,424.0157775878906,0.002,0
2026-05-02 15:29:08.442,551,-26.465513229370117,49.451942443847656,423.9943542480469,0.003,0
2026-05-02 15:29:09.444,552,-26.418983459472656,49.49773406982422,423.972900390625,0.0023,0
2026-05-02 15:29:10.449,553,-26.372438430786133,49.54349136352539,423.95147705078125,0.0033,0
2026-05-02 15:29:11.454,554,-26.32587432861328,49.589202880859375,423.9300231933594,0.0022,0
2026-05-02 15:29:12.457,555,-26.279293060302734,49.6348762512207,423.90863037109375,0.0034,0
2026-05-02 15:29:13.458,556,-26.232694625854492,49.68050765991211,423.88720703125,0.0024,0
2026-05-02 15:29:14.460,557,-26.186079025268555,49.72610092163086,423.8658447265625,0.002,0
2026-05-02 15:29:15.467,558,-26.139446258544922,49.77165222167969,423.8444519042969,0.0063,0
2026-05-02 15:29:16.466,559,-26.09279441833496,49.81716537475586,423.82305908203125,0.0027,0
2026-05-02 15:29:17.467,560,-26.046127319335938,49.862640380859375,423.8017272949219,0.0019,0
2026-05-02 15:29:18.468,561,-25.99944305419922,49.908077239990234,423.7803649902344,0.0025,0
2026-05-02 15:29:19.470,562,-25.952741622924805,49.95347213745117,423.759033203125,0.0022,0
2026-05-02 15:29:20.478,563,-25.906023025512695,49.99882888793945,423.7377014160156,0.003,0
2026-05-02 15:29:21.485,564,-25.85928726196289,50.04414367675781,423.71636962890625,0.0027,0
2026-05-02 15:29:22.488,565,-25.812532424926758,50.089420318603516,423.695068359375,0.0026,0
2026-05-02 15:29:23.488,566,-25.765764236450195,50.13466262817383,423.6737365722656,0.0018,0
2026-05-02 15:29:24.489,567,-25.718978881835938,50.17986297607422,423.6524658203125,0.0024,0
2026-05-02 15:29:25.494,568,-25.67217445373535,50.22502517700195,423.6311950683594,0.0023,0
2026-05-02 15:29:26.499,569,-25.62535285949707,50.27014923095703,423.60992431640625,0.0023,0
2026-05-02 15:29:27.502,570,-25.57851791381836,50.31523132324219,423.58868408203125,0.0038,0
2026-05-02 15:29:28.506,571,-25.53166389465332,50.36027526855469,423.56744384765625,0.0027,0
2026-05-02 15:29:29.507,572,-25.484792709350586,50.4052848815918,423.5461730957031,0.0019,0
2026-05-02 15:29:30.509,573,-25.437908172607422,50.450252532958984,423.52496337890625,0.0022,0
2026-05-02 15:29:31.510,574,-25.39100456237793,50.49518585205078,423.5037841796875,0.0026,0
2026-05-02 15:29:32.510,575,-25.344083786010742,50.540077209472656,423.4825744628906,0.0021,0
2026-05-02 15:29:33.518,576,-25.297147750854492,50.58493423461914,423.46136474609375,0.0017,0
2026-05-02 15:29:34.522,577,-25.250194549560547,50.6297492980957,423.4402160644531,0.0041,0
2026-05-02 15:29:35.522,578,-25.20322608947754,50.674530029296875,423.4190368652344,0.0017,0
2026-05-02 15:29:36.525,579,-25.156240463256836,50.71927261352539,423.39788818359375,0.0023,0
2026-05-02 15:29:37.527,580,-25.10923957824707,50.76397705078125,423.3767395019531,0.0029,0
2026-05-02 15:29:38.528,581,-25.06222152709961,50.80864334106445,423.3556213378906,0.0019,0
2026-05-02 15:29:39.529,582,-25.015188217163086,50.853271484375,423.3345031738281,0.002,0
2026-05-02 15:29:40.532,583,-24.9681396484375,50.897865295410156,423.31341552734375,0.0042,0
2026-05-02 15:29:41.530,584,-24.921072006225586,50.942420959472656,423.29229736328125,0.0019,0
2026-05-02 15:29:42.531,585,-24.87398910522461,50.9869384765625,423.2712097167969,0.0019,0
2026-05-02 15:29:43.532,586,-24.826892852783203,51.03142166137695,423.2501525878906,0.0021,0
2026-05-02 15:29:44.535,587,-24.7797794342041,51.075862884521484,423.2290954589844,0.0023,0
2026-05-02 15:29:45.538,588,-24.732648849487305,51.120269775390625,423.20806884765625,0.0019,0
2026-05-02 15:29:46.542,589,-24.685504913330078,51.164642333984375,423.1870422363281,0.0024,0
2026-05-02 15:29:47.542,590,-24.638343811035156,51.20897674560547,423.1659851074219,0.0019,0
2026-05-02 15:29:48.548,591,-24.59116554260254,51.25327682495117,423.1449890136719,0.0024,0
2026-05-02 15:29:49.551,592,-24.54397201538086,51.29753494262695,423.1239929199219,0.0025,0
2026-05-02 15:29:50.552,593,-24.496763229370117,51.341758728027344,423.1029968261719,0.0019,0
2026-05-02 15:29:51.553,594,-24.449539184570312,51.385948181152344,423.08203125,0.0026,0
2026-05-02 15:29:52.554,595,-24.402299880981445,51.43010330200195,423.06109619140625,0.0018,0
2026-05-02 15:29:53.556,596,-24.355045318603516,51.47421646118164,423.0401611328125,0.002,0
2026-05-02 15:29:54.559,597,-24.307775497436523,51.51829528808594,423.01922607421875,0.0024,0
2026-05-02 15:29:55.560,598,-24.260488510131836,51.562339782714844,422.9983215332031,0.0022,0
2026-05-02 15:29:56.565,599,-24.21318817138672,51.60634994506836,422.9774169921875,0.0025,0
2026-05-02 15:29:57.566,600,-24.16587257385254,51.650325775146484,422.9565124511719,0.002,0
2026-05-02 15:29:58.577,601,-24.11853790283203,51.69426345825195,422.9356384277344,0.0026,0
2026-05-02 15:29:59.577,602,-24.071191787719727,51.738162994384766,422.9147644042969,0.0017,0
2026-05-02 15:30:00.579,603,-24.02383041381836,51.78203201293945,422.8939208984375,0.0022,0
2026-05-02 15:30:01.581,604,-23.976451873779297,51.825862884521484,422.8730773925781,0.0024,0
2026-05-02 15:30:02.586,605,-23.929058074951172,51.869659423828125,422.8522644042969,0.0025,0
2026-05-02 15:30:03.587,606,-23.88165283203125,51.91341781616211,422.8314514160156,0.0019,0
2026-05-02 15:30:04.588,607,-23.834228515625,51.95714569091797,422.8106384277344,0.0018,0
2026-05-02 15:30:05.593,608,-23.78679084777832,52.00083923339844,422.78985595703125,0.0019,0
2026-05-02 15:30:06.595,609,-23.739337921142578,52.04449462890625,422.76910400390625,0.002,0
2026-05-02 15:30:07.599,610,-23.691869735717773,52.08811569213867,422.7483215332031,0.0025,0
2026-05-02 15:30:08.605,611,-23.64438819885254,52.1317024230957,422.72760009765625,0.0024,0
2026-05-02 15:30:09.606,612,-23.596891403198242,52.175254821777344,422.70684814453125,0.0024,0
2026-05-02 15:30:10.607,613,-23.549379348754883,52.218772888183594,422.6861267089844,0.0028,0
2026-05-02 15:30:11.607,614,-23.50185203552246,52.26225662231445,422.6654357910156,0.0019,0
2026-05-02 15:30:12.612,615,-23.45431137084961,52.30570983886719,422.6447448730469,0.0021,0
2026-05-02 15:30:13.615,616,-23.406755447387695,52.34912109375,422.6240539550781,0.0018,0
2026-05-02 15:30:14.620,617,-23.35918617248535,52.39250183105469,422.6033935546875,0.0027,0
2026-05-02 15:30:15.622,618,-23.311599731445312,52.43585205078125,422.5827941894531,0.0024,0
2026-05-02 15:30:16.630,619,-23.263999938964844,52.479164123535156,422.5621643066406,0.0025,0
2026-05-02 15:30:17.643,620,-23.216386795043945,52.52244186401367,422.5415344238281,0.0031,0
2026-05-02 15:30:18.643,621,-23.168758392333984,52.56568908691406,422.52093505859375,0.0019,0
2026-05-02 15:30:19.645,622,-23.12111473083496,52.60890197753906,422.5003356933594,0.002,0
2026-05-02 15:30:20.652,623,-23.073457717895508,52.65208053588867,422.4797668457031,0.0022,0
2026-05-02 15:30:21.654,624,-23.025787353515625,52.69522476196289,422.459228515625,0.0029,0
2026-05-02 15:30:22.657,625,-22.978099822998047,52.73833465576172,422.4386901855469,0.003,0
2026-05-02 15:30:23.667,626,-22.93039894104004,52.78141403198242,422.41815185546875,0.0028,0
2026-05-02 15:30:24.668,627,-22.882686614990234,52.824462890625,422.39764404296875,0.0019,0
2026-05-02 15:30:25.670,628,-22.834959030151367,52.86747360229492,422.3771667480469,0.0018,0
2026-05-02 15:30:26.675,629,-22.787214279174805,52.91045379638672,422.3566589355469,0.0026,0
2026-05-02 15:30:27.692,630,-22.739459991455078,52.953399658203125,422.336181640625,0.0038,0
2026-05-02 15:30:28.693,631,-22.69169044494629,52.99631118774414,422.31573486328125,0.0017,0
2026-05-02 15:30:29.694,632,-22.643903732299805,53.03919219970703,422.2953186035156,0.0019,0
2026-05-02 15:30:30.708,633,-22.596105575561523,53.0820426940918,422.27490234375,0.0031,0
2026-05-02 15:30:31.714,634,-22.548295974731445,53.124855041503906,422.2544860839844,0.0023,0
2026-05-02 15:30:32.725,635,-22.500469207763672,53.167640686035156,422.2341003417969,0.0033,0
2026-05-02 15:30:33.725,636,-22.45262908935547,53.210391998291016,422.2137145996094,0.0019,0
2026-05-02 15:30:34.727,637,-22.404775619506836,53.253108978271484,422.1933898925781,0.0022,0
2026-05-02 15:30:35.730,638,-22.356908798217773,53.29579544067383,422.17303466796875,0.0034,0
2026-05-02 15:30:36.730,639,-22.30902862548828,53.33845138549805,422.1526794433594,0.0018,0
2026-05-02 15:30:37.731,640,-22.261133193969727,53.381072998046875,422.13238525390625,0.0016,0
2026-05-02 15:30:38.733,641,-22.213226318359375,53.42366409301758,422.1120910644531,0.0022,0
2026-05-02 15:30:39.734,642,-22.16530418395996,53.46622085571289,422.0918273925781,0.0025,0
2026-05-02 15:30:40.740,643,-22.11737060546875,53.508750915527344,422.0715637207031,0.0023,0
2026-05-02 15:30:41.741,644,-22.069419860839844,53.55124282836914,422.0513000488281,0.0023,0
2026-05-02 15:30:42.744,645,-22.021459579467773,53.59370803833008,422.03106689453125,0.004,0
2026-05-02 15:30:43.743,646,-21.97348403930664,53.636138916015625,422.0108642578125,0.0019,0
2026-05-02 15:30:44.746,647,-21.92549705505371,53.67854309082031,421.99066162109375,0.0027,0
2026-05-02 15:30:45.747,648,-21.877492904663086,53.720909118652344,421.970458984375,0.0021,0
2026-05-02 15:30:46.750,649,-21.829479217529297,53.763248443603516,421.9503173828125,0.0018,0
2026-05-02 15:30:47.752,650,-21.781450271606445,53.80555725097656,421.9301452636719,0.0017,0
2026-05-02 15:30:48.754,651,-21.733409881591797,53.84783172607422,421.9100341796875,0.0023,0
2026-05-02 15:30:49.755,652,-21.68535614013672,53.89007568359375,421.889892578125,0.0019,0
2026-05-02 15:30:50.757,653,-21.637287139892578,53.932289123535156,421.86981201171875,0.0019,0
2026-05-02 15:30:51.760,654,-21.58920669555664,53.9744758605957,421.8497619628906,0.0022,0
2026-05-02 15:30:52.761,655,-21.541112899780273,54.01662826538086,421.8296813964844,0.0021,0
2026-05-02 15:30:53.764,656,-21.493005752563477,54.05875015258789,421.80963134765625,0.0016,0
2026-05-02 15:30:54.766,657,-21.444887161254883,54.1008415222168,421.7895812988281,0.002,0
2026-05-02 15:30:55.783,658,-21.39675521850586,54.14290237426758,421.76959228515625,0.0039,0
2026-05-02 15:30:56.783,659,-21.348608016967773,54.1849365234375,421.7496032714844,0.0023,0
2026-05-02 15:30:57.784,660,-21.300451278686523,54.22693634033203,421.7295837402344,0.002,0
2026-05-02 15:30:58.789,661,-21.25227928161621,54.26890563964844,421.70965576171875,0.0026,0
2026-05-02 15:30:59.790,662,-21.2040958404541,54.310848236083984,421.689697265625,0.0021,0
2026-05-02 15:31:00.792,663,-21.155899047851562,54.35275650024414,421.6697692871094,0.0024,0
2026-05-02 15:31:01.793,664,-21.107690811157227,54.39463806152344,421.64984130859375,0.002,0
2026-05-02 15:31:02.793,665,-21.05946922302246,54.436492919921875,421.6299743652344,0.0016,0
2026-05-02 15:31:03.795,666,-21.011234283447266,54.47831344604492,421.610107421875,0.0021,0
2026-05-02 15:31:04.799,667,-20.962987899780273,54.520103454589844,421.5902099609375,0.0019,0
2026-05-02 15:31:05.808,668,-20.91472816467285,54.561866760253906,421.5704040527344,0.0027,0
2026-05-02 15:31:06.809,669,-20.866456985473633,54.603599548339844,421.5505676269531,0.0025,0
2026-05-02 15:31:07.811,670,-20.818172454833984,54.645301818847656,421.53076171875,0.0021,0
2026-05-02 15:31:08.817,671,-20.76987648010254,54.686973571777344,421.5109558105469,0.0024,0
2026-05-02 15:31:09.820,672,-20.721567153930664,54.72861862182617,421.4912109375,0.0024,0
2026-05-02 15:31:10.824,673,-20.673246383666992,54.77023696899414,421.4714660644531,0.0023,0
2026-05-02 15:31:11.828,674,-20.624914169311523,54.81182098388672,421.45172119140625,0.004,0
2026-05-02 15:31:12.827,675,-20.576568603515625,54.85337829589844,421.4320068359375,0.0021,0
2026-05-02 15:31:13.828,676,-20.528209686279297,54.89490509033203,421.4123229980469,0.002,0
2026-05-02 15:31:14.828,677,-20.479841232299805,54.936405181884766,421.39263916015625,0.0022,0
2026-05-02 15:31:15.829,678,-20.43145751953125,54.97787857055664,421.3729553222656,0.0021,0
2026-05-02 15:31:16.831,679,-20.38306427001953,55.01932144165039,421.35333251953125,0.0038,0
2026-05-02 15:31:17.834,680,-20.334657669067383,55.06073760986328,421.3337097167969,0.0024,0
2026-05-02 15:31:18.836,681,-20.28624153137207,55.10211944580078,421.3140869140625,0.0022,0
2026-05-02 15:31:19.840,682,-20.237810134887695,55.14347839355469,421.2945251464844,0.0026,0
2026-05-02 15:31:20.845,683,-20.189367294311523,55.18480682373047,421.2749328613281,0.0021,0
2026-05-02 15:31:21.850,684,-20.140914916992188,55.22610855102539,421.2554016113281,0.0036,0
2026-05-02 15:31:22.854,685,-20.09244728088379,55.26737976074219,421.2358703613281,0.0047,0
2026-05-02 15:31:23.854,686,-20.043970108032227,55.30862808227539,421.21636962890625,0.0036,0
2026-05-02 15:31:24.854,687,-19.995481491088867,55.34984588623047,421.1968688964844,0.0023,0
2026-05-02 15:31:25.859,688,-19.946979522705078,55.391029357910156,421.1773986816406,0.0035,0
2026-05-02 15:31:26.859,689,-19.898468017578125,55.432193756103516,421.1579284667969,0.0023,0
2026-05-02 15:31:27.862,690,-19.849943161010742,55.47332763671875,421.13848876953125,0.0025,0
2026-05-02 15:31:28.862,691,-19.801408767700195,55.51443099975586,421.11907958984375,0.0017,0
2026-05-02 15:31:29.865,692,-19.752859115600586,55.555511474609375,421.0997009277344,0.0022,0
2026-05-02 15:31:30.865,693,-19.704299926757812,55.596561431884766,421.080322265625,0.0019,0
2026-05-02 15:31:31.869,694,-19.655731201171875,55.63758850097656,421.06097412109375,0.0048,0
2026-05-02 15:31:32.867,695,-19.607147216796875,55.67858123779297,421.0416259765625,0.0017,0
2026-05-02 15:31:33.869,696,-19.55855369567871,55.71955108642578,421.02227783203125,0.002,0
2026-05-02 15:31:34.871,697,-19.509950637817383,55.760494232177734,421.00299072265625,0.0019,0
2026-05-02 15:31:35.874,698,-19.461332321166992,55.80141067504883,420.98370361328125,0.0024,0
2026-05-02 15:31:36.876,699,-19.41270637512207,55.8422966003418,420.9644775390625,0.0025,0
2026-05-02 15:31:37.890,700,-19.36406707763672,55.88315963745117,420.9452209472656,0.0033,0
2026-05-02 15:31:38.899,701,-19.31541633605957,55.92399597167969,420.9259948730469,0.0023,0
2026-05-02 15:31:39.899,702,-19.266756057739258,55.96480178833008,420.9067687988281,0.0027,0
2026-05-02 15:31:40.901,703,-19.218082427978516,56.00558090209961,420.8876037597656,0.0019,0
2026-05-02 15:31:41.903,704,-19.16939926147461,56.04633712768555,420.8684387207031,0.0025,0
2026-05-02 15:31:42.906,705,-19.120704650878906,56.087066650390625,420.84930419921875,0.0031,0
2026-05-02 15:31:43.910,706,-19.071998596191406,56.12776565551758,420.8302001953125,0.003,0
2026-05-02 15:31:44.915,707,-19.023283004760742,56.16844177246094,420.81109619140625,0.0026,0
2026-05-02 15:31:45.917,708,-18.97455406188965,56.20909118652344,420.7919921875,0.0022,0
2026-05-02 15:31:46.918,709,-18.92581558227539,56.24971389770508,420.77294921875,0.0017,0
2026-05-02 15:31:47.919,710,-18.87706756591797,56.290313720703125,420.75390625,0.0021,0
2026-05-02 15:31:48.924,711,-18.828306198120117,56.33088684082031,420.73486328125,0.0028,0
2026-05-02 15:31:49.926,712,-18.7795352935791,56.371429443359375,420.71588134765625,0.0032,0
2026-05-02 15:31:50.930,713,-18.73075294494629,56.411949157714844,420.6968994140625,0.0021,0
2026-05-02 15:31:51.933,714,-18.68195915222168,56.45244598388672,420.6779479980469,0.0035,0
2026-05-02 15:31:52.934,715,-18.633155822753906,56.49291229248047,420.65899658203125,0.0023,0
2026-05-02 15:31:53.942,716,-18.584341049194336,56.533355712890625,420.64007568359375,0.0029,0
2026-05-02 15:31:54.943,717,-18.5355167388916,56.57377243041992,420.6211853027344,0.0029,0
2026-05-02 15:31:55.948,718,-18.48668098449707,56.61416244506836,420.6023254394531,0.0023,0
2026-05-02 15:31:56.952,719,-18.437833786010742,56.6545295715332,420.58343505859375,0.0048,0
2026-05-02 15:31:57.963,720,-18.38897705078125,56.69487380981445,420.56463623046875,0.0026,0
2026-05-02 15:31:58.968,721,-18.34010887145996,56.735191345214844,420.5458068847656,0.0025,0
2026-05-02 15:31:59.972,722,-18.291231155395508,56.775482177734375,420.5270080566406,0.0019,0
2026-05-02 15:32:00.983,723,-18.242341995239258,56.81574630737305,420.5082092285156,0.0022,0
2026-05-02 15:32:01.983,724,-18.193445205688477,56.85599136352539,420.4894714355469,0.002,0
2026-05-02 15:32:02.989,725,-18.144535064697266,56.89620590209961,420.47076416015625,0.0024,0
2026-05-02 15:32:03.995,726,-18.09561538696289,56.936397552490234,420.4520263671875,0.0022,0
2026-05-02 15:32:04.996,727,-18.04668617248535,56.976566314697266,420.433349609375,0.002,0
2026-05-02 15:32:05.997,728,-17.99774742126465,57.01670837402344,420.4146728515625,0.0019,0
2026-05-02 15:32:06.999,729,-17.94879722595215,57.05682373046875,420.3960266113281,0.0022,0
2026-05-02 15:32:08.002,730,-17.89983558654785,57.096923828125,420.37744140625,0.0036,0
2026-05-02 15:32:09.005,731,-17.85086441040039,57.13698959350586,420.35882568359375,0.0049,0
2026-05-02 15:32:10.007,732,-17.752893447875977,57.21705627441406,420.3216857910156,0.0026,0
2026-05-02 15:32:11.008,733,-17.70389175415039,57.25705337524414,420.30316162109375,0.0025,0
2026-05-02 15:32:12.012,734,-17.65488052368164,57.297027587890625,420.2846374511719,0.0028,0
2026-05-02 15:32:13.013,735,-17.605859756469727,57.336978912353516,420.26611328125,0.0023,0
2026-05-02 15:32:14.017,736,-17.55682945251465,57.37690353393555,420.2476501464844,0.0029,0
2026-05-02 15:32:15.018,737,-17.50778579711914,57.416805267333984,420.2292175292969,0.0025,0
2026-05-02 15:32:16.031,738,-17.4587345123291,57.4566764831543,420.2107849121094,0.0035,0
2026-05-02 15:32:17.032,739,-17.40967559814453,57.49653244018555,420.1923828125,0.0027,0
2026-05-02 15:32:18.038,740,-17.360605239868164,57.5363655090332,420.17401123046875,0.0034,0
2026-05-02 15:32:19.039,741,-17.3115234375,57.576171875,420.1556701660156,0.0021,0
2026-05-02 15:32:20.041,742,-17.262434005737305,57.61595916748047,420.1372985839844,0.002,0
2026-05-02 15:32:21.043,743,-17.213335037231445,57.65571594238281,420.1189880371094,0.0021,0
2026-05-02 15:32:22.048,744,-17.16422462463379,57.69545364379883,420.1006774902344,0.0049,0
2026-05-02 15:32:23.047,745,-17.11510467529297,57.735164642333984,420.0824279785156,0.0025,0
2026-05-02 15:32:24.049,746,-17.065977096557617,57.77485656738281,420.0641784667969,0.0021,0
2026-05-02 15:32:25.050,747,-17.0168399810791,57.81452560424805,420.0459289550781,0.0024,0
2026-05-02 15:32:26.053,748,-16.96769142150879,57.85417556762695,420.0277404785156,0.0025,0
2026-05-02 15:32:27.057,749,-16.91853141784668,57.893795013427734,420.0095520019531,0.0023,0
2026-05-02 15:32:28.079,750,-16.869365692138672,57.93339157104492,419.99139404296875,0.004,0
2026-05-02 15:32:29.082,751,-16.8201904296875,57.97297286987305,419.9732666015625,0.002,0
2026-05-02 15:32:30.086,752,-16.77100372314453,58.01252746582031,419.9551696777344,0.0035,0
2026-05-02 15:32:31.085,753,-16.7218074798584,58.052059173583984,419.93707275390625,0.0016,0
2026-05-02 15:32:32.104,754,-16.672603607177734,58.0915641784668,419.91900634765625,0.0033,0
2026-05-02 15:32:33.106,755,-16.623390197753906,58.13105010986328,419.90093994140625,0.0027,0
2026-05-02 15:32:34.108,756,-16.57416534423828,58.17051315307617,419.8829345703125,0.0023,0
2026-05-02 15:32:35.109,757,-16.524934768676758,58.2099609375,419.86492919921875,0.0018,0
2026-05-02 15:32:36.111,758,-16.475692749023438,58.24938201904297,419.8469543457031,0.0018,0
2026-05-02 15:32:37.112,759,-16.426441192626953,58.288780212402344,419.8290100097656,0.0019,0
2026-05-02 15:32:38.121,760,-16.377182006835938,58.328155517578125,419.8110656738281,0.0029,0
2026-05-02 15:32:39.124,761,-16.327911376953125,58.36751174926758,419.7931823730469,0.0018,0
2026-05-02 15:32:40.126,762,-16.27863311767578,58.40684127807617,419.7752685546875,0.0033,0
2026-05-02 15:32:41.127,763,-16.229345321655273,58.4461555480957,419.7574462890625,0.0024,0
2026-05-02 15:32:42.128,764,-16.180049896240234,58.485443115234375,419.7395935058594,0.002,0
2026-05-02 15:32:43.128,765,-16.13074493408203,58.52470779418945,419.7217712402344,0.0017,0
2026-05-02 15:32:44.131,766,-16.08142852783203,58.5639533996582,419.7040100097656,0.002,0
2026-05-02 15:32:45.133,767,-16.032106399536133,58.603179931640625,419.68621826171875,0.002,0
2026-05-02 15:32:46.136,768,-15.982773780822754,58.64238357543945,419.6684875488281,0.0024,0
2026-05-02 15:32:47.137,769,-15.93343448638916,58.68156433105469,419.6507873535156,0.0018,0
2026-05-02 15:32:48.138,770,-15.884084701538086,58.720726013183594,419.6330871582031,0.0018,0
2026-05-02 15:32:49.142,771,-15.834724426269531,58.759864807128906,419.61541748046875,0.0038,0
2026-05-02 15:32:50.149,772,-15.785357475280762,58.798980712890625,419.5977478027344,0.0039,0
2026-05-02 15:32:51.151,773,-15.735981941223145,58.83808517456055,419.5801696777344,0.0029,0
2026-05-02 15:32:52.172,774,-15.686596870422363,58.877159118652344,419.5625305175781,0.0037,0
2026-05-02 15:32:53.177,775,-15.63720417022705,58.91621398925781,419.54498291015625,0.0031,0
2026-05-02 15:32:54.179,776,-15.587800979614258,58.95524978637695,419.5274353027344,0.0038,0
2026-05-02 15:32:55.178,777,-15.538390159606934,58.9942626953125,419.5099182128906,0.002,0
2026-05-02 15:32:56.181,778,-15.488971710205078,59.03325653076172,419.4924011230469,0.0022,0
2026-05-02 15:32:57.184,779,-15.439543724060059,59.07223129272461,419.47491455078125,0.002,0
2026-05-02 15:32:58.185,780,-15.390106201171875,59.111183166503906,419.45745849609375,0.0021,0
2026-05-02 15:32:59.186,781,-15.340662956237793,59.150115966796875,419.4400329589844,0.0016,0
2026-05-02 15:33:00.189,782,-15.29120922088623,59.18902587890625,419.4226379394531,0.0024,0
2026-05-02 15:33:01.190,783,-15.241747856140137,59.2279167175293,419.4052429199219,0.0027,0
2026-05-02 15:33:02.192,784,-15.192276954650879,59.266788482666016,419.3879089355469,0.0025,0
2026-05-02 15:33:03.199,785,-15.142799377441406,59.30564498901367,419.3705749511719,0.0061,0
2026-05-02 15:33:04.197,786,-15.093313217163086,59.34447479248047,419.3532409667969,0.0025,0
2026-05-02 15:33:05.199,787,-15.043817520141602,59.38328170776367,419.3359680175781,0.0019,0
2026-05-02 15:33:06.202,788,-14.994314193725586,59.42207717895508,419.3187255859375,0.0032,0
2026-05-02 15:33:07.204,789,-14.944802284240723,59.460845947265625,419.301513671875,0.0024,0
2026-05-02 15:33:08.205,790,-14.895283699035645,59.499603271484375,419.2842712402344,0.0024,0
2026-05-02 15:33:09.206,791,-14.845754623413086,59.538333892822266,419.26708984375,0.0018,0
2026-05-02 15:33:10.207,792,-14.796217918395996,59.577049255371094,419.24993896484375,0.0018,0
2026-05-02 15:33:11.210,793,-14.746675491333008,59.61574172973633,419.2328186035156,0.0021,0
2026-05-02 15:33:12.212,794,-14.697122573852539,59.654415130615234,419.2157287597656,0.0017,0
2026-05-02 15:33:13.215,795,-14.647562980651855,59.69306564331055,419.1986389160156,0.0026,0
2026-05-02 15:33:14.220,796,-14.597993850708008,59.73170471191406,419.1815490722656,0.0024,0
2026-05-02 15:33:15.221,797,-14.548418998718262,59.77032470703125,419.1645202636719,0.0022,0
2026-05-02 15:33:16.221,798,-14.498835563659668,59.808921813964844,419.14752197265625,0.0021,0
2026-05-02 15:33:17.223,799,-14.44924259185791,59.847496032714844,419.13055419921875,0.0023,0
2026-05-02 15:33:18.225,800,-14.399643898010254,59.88605499267578,419.11358642578125,0.0023,0
2026-05-02 15:33:19.227,801,-14.35003662109375,59.92459487915039,419.0966796875,0.002,0
2026-05-02 15:33:20.229,802,-14.300419807434082,59.96311950683594,419.07977294921875,0.0021,0
2026-05-02 15:33:21.247,803,-14.250797271728516,60.00162124633789,419.0628662109375,0.0028,0
2026-05-02 15:33:22.248,804,-14.201165199279785,60.04010772705078,419.0460205078125,0.0019,0
2026-05-02 15:33:23.249,805,-14.151527404785156,60.07856750488281,419.0292053222656,0.0017,0
2026-05-02 15:33:24.251,806,-14.10188102722168,60.11701583862305,419.0124206542969,0.0027,0
2026-05-02 15:33:25.255,807,-14.052226066589355,60.15544891357422,418.9956359863281,0.0041,0
2026-05-02 15:33:26.257,808,-14.002564430236816,60.19385528564453,418.9788818359375,0.0025,0
2026-05-02 15:33:27.260,809,-13.952896118164062,60.23225021362305,418.962158203125,0.0028,0
2026-05-02 15:33:28.261,810,-13.903219223022461,60.27062225341797,418.9454650878906,0.002,0
2026-05-02 15:33:29.265,811,-13.853534698486328,60.30897903442383,418.92877197265625,0.0018,0
2026-05-02 15:33:30.267,812,-13.80384349822998,60.34731674194336,418.9121398925781,0.0021,0
2026-05-02 15:33:31.274,813,-13.754142761230469,60.38563537597656,418.8955078125,0.0038,0
2026-05-02 15:33:32.280,814,-13.704436302185059,60.4239387512207,418.87890625,0.0028,0
2026-05-02 15:33:33.281,815,-13.654722213745117,60.46221923828125,418.8623352050781,0.0025,0
2026-05-02 15:33:34.285,816,-13.605000495910645,60.500484466552734,418.8458251953125,0.0029,0
2026-05-02 15:33:35.357,817,-13.555272102355957,60.538734436035156,418.82928466796875,0.0097,0
2026-05-02 15:33:36.352,818,-13.505535125732422,60.576961517333984,418.81280517578125,0.002,0
2026-05-02 15:33:37.355,819,-13.455792427062988,60.615177154541016,418.7963562011719,0.0021,0
2026-05-02 15:33:38.358,820,-13.406042098999023,60.65336990356445,418.7799072265625,0.0022,0
2026-05-02 15:33:39.363,821,-13.356283187866211,60.691551208496094,418.76348876953125,0.0048,0
2026-05-02 15:33:40.362,822,-13.3065185546875,60.729713439941406,418.7471008300781,0.0029,0
2026-05-02 15:33:41.366,823,-13.256745338439941,60.767852783203125,418.7307434082031,0.0051,0
2026-05-02 15:33:42.366,824,-13.206966400146484,60.80597686767578,418.71441650390625,0.0029,0
2026-05-02 15:33:43.370,825,-13.157179832458496,60.84408950805664,418.6980895996094,0.005,0
2026-05-02 15:33:44.372,826,-13.107385635375977,60.88218307495117,418.6818542480469,0.0029,0
2026-05-02 15:33:45.375,827,-13.057584762573242,60.92025375366211,418.6655578613281,0.0025,0
2026-05-02 15:33:46.376,828,-13.007777214050293,60.95831298828125,418.64935302734375,0.0021,0
2026-05-02 15:33:47.378,829,-12.957962989807129,60.99635696411133,418.6331481933594,0.0027,0
2026-05-02 15:33:48.381,830,-12.908140182495117,61.03437805175781,418.6169738769531,0.0028,0
2026-05-02 15:33:49.388,831,-12.858311653137207,61.072383880615234,418.600830078125,0.0025,0
2026-05-02 15:33:50.389,832,-12.808476448059082,61.11037826538086,418.584716796875,0.0031,0
2026-05-02 15:33:51.390,833,-12.758633613586426,61.148345947265625,418.5686340332031,0.0024,0
2026-05-02 15:33:52.396,834,-12.708784103393555,61.186309814453125,418.55255126953125,0.0035,0
2026-05-02 15:33:53.403,835,-12.658927917480469,61.22425079345703,418.5365295410156,0.0027,0
2026-05-02 15:33:54.408,836,-12.609066009521484,61.26217269897461,418.5205383300781,0.0033,0
2026-05-02 15:33:55.410,837,-12.559196472167969,61.300079345703125,418.5045166015625,0.0026,0
2026-05-02 15:33:56.411,838,-12.509320259094238,61.337974548339844,418.48858642578125,0.0022,0
2026-05-02 15:33:57.412,839,-12.459437370300293,61.3758544921875,418.47265625,0.0033,0
2026-05-02 15:33:58.412,840,-12.409546852111816,61.41371536254883,418.4567565917969,0.0022,0
2026-05-02 15:33:59.412,841,-12.359650611877441,61.45155334472656,418.4408874511719,0.0021,0
2026-05-02 15:34:00.413,842,-12.309747695922852,61.48938751220703,418.4250183105469,0.0019,0
2026-05-02 15:34:01.431,843,-12.259839057922363,61.527198791503906,418.4092102050781,0.0054,0
2026-05-02 15:34:02.428,844,-12.209922790527344,61.56499481201172,418.3934020996094,0.002,0
2026-05-02 15:34:03.429,845,-12.15999984741211,61.60277557373047,418.3776550292969,0.0022,0
2026-05-02 15:34:04.431,846,-12.11007022857666,61.64053726196289,418.3619079589844,0.002,0
2026-05-02 15:34:05.437,847,-12.060134887695312,61.678287506103516,418.3462219238281,0.004,0
2026-05-02 15:34:06.436,848,-12.010193824768066,61.716026306152344,418.3305358886719,0.0021,0
2026-05-02 15:34:07.437,849,-11.960245132446289,61.75374221801758,418.31488037109375,0.0015,0
2026-05-02 15:34:08.439,850,-11.910289764404297,61.79144287109375,418.29925537109375,0.0029,0
2026-05-02 15:34:09.440,851,-11.860328674316406,61.829132080078125,418.2836608886719,0.0021,0
2026-05-02 15:34:10.443,852,-11.810361862182617,61.8668098449707,418.2680969238281,0.0023,0
2026-05-02 15:34:11.460,853,-11.760388374328613,61.90446472167969,418.2525329589844,0.0035,0
2026-05-02 15:34:12.464,854,-11.710408210754395,61.94210433959961,418.2370300292969,0.002,0
2026-05-02 15:34:13.470,855,-11.660422325134277,61.979732513427734,418.2215270996094,0.0028,0
2026-05-02 15:34:14.471,856,-11.610430717468262,62.0173454284668,418.2060852050781,0.0023,0
2026-05-02 15:34:15.472,857,-11.560431480407715,62.05494689941406,418.1906433105469,0.0023,0
2026-05-02 15:34:16.479,858,-11.51042652130127,62.092525482177734,418.1752624511719,0.0037,0
2026-05-02 15:34:17.479,859,-11.460415840148926,62.13009262084961,418.1598815917969,0.0029,0
2026-05-02 15:34:18.480,860,-11.410399436950684,62.16764450073242,418.14453125,0.0019,0
2026-05-02 15:34:19.483,861,-11.360376358032227,62.20518112182617,418.12921142578125,0.0032,0
2026-05-02 15:34:20.483,862,-11.310347557067871,62.242706298828125,418.11395263671875,0.002,0
2026-05-02 15:34:21.484,863,-11.260313034057617,62.28022003173828,418.0986633300781,0.0022,0
2026-05-02 15:34:22.495,864,-11.210271835327148,62.317718505859375,418.08343505859375,0.003,0
2026-05-02 15:34:23.495,865,-11.160224914550781,62.355194091796875,418.0682067871094,0.0024,0
2026-05-02 15:34:24.497,866,-11.110172271728516,62.39266586303711,418.0530700683594,0.0019,0
2026-05-02 15:34:25.500,867,-11.060112953186035,62.43011474609375,418.03790283203125,0.0028,0
2026-05-02 15:34:26.501,868,-11.010048866271973,62.46755599975586,418.02276611328125,0.0033,0
2026-05-02 15:34:27.502,869,-10.959979057312012,62.504981994628906,418.0076904296875,0.002,0
2026-05-02 15:34:28.504,870,-10.909902572631836,62.542388916015625,417.99261474609375,0.002,0
2026-05-02 15:34:29.506,871,-10.859821319580078,62.57978439331055,417.97760009765625,0.0021,0
2026-05-02 15:34:30.523,872,-10.809734344482422,62.617164611816406,417.96258544921875,0.0037,0
2026-05-02 15:34:31.524,873,-10.75964069366455,62.654541015625,417.9476318359375,0.0032,0
2026-05-02 15:34:32.525,874,-10.709541320800781,62.69189453125,417.93267822265625,0.003,0
2026-05-02 15:34:33.525,875,-10.659436225891113,62.7292366027832,417.9177551269531,0.0021,0
2026-05-02 15:34:34.530,876,-10.60932731628418,62.766563415527344,417.9028625488281,0.0025,0
2026-05-02 15:34:35.533,877,-10.559210777282715,62.80387496948242,417.88800048828125,0.0028,0
2026-05-02 15:34:36.534,878,-10.509089469909668,62.8411750793457,417.8731994628906,0.0024,0
2026-05-02 15:34:37.535,879,-10.458962440490723,62.87846755981445,417.8583679199219,0.002,0
2026-05-02 15:34:38.538,880,-10.408829689025879,62.915740966796875,417.8435974121094,0.0026,0
2026-05-02 15:34:39.537,881,-10.358692169189453,62.952999114990234,417.828857421875,0.0019,0
2026-05-02 15:34:40.539,882,-10.308547973632812,62.99025344848633,417.8141174316406,0.0025,0
2026-05-02 15:34:41.555,883,-10.258399963378906,63.02748489379883,417.7994689941406,0.0044,0
2026-05-02 15:34:42.566,884,-10.208245277404785,63.0647087097168,417.7847900390625,0.0058,0
2026-05-02 15:34:43.566,885,-10.158085823059082,63.1019172668457,417.7701416015625,0.0021,0
2026-05-02 15:34:44.576,886,-10.10792064666748,63.13911437988281,417.75555419921875,0.0042,0
2026-05-02 15:34:45.575,887,-10.057750701904297,63.176300048828125,417.7409973144531,0.0023,0
2026-05-02 15:34:46.578,888,-10.007575035095215,63.213470458984375,417.7264709472656,0.0027,0
2026-05-02 15:34:47.581,889,-9.95739459991455,63.25062561035156,417.7119445800781,0.0034,0
2026-05-02 15:34:48.582,890,-9.907209396362305,63.28776931762695,417.6974792480469,0.0037,0
2026-05-02 15:34:49.583,891,-9.857017517089844,63.32490539550781,417.68304443359375,0.0022,0
2026-05-02 15:34:50.584,892,-9.806821823120117,63.36202621459961,417.6685791015625,0.0023,0
2026-05-02 15:34:51.585,893,-9.756619453430176,63.39913558959961,417.6542053222656,0.0021,0
2026-05-02 15:34:52.588,894,-9.706412315368652,63.43622970581055,417.63983154296875,0.0033,0
2026-05-02 15:34:53.589,895,-9.656201362609863,63.47330856323242,417.62548828125,0.0026,0
2026-05-02 15:34:54.589,896,-9.60598373413086,63.51038360595703,417.6111755371094,0.0019,0
2026-05-02 15:34:55.590,897,-9.55576229095459,63.54743957519531,417.596923828125,0.002,0
2026-05-02 15:34:56.591,898,-9.505536079406738,63.5844841003418,417.58270263671875,0.0018,0
2026-05-02 15:34:57.598,899,-9.455303192138672,63.621524810791016,417.5684814453125,0.0027,0
2026-05-02 15:34:58.599,900,-9.40506649017334,63.658546447753906,417.5542907714844,0.0016,0
2026-05-02 15:34:59.606,901,-9.354825019836426,63.695556640625,417.5401306152344,0.0023,0
2026-05-02 15:35:00.607,902,-9.304577827453613,63.7325553894043,417.5260009765625,0.0023,0
2026-05-02 15:35:01.611,903,-9.254326820373535,63.7695426940918,417.51190185546875,0.0045,0
2026-05-02 15:35:02.611,904,-9.204070091247559,63.806522369384766,417.4978332519531,0.002,0
2026-05-02 15:35:03.614,905,-9.153809547424316,63.84348678588867,417.48382568359375,0.0021,0
2026-05-02 15:35:04.618,906,-9.103543281555176,63.880435943603516,417.4698181152344,0.0052,0
2026-05-02 15:35:05.617,907,-9.053272247314453,63.91737365722656,417.455810546875,0.0017,0
2026-05-02 15:35:06.618,908,-9.002997398376465,63.95430374145508,417.4418640136719,0.0021,0
2026-05-02 15:35:07.638,909,-8.952716827392578,63.9912223815918,417.427978515625,0.004,0
2026-05-02 15:35:08.637,910,-8.90243148803711,64.02812957763672,417.4140930175781,0.0017,0
2026-05-02 15:35:09.641,911,-8.852142333984375,64.06503295898438,417.40020751953125,0.0024,0
2026-05-02 15:35:10.642,912,-8.801847457885742,64.10191345214844,417.38641357421875,0.0019,0
2026-05-02 15:35:11.647,913,-8.75154972076416,64.13878631591797,417.37261962890625,0.0019,0
2026-05-02 15:35:12.649,914,-8.70124626159668,64.17565155029297,417.3588562011719,0.0028,0
2026-05-02 15:35:13.652,915,-8.650938034057617,64.2125015258789,417.3451232910156,0.0023,0
2026-05-02 15:35:14.655,916,-8.600625038146973,64.24934387207031,417.3314208984375,0.0023,0
2026-05-02 15:35:15.657,917,-8.550309181213379,64.28617095947266,417.3177490234375,0.0018,0
2026-05-02 15:35:16.660,918,-8.499987602233887,64.32299041748047,417.3041076660156,0.002,0
2026-05-02 15:35:17.663,919,-8.449662208557129,64.35980224609375,417.29046630859375,0.0026,0
2026-05-02 15:35:18.665,920,-8.399331092834473,64.39659881591797,417.27691650390625,0.0025,0
2026-05-02 15:35:19.673,921,-8.348997116088867,64.43338775634766,417.2633361816406,0.0031,0
2026-05-02 15:35:20.676,922,-8.298657417297363,64.47016143798828,417.2498474121094,0.0031,0
2026-05-02 15:35:21.677,923,-8.24831485748291,64.50692749023438,417.2363586425781,0.0021,0
2026-05-02 15:35:22.682,924,-8.197966575622559,64.54368591308594,417.2228698730469,0.0031,0
2026-05-02 15:35:23.684,925,-8.147614479064941,64.58043670654297,417.20947265625,0.0024,0
2026-05-02 15:35:24.685,926,-8.097259521484375,64.61717224121094,417.1960754394531,0.0019,0
2026-05-02 15:35:25.689,927,-8.04689884185791,64.65389251708984,417.18267822265625,0.002,0
2026-05-02 15:35:26.691,928,-7.99653434753418,64.69061279296875,417.1693420410156,0.0023,0
2026-05-02 15:35:27.695,929,-7.946165084838867,64.7273178100586,417.15606689453125,0.0031,0
2026-05-02 15:35:28.728,930,-7.895792484283447,64.7640151977539,417.1427917480469,0.0023,0
2026-05-02 15:35:29.731,931,-7.8454155921936035,64.80070495605469,417.1295166015625,0.0018,0
2026-05-02 15:35:30.770,932,-7.795034408569336,64.8373794555664,417.1163024902344,0.004,0
2026-05-02 15:35:31.772,933,-7.744649887084961,64.8740463256836,417.1031188964844,0.002,0
2026-05-02 15:35:32.773,934,-7.694260120391846,64.91070556640625,417.0899963378906,0.0022,0
2026-05-02 15:35:33.774,935,-7.643867015838623,64.94734954833984,417.0768737792969,0.002,0
2026-05-02 15:35:34.777,936,-7.593469619750977,64.9839859008789,417.06378173828125,0.0026,0
2026-05-02 15:35:35.778,937,-7.543068885803223,65.02061462402344,417.05072021484375,0.0025,0
2026-05-02 15:35:36.779,938,-7.492663860321045,65.0572280883789,417.0376892089844,0.0019,0
2026-05-02 15:35:37.780,939,-7.442255020141602,65.09384155273438,417.02471923828125,0.0018,0
2026-05-02 15:35:38.784,940,-7.391842365264893,65.13044738769531,417.0117492675781,0.0026,0
2026-05-02 15:35:39.787,941,-7.34142541885376,65.16703033447266,416.9988098144531,0.002,0
2026-05-02 15:35:40.789,942,-7.2910051345825195,65.20361328125,416.98590087890625,0.0021,0
2026-05-02 15:35:41.793,943,-7.240581035614014,65.24018859863281,416.9730224609375,0.0022,0
2026-05-02 15:35:42.795,944,-7.190153121948242,65.2767562866211,416.9601745605469,0.0025,0
2026-05-02 15:35:43.803,945,-7.139720916748047,65.31330871582031,416.9474182128906,0.0033,0
2026-05-02 15:35:44.806,946,-7.089285373687744,65.349853515625,416.93463134765625,0.0028,0
2026-05-02 15:35:45.806,947,-7.038846492767334,65.38639068603516,416.921875,0.002,0
2026-05-02 15:35:46.808,948,-6.9884033203125,65.42292022705078,416.9091491699219,0.0023,0
2026-05-02 15:35:47.809,949,-6.937956809997559,65.45944213867188,416.8964538574219,0.0023,0
2026-05-02 15:35:48.810,950,-6.88750696182251,65.4959487915039,416.88385009765625,0.0023,0
2026-05-02 15:35:49.813,951,-6.837053298950195,65.53245544433594,416.8712158203125,0.0016,0
2026-05-02 15:35:50.817,952,-6.786595821380615,65.5689468383789,416.8586120605469,0.0025,0
2026-05-02 15:35:51.820,953,-6.736135005950928,65.60543823242188,416.8460693359375,0.0024,0
2026-05-02 15:35:52.823,954,-6.685670375823975,65.64190673828125,416.8335266113281,0.0022,0
2026-05-02 15:35:53.825,955,-6.635202884674072,65.67838287353516,416.8210754394531,0.0025,0
2026-05-02 15:35:54.832,956,-6.584731578826904,65.71484375,416.80859375,0.0031,0
2026-05-02 15:35:55.835,957,-6.534256935119629,65.75129699707031,416.796142578125,0.0024,0
2026-05-02 15:35:56.837,958,-6.483778953552246,65.78773498535156,416.7837829589844,0.003,0
2026-05-02 15:35:57.838,959,-6.433297634124756,65.82417297363281,416.7713928222656,0.0018,0
2026-05-02 15:35:58.843,960,-6.3828125,65.86060333251953,416.7590637207031,0.0022,0
2026-05-02 15:35:59.844,961,-6.332324504852295,65.89702606201172,416.7467956542969,0.002,0
2026-05-02 15:36:00.845,962,-6.281833171844482,65.93343353271484,416.7344970703125,0.0018,0
2026-05-02 15:36:01.846,963,-6.2313385009765625,65.96984100341797,416.7222595214844,0.0018,0
2026-05-02 15:36:02.847,964,-6.180840492248535,66.00624084472656,416.7100524902344,0.0025,0
2026-05-02 15:36:03.853,965,-6.130339622497559,66.0426254272461,416.6978759765625,0.0026,0
2026-05-02 15:36:04.855,966,-6.079835414886475,66.07901000976562,416.6857604980469,0.0021,0
2026-05-02 15:36:05.856,967,-6.029327869415283,66.11538696289062,416.6736145019531,0.002,0
2026-05-02 15:36:06.858,968,-5.978816986083984,66.15174865722656,416.66156005859375,0.0021,0
2026-05-02 15:36:07.860,969,-5.928303241729736,66.1881103515625,416.6495056152344,0.0021,0
2026-05-02 15:36:08.861,970,-5.877786159515381,66.2244644165039,416.63751220703125,0.0023,0
2026-05-02 15:36:09.862,971,-5.827266216278076,66.26080322265625,416.6255187988281,0.0019,0
2026-05-02 15:36:10.862,972,-5.776743412017822,66.2971420288086,416.6135559082031,0.0015,0
2026-05-02 15:36:11.864,973,-5.726217746734619,66.3334732055664,416.6016540527344,0.0018,0
2026-05-02 15:36:12.865,974,-5.675688743591309,66.36980438232422,416.58978271484375,0.0015,0
2026-05-02 15:36:13.868,975,-5.625156879425049,66.40612030029297,416.5779113769531,0.0014,0
2026-05-02 15:36:14.873,976,-5.57462215423584,66.44242858886719,416.56610107421875,0.0046,0
2026-05-02 15:36:15.874,977,-5.524084091186523,66.47872924804688,416.5543212890625,0.0018,0
2026-05-02 15:36:16.876,978,-5.473543643951416,66.51502227783203,416.5425720214844,0.0021,0
2026-05-02 15:36:17.879,979,-5.422999858856201,66.55131530761719,416.5308532714844,0.0018,0
2026-05-02 15:36:18.884,980,-5.372453689575195,66.58759307861328,416.5191345214844,0.0018,0
2026-05-02 15:36:19.885,981,-5.32190465927124,66.62387084960938,416.5074768066406,0.0014,0
2026-05-02 15:36:20.893,982,-5.271352767944336,66.66014099121094,416.495849609375,0.002,0
2026-05-02 15:36:21.897,983,-5.220798015594482,66.6964111328125,416.4842529296875,0.0022,0
2026-05-02 15:36:22.901,984,-5.17024040222168,66.732666015625,416.4726867675781,0.0026,0
2026-05-02 15:36:23.903,985,-5.119680404663086,66.76891326904297,416.461181640625,0.0018,0
2026-05-02 15:36:24.904,986,-5.069118022918701,66.80516052246094,416.4496765136719,0.0023,0
2026-05-02 15:36:25.906,987,-5.018552780151367,66.84139251708984,416.438232421875,0.0028,0
2026-05-02 15:36:26.906,988,-4.967984676361084,66.87762451171875,416.4267883300781,0.0018,0
2026-05-02 15:36:27.908,989,-4.917413711547852,66.91384887695312,416.4153747558594,0.0022,0
2026-05-02 15:36:28.919,990,-4.866840839385986,66.95006561279297,416.4040222167969,0.003,0
2026-05-02 15:36:29.921,991,-4.816265106201172,66.98628234863281,416.3927001953125,0.002,0
2026-05-02 15:36:30.921,992,-4.765686988830566,67.02249145507812,416.3813781738281,0.0018,0
2026-05-02 15:36:31.923,993,-4.715106010437012,67.0586929321289,416.3701171875,0.0023,0
2026-05-02 15:36:32.923,994,-4.664522647857666,67.09488677978516,416.35888671875,0.0016,0
2026-05-02 15:36:33.928,995,-4.613936901092529,67.13107299804688,416.3476867675781,0.0022,0
2026-05-02 15:36:34.931,996,-4.56334924697876,67.1672592163086,416.33648681640625,0.0024,0
2026-05-02 15:36:35.933,997,-4.512758255004883,67.20343780517578,416.32537841796875,0.0022,0
2026-05-02 15:36:36.934,998,-4.462165355682373,67.23961639404297,416.31427001953125,0.0017,0
2026-05-02 15:36:37.936,999,-4.4115705490112305,67.27578735351562,416.30322265625,0.0024,0
2026-05-02 15:36:38.941,1000,-4.360972881317139,67.31194305419922,416.2921447753906,0.002,0
2026-05-02 15:36:39.944,1001,-4.310373306274414,67.34810638427734,416.2811584472656,0.002,0
2026-05-02 15:36:40.956,1002,-4.259771347045898,67.3842544555664,416.27020263671875,0.0036,0
2026-05-02 15:36:41.958,1003,-4.209167003631592,67.42040252685547,416.2592468261719,0.0021,0
2026-05-02 15:36:42.963,1004,-4.158560276031494,67.45654296875,416.24835205078125,0.0031,0
2026-05-02 15:36:43.964,1005,-4.107951641082764,67.49267578125,416.2374572753906,0.0022,0
2026-05-02 15:36:44.964,1006,-4.057340621948242,67.52880859375,416.22662353515625,0.002,0
2026-05-02 15:36:45.965,1007,-4.006727695465088,67.56493377685547,416.2158203125,0.0021,0
2026-05-02 15:36:46.970,1008,-3.9561126232147217,67.60105895996094,416.2050476074219,0.0026,0
2026-05-02 15:36:47.972,1009,-3.9054958820343018,67.63717651367188,416.1943054199219,0.003,0
2026-05-02 15:36:48.973,1010,-3.8548762798309326,67.67328643798828,416.18359375,0.0021,0
2026-05-02 15:36:49.976,1011,-3.8042547702789307,67.70939636230469,416.1729431152344,0.0041,0
2026-05-02 15:36:50.977,1012,-3.753631591796875,67.74549865722656,416.16229248046875,0.0021,0
2026-05-02 15:36:51.986,1013,-3.7030062675476074,67.7815933227539,416.15167236328125,0.0026,0
2026-05-02 15:36:52.986,1014,-3.652379274368286,67.81768798828125,416.1410827636719,0.0022,0
2026-05-02 15:36:53.989,1015,-3.601749897003174,67.85377502441406,416.13055419921875,0.0033,0
2026-05-02 15:36:54.989,1016,-3.551118850708008,67.88986206054688,416.12005615234375,0.0021,0
2026-05-02 15:36:55.991,1017,-3.500486135482788,67.92594146728516,416.1095886230469,0.0022,0
2026-05-02 15:36:56.994,1018,-3.4498510360717773,67.96202087402344,416.09912109375,0.0036,0
2026-05-02 15:36:57.995,1019,-3.399214506149292,67.99809265136719,416.0887145996094,0.003,0
2026-05-02 15:36:58.997,1020,-3.348576068878174,68.0341567993164,416.0783386230469,0.0024,0
2026-05-02 15:36:59.997,1021,-3.297935724258423,68.07022857666016,416.0679931640625,0.0024,0
2026-05-02 15:37:00.998,1022,-3.247293710708618,68.10628509521484,416.0577087402344,0.0019,0
2026-05-02 15:37:02.002,1023,-3.1966500282287598,68.14234161376953,416.04742431640625,0.003,0
2026-05-02 15:37:03.001,1024,-3.1460044384002686,68.17839050292969,416.0372009277344,0.0017,0
2026-05-02 15:37:04.001,1025,-3.0953574180603027,68.21443939208984,416.0269775390625,0.0019,0
2026-05-02 15:37:05.004,1026,-2.994058132171631,68.2865219116211,416.00665283203125,0.003,0
2026-05-02 15:37:06.008,1027,-2.943406105041504,68.32256317138672,415.9965515136719,0.0022,0
2026-05-02 15:37:07.013,1028,-2.8927526473999023,68.35859680175781,415.9864807128906,0.0025,0
2026-05-02 15:37:08.015,1029,-2.842097520828247,68.39462280273438,415.9764404296875,0.0017,0
2026-05-02 15:37:09.021,1030,-2.791440725326538,68.43064880371094,415.9664306640625,0.0031,0
2026-05-02 15:37:10.021,1031,-2.7407827377319336,68.46666717529297,415.95648193359375,0.002,0
2026-05-02 15:37:11.027,1032,-2.6901228427886963,68.50269317626953,415.946533203125,0.0027,0
2026-05-02 15:37:12.029,1033,-2.6394617557525635,68.53871154785156,415.9366149902344,0.0018,0
2026-05-02 15:37:13.037,1034,-2.588799238204956,68.57472229003906,415.9267578125,0.004,0
2026-05-02 15:37:14.039,1035,-2.538135290145874,68.61073303222656,415.9169006347656,0.0043,0
2026-05-02 15:37:15.038,1036,-2.4874699115753174,68.64674377441406,415.9071044921875,0.0018,0
2026-05-02 15:37:16.040,1037,-2.4368033409118652,68.6827392578125,415.8973083496094,0.0025,0
2026-05-02 15:37:17.042,1038,-2.3861353397369385,68.71874237060547,415.8876037597656,0.0036,0
2026-05-02 15:37:18.062,1039,-2.335465908050537,68.75474548339844,415.87786865234375,0.0044,0
2026-05-02 15:37:19.065,1040,-2.2847952842712402,68.79074096679688,415.86822509765625,0.0023,0
2026-05-02 15:37:20.069,1041,-2.234123468399048,68.82673645019531,415.8585510253906,0.0051,0
2026-05-02 15:37:21.070,1042,-2.18345046043396,68.86272430419922,415.8489685058594,0.0022,0
2026-05-02 15:37:22.072,1043,-2.1327762603759766,68.89871215820312,415.83941650390625,0.0025,0
2026-05-02 15:37:23.076,1044,-2.0821008682250977,68.9346923828125,415.8298645019531,0.0021,0
2026-05-02 15:37:24.081,1045,-2.0314242839813232,68.9706802368164,415.82037353515625,0.0039,0
2026-05-02 15:37:25.082,1046,-1.9807465076446533,69.00666046142578,415.8109130859375,0.0024,0
2026-05-02 15:37:26.083,1047,-1.930067539215088,69.04264068603516,415.8014831542969,0.002,0
2026-05-02 15:37:27.085,1048,-1.8793878555297852,69.07861328125,415.79205322265625,0.0018,0
2026-05-02 15:37:28.088,1049,-1.8287067413330078,69.11458587646484,415.7826843261719,0.0021,0
2026-05-02 15:37:29.096,1050,-1.7780247926712036,69.15055847167969,415.77337646484375,0.0072,0
2026-05-02 15:37:30.096,1051,-1.7273417711257935,69.1865234375,415.7640686035156,0.0022,0
2026-05-02 15:37:31.098,1052,-1.6766579151153564,69.22248840332031,415.7547912597656,0.0016,0
2026-05-02 15:37:32.102,1053,-1.625973105430603,69.25846099853516,415.7455749511719,0.0026,0
2026-05-02 15:37:33.105,1054,-1.5752872228622437,69.29441833496094,415.73638916015625,0.0039,0
2026-05-02 15:37:34.107,1055,-1.5246005058288574,69.33038330078125,415.72723388671875,0.0019,0
2026-05-02 15:37:35.111,1056,-1.4739128351211548,69.36634063720703,415.7180480957031,0.0021,0
2026-05-02 15:37:36.114,1057,-1.4232244491577148,69.40230560302734,415.7089538574219,0.0031,0
2026-05-02 15:37:37.116,1058,-1.3725351095199585,69.4382553100586,415.6999206542969,0.0025,0
2026-05-02 15:37:38.116,1059,-1.3218451738357544,69.47421264648438,415.69091796875,0.0016,0
2026-05-02 15:37:39.122,1060,-1.2711542844772339,69.51016235351562,415.6819152832031,0.0028,0
2026-05-02 15:37:40.126,1061,-1.2204625606536865,69.54611206054688,415.6729431152344,0.0025,0
2026-05-02 15:37:41.129,1062,-1.169770359992981,69.58206939697266,415.6640319824219,0.0021,0
2026-05-02 15:37:42.131,1063,-1.1190773248672485,69.61801147460938,415.6551208496094,0.0021,0
2026-05-02 15:37:43.133,1064,-1.0683835744857788,69.65396118164062,415.6462707519531,0.0032,0
2026-05-02 15:37:44.139,1065,-1.0176892280578613,69.68991088867188,415.637451171875,0.0062,0
2026-05-02 15:37:45.136,1066,-0.9669942855834961,69.7258529663086,415.628662109375,0.0018,0
2026-05-02 15:37:46.143,1067,-0.9162986874580383,69.76179504394531,415.6199035644531,0.0024,0
2026-05-02 15:37:47.146,1068,-0.8656025528907776,69.79773712158203,415.6111755371094,0.004,0
2026-05-02 15:37:48.148,1069,-0.8149059414863586,69.83368682861328,415.6025085449219,0.0033,0
2026-05-02 15:37:49.151,1070,-0.7642086148262024,69.86962127685547,415.5938415527344,0.0026,0
2026-05-02 15:37:50.163,1071,-0.7135109901428223,69.90556335449219,415.585205078125,0.003,0
2026-05-02 15:37:51.166,1072,-0.6628127694129944,69.94149780273438,415.57666015625,0.0053,0
2026-05-02 15:37:52.163,1073,-0.6121141314506531,69.9774398803711,415.5680847167969,0.002,0
2026-05-02 15:37:53.165,1074,-0.5614150762557983,70.01338195800781,415.5596008300781,0.0024,0
2026-05-02 15:37:54.165,1075,-0.5107156038284302,70.04931640625,415.55108642578125,0.0023,0
2026-05-02 15:37:55.166,1076,-0.46001580357551575,70.08525085449219,415.54266357421875,0.0025,0
2026-05-02 15:37:56.166,1077,-0.4093156158924103,70.12118530273438,415.53424072265625,0.0024,0
2026-05-02 15:37:57.168,1078,-0.35861510038375854,70.1571273803711,415.52587890625,0.0021,0
2026-05-02 15:37:58.170,1079,-0.30791428685188293,70.19306182861328,415.51751708984375,0.0017,0
2026-05-02 15:37:59.172,1080,-0.25721320509910583,70.22899627685547,415.50921630859375,0.0018,0
2026-05-02 15:38:00.176,1081,-0.20651191473007202,70.26493072509766,415.5009460449219,0.0027,0
2026-05-02 15:38:01.178,1082,-0.1558103859424591,70.30087280273438,415.49267578125,0.0019,0
2026-05-02 15:38:02.181,1083,-0.1051086038351059,70.33679962158203,415.4844970703125,0.0025,0
2026-05-02 15:38:03.182,1084,-0.05440638214349747,70.37273406982422,415.476318359375,0.0018,0
2026-05-02 15:38:04.187,1085,-0.003704337403178215,70.4086685180664,415.46820068359375,0.0017,0
2026-05-02 15:38:05.190,1086,0.04699789360165596,70.4446029663086,415.4600830078125,0.0018,0
2026-05-02 15:38:06.190,1087,0.09770015627145767,70.48053741455078,415.4519958496094,0.0018,0
2026-05-02 15:38:07.194,1088,0.14840249717235565,70.5164794921875,415.4439697265625,0.0023,0
2026-05-02 15:38:08.195,1089,0.19910494983196259,70.55241394042969,415.43597412109375,0.0021,0
2026-05-02 15:38:09.198,1090,0.24980737268924713,70.58834838867188,415.4280090332031,0.0034,0
2026-05-02 15:38:10.197,1091,0.3005097508430481,70.62428283691406,415.42010498046875,0.002,0
2026-05-02 15:38:11.201,1092,0.35121217370033264,70.66021728515625,415.4122009277344,0.0046,0
2026-05-02 15:38:12.201,1093,0.4019145369529724,70.69615936279297,415.4043273925781,0.0027,0
2026-05-02 15:38:13.204,1094,0.45261678099632263,70.73209381103516,415.3965148925781,0.0023,0
2026-05-02 15:38:14.224,1095,0.5033189654350281,70.76803588867188,415.3887023925781,0.0029,0
2026-05-02 15:38:15.226,1096,0.5540210008621216,70.8039779663086,415.3809509277344,0.0021,0
2026-05-02 15:38:16.229,1097,0.6047228574752808,70.83991241455078,415.37322998046875,0.0022,0
2026-05-02 15:38:17.231,1098,0.6554245948791504,70.8758544921875,415.36553955078125,0.0024,0
2026-05-02 15:38:18.232,1099,0.7061261534690857,70.91179656982422,415.3578796386719,0.0026,0
2026-05-02 15:38:19.235,1100,0.7568273544311523,70.94773864746094,415.3502502441406,0.0019,0
2026-05-02 15:38:20.247,1101,0.8075284361839294,70.98368072509766,415.3426513671875,0.0041,0
2026-05-02 15:38:21.247,1102,0.8582291603088379,71.0196304321289,415.3351135253906,0.0019,0
2026-05-02 15:38:22.250,1103,0.9089295864105225,71.05557250976562,415.3276062011719,0.0027,0
2026-05-02 15:38:23.252,1104,0.9596297144889832,71.09152221679688,415.32012939453125,0.0027,0
2026-05-02 15:38:24.254,1105,1.0103294849395752,71.12747192382812,415.3126525878906,0.0026,0
2026-05-02 15:38:25.254,1106,1.0610289573669434,71.16342163085938,415.30523681640625,0.0019,0
2026-05-02 15:38:26.256,1107,1.1117278337478638,71.19937133789062,415.2978820800781,0.0016,0
2026-05-02 15:38:27.259,1108,1.1624263525009155,71.23532104492188,415.29052734375,0.0017,0
2026-05-02 15:38:28.289,1109,1.2131245136260986,71.27127838134766,415.2832336425781,0.0046,0
2026-05-02 15:38:29.293,1110,1.263822078704834,71.30723571777344,415.27593994140625,0.0024,0
2026-05-02 15:38:30.294,1111,1.3145191669464111,71.34319305419922,415.2687072753906,0.0024,0
2026-05-02 15:38:31.296,1112,1.3652158975601196,71.379150390625,415.2615051269531,0.0022,0
2026-05-02 15:38:32.299,1113,1.4159119129180908,71.41511535644531,415.2543029785156,0.0025,0
2026-05-02 15:38:33.299,1114,1.4666073322296143,71.4510726928711,415.2471923828125,0.0018,0
2026-05-02 15:38:34.302,1115,1.51730215549469,71.4870376586914,415.2400817871094,0.0034,0
2026-05-02 15:38:35.303,1116,1.5679963827133179,71.52301025390625,415.2330322265625,0.0022,0
2026-05-02 15:38:36.306,1117,1.6186898946762085,71.55897521972656,415.22601318359375,0.0015,0
2026-05-02 15:38:37.309,1118,1.6693828105926514,71.5949478149414,415.218994140625,0.0027,0
2026-05-02 15:38:38.318,1119,1.720075011253357,71.63092041015625,415.2120361328125,0.0038,0
2026-05-02 15:38:39.319,1120,1.7707664966583252,71.6668930053711,415.2051086425781,0.0019,0
2026-05-02 15:38:40.321,1121,1.8214571475982666,71.70287322998047,415.19818115234375,0.0016,0
2026-05-02 15:38:41.321,1122,1.8721472024917603,71.73885345458984,415.19134521484375,0.0016,0
2026-05-02 15:38:42.323,1123,1.922836184501648,71.77484130859375,415.1845397949219,0.0025,0
2026-05-02 15:38:43.329,1124,1.9735244512557983,71.81082153320312,415.1777038574219,0.0018,0
2026-05-02 15:38:44.330,1125,2.024211883544922,71.84680938720703,415.17095947265625,0.0023,0
2026-05-02 15:38:45.333,1126,2.0748984813690186,71.88279724121094,415.16424560546875,0.0028,0
2026-05-02 15:38:46.336,1127,2.125584125518799,71.91879272460938,415.1575622558594,0.004,0
2026-05-02 15:38:47.339,1128,2.1762688159942627,71.95478820800781,415.1509094238281,0.0026,0
2026-05-02 15:38:48.345,1129,2.22695255279541,71.99079132080078,415.144287109375,0.0032,0
2026-05-02 15:38:49.345,1130,2.277635335922241,72.02678680419922,415.1377258300781,0.0017,0
2026-05-02 15:38:50.347,1131,2.328317165374756,72.06278991699219,415.13116455078125,0.0029,0
2026-05-02 15:38:51.349,1132,2.378997802734375,72.09879302978516,415.1246643066406,0.0027,0
2026-05-02 15:38:52.369,1133,2.4296774864196777,72.13481140136719,415.1181945800781,0.0027,0
2026-05-02 15:38:53.377,1134,2.480355978012085,72.17081451416016,415.1117248535156,0.0028,0
2026-05-02 15:38:54.378,1135,2.531033515930176,72.20683288574219,415.1053161621094,0.002,0
2026-05-02 15:38:55.379,1136,2.581709861755371,72.24285888671875,415.09893798828125,0.003,0
2026-05-02 15:38:56.401,1137,2.63238525390625,72.27887725830078,415.09259033203125,0.003,0
2026-05-02 15:38:57.403,1138,2.683058977127075,72.31491088867188,415.0863037109375,0.0031,0
2026-05-02 15:38:58.404,1139,2.733731985092163,72.35093688964844,415.08001708984375,0.0021,0
2026-05-02 15:38:59.404,1140,2.7844035625457764,72.386962890625,415.07379150390625,0.0015,0
2026-05-02 15:39:00.405,1141,2.835073947906494,72.42300415039062,415.0675964355469,0.0021,0
2026-05-02 15:39:01.408,1142,2.885742664337158,72.45904541015625,415.0614318847656,0.0035,0
2026-05-02 15:39:02.409,1143,2.936410665512085,72.49508666992188,415.0552978515625,0.0039,0
2026-05-02 15:39:03.408,1144,2.987076997756958,72.53113555908203,415.0491943359375,0.0022,0
2026-05-02 15:39:04.409,1145,3.0377418994903564,72.56718444824219,415.04315185546875,0.0015,0
2026-05-02 15:39:05.412,1146,3.0884056091308594,72.60324096679688,415.0371398925781,0.002,0
2026-05-02 15:39:06.414,1147,3.1390678882598877,72.6393051147461,415.0311279296875,0.0021,0
2026-05-02 15:39:07.418,1148,3.1897284984588623,72.67536926269531,415.025146484375,0.0018,0
2026-05-02 15:39:08.421,1149,3.2403879165649414,72.71143341064453,415.0192565917969,0.0023,0
2026-05-02 15:39:09.425,1150,3.291045665740967,72.74750518798828,415.0133361816406,0.0046,0
2026-05-02 15:39:10.424,1151,3.3417019844055176,72.78358459472656,415.00750732421875,0.0019,0
2026-05-02 15:39:11.430,1152,3.3923566341400146,72.81966400146484,415.0016784667969,0.0027,0
2026-05-02 15:39:12.431,1153,3.443010091781616,72.85575103759766,414.99591064453125,0.0028,0
2026-05-02 15:39:13.432,1154,3.493661642074585,72.89183044433594,414.9901428222656,0.0028,0
2026-05-02 15:39:14.432,1155,3.544311761856079,72.92793273925781,414.98443603515625,0.002,0
2026-05-02 15:39:15.438,1156,3.5949599742889404,72.96402740478516,414.978759765625,0.0028,0
2026-05-02 15:39:16.440,1157,3.645606756210327,73.00012969970703,414.9731140136719,0.0026,0
2026-05-02 15:39:17.444,1158,3.696251630783081,73.03623962402344,414.9674987792969,0.0028,0
2026-05-02 15:39:18.447,1159,3.7468948364257812,73.07234954833984,414.9619445800781,0.0023,0
2026-05-02 15:39:19.449,1160,3.797536611557007,73.10846710205078,414.95635986328125,0.0028,0
2026-05-02 15:39:20.450,1161,3.8481764793395996,73.14458465576172,414.95086669921875,0.0023,0
2026-05-02 15:39:21.451,1162,3.8988144397735596,73.18070983886719,414.9454040527344,0.0022,0
2026-05-02 15:39:22.453,1163,3.9494504928588867,73.21684265136719,414.9399719238281,0.0018,0
2026-05-02 15:39:23.458,1164,4.00008487701416,73.25298309326172,414.9345703125,0.0017,0
2026-05-02 15:39:24.460,1165,4.050717353820801,73.28911590576172,414.92919921875,0.0019,0
2026-05-02 15:39:25.461,1166,4.101347923278809,73.32526397705078,414.92388916015625,0.0021,0
2026-05-02 15:39:26.461,1167,4.151976585388184,73.36141204833984,414.9185485839844,0.0016,0
2026-05-02 15:39:27.466,1168,4.202603340148926,73.39757537841797,414.9132995605469,0.0024,0
2026-05-02 15:39:28.468,1169,4.253228187561035,73.43373107910156,414.9080810546875,0.0019,0
2026-05-02 15:39:29.471,1170,4.3038506507873535,73.46990966796875,414.9028625488281,0.0038,0
2026-05-02 15:39:30.475,1171,4.354471206665039,73.5060806274414,414.897705078125,0.0024,0
2026-05-02 15:39:31.479,1172,4.40509033203125,73.54225158691406,414.8926086425781,0.0043,0
2026-05-02 15:39:32.477,1173,4.455706596374512,73.57843780517578,414.8875427246094,0.0018,0
2026-05-02 15:39:33.479,1174,4.506321430206299,73.61463165283203,414.8824768066406,0.0016,0
2026-05-02 15:39:34.481,1175,4.556933403015137,73.65082550048828,414.87744140625,0.002,0
2026-05-02 15:39:35.483,1176,4.6075439453125,73.68702697753906,414.8724670410156,0.0028,0
2026-05-02 15:39:36.484,1177,4.658152103424072,73.72322845458984,414.86749267578125,0.0025,0
2026-05-02 15:39:37.485,1178,4.708757400512695,73.75944519042969,414.8625793457031,0.0015,0
2026-05-02 15:39:38.487,1179,4.759361267089844,73.79566192626953,414.85772705078125,0.0021,0
2026-05-02 15:39:39.488,1180,4.809962749481201,73.8318862915039,414.8528747558594,0.0017,0
2026-05-02 15:39:40.491,1181,4.860561847686768,73.86811828613281,414.8480529785156,0.0022,0
2026-05-02 15:39:41.493,1182,4.911158561706543,73.90435791015625,414.8432922363281,0.0026,0
2026-05-02 15:39:42.495,1183,4.961752891540527,73.94060516357422,414.8385314941406,0.0024,0
2026-05-02 15:39:43.072,1185,45.37137222290039,55.79248809814453,241.9921875,0.0017,1
2026-05-02 15:39:44.073,1194,39.26863098144531,98.71939086914062,853.9451293945312,0.0019,1
2026-05-02 15:39:46.078,1197,-16.97016716003418,89.09074401855469,407.0341796875,0.0018,1
2026-05-02 15:39:51.088,1198,45.27651596069336,41.02344512939453,757.706298828125,0.0026,1
2026-05-02 15:39:53.090,1199,-13.594063758850098,31.4621524810791,242.96754455566406,0.0019,1
2026-05-02 15:39:54.092,1202,-33.1263427734375,99.9743423461914,873.6203002929688,0.0025,1
2026-05-02 15:39:56.093,1203,27.68671417236328,99.83160400390625,790.4312133789062,0.0022,1
2026-05-02 15:39:57.093,1206,-28.235872268676758,98.18280029296875,663.5119018554688,0.0016,1
2026-05-02 15:39:58.101,1210,-38.94700622558594,97.74031066894531,290.9778137207031,0.002,1
2026-05-02 15:40:00.104,1212,40.781532287597656,53.82875061035156,231.73782348632812,0.0029,1
2026-05-02 15:40:05.108,1214,30.129329681396484,91.58550262451172,407.09796142578125,0.0032,1
2026-05-02 15:40:09.110,1217,25.360437393188477,90.63056945800781,621.3394775390625,0.0017,1
2026-05-02 15:40:10.113,1219,37.8320426940918,43.98866653442383,652.6612548828125,0.0023,1
2026-05-02 15:40:13.118,1223,27.355060577392578,104.44805145263672,393.42303466796875,0.0022,1
2026-05-02 15:40:17.121,1229,26.18390655517578,45.16989517211914,540.8079223632812,0.002,1
2026-05-02 15:40:21.135,1233,-36.48171615600586,107.92100524902344,818.0917358398438,0.0015,1
2026-05-02 15:40:23.139,1235,22.4350643157959,47.8705940246582,488.2496032714844,0.0015,1
2026-05-02 15:40:27.149,1238,32.22297286987305,39.27553176879883,348.4104309082031,0.0027,1
2026-05-02 15:40:28.149,1240,29.46109390258789,111.04204559326172,310.60296630859375,0.0015,1
2026-05-02 15:40:31.156,1241,28.872196197509766,51.88641357421875,722.4248657226562,0.0029,1
2026-05-02 15:40:35.169,1243,-23.165117263793945,111.6766128540039,375.5616455078125,0.0024,1
2026-05-02 15:40:36.171,1244,-7.809205055236816,108.7278823852539,185.20440673828125,0.0024,1
2026-05-02 15:40:38.188,1247,49.95951843261719,56.35369873046875,226.9976806640625,0.003,1
2026-05-02 15:40:40.195,1249,-19.831565856933594,104.7685775756836,618.1378173828125,0.0018,1
2026-05-02 15:40:46.213,1255,39.0313720703125,45.44805908203125,534.4081420898438,0.0014,1
2026-05-02 15:40:48.230,1259,33.601531982421875,53.99968338012695,257.1690368652344,0.0015,1
2026-05-02 15:40:50.236,1262,-8.74278450012207,43.768890380859375,597.4780883789062,0.002,1
2026-05-02 15:40:52.238,1263,-31.806106567382812,98.45182800292969,572.1272583007812,0.0016,1
2026-05-02 15:40:57.254,1266,-24.254432678222656,105.95762634277344,650.687255859375,0.0015,1
2026-05-02 15:40:58.259,1269,37.9210205078125,53.23226547241211,855.705322265625,0.0018,1
2026-05-02 15:41:03.270,1270,-15.525691986083984,105.733642578125,370.58929443359375,0.0015,1
2026-05-02 15:41:04.280,1273,-12.35704517364502,60.87989807128906,135.7274169921875,0.0015,1
2026-05-02 15:41:05.284,1274,50.17789840698242,101.89453887939453,474.83673095703125,0.002,1
2026-05-02 15:41:06.285,1275,-21.112730026245117,36.779991149902344,484.2492980957031,0.0024,1
2026-05-02 15:41:07.288,1277,48.638519287109375,49.99728775024414,480.912353515625,0.0026,1
2026-05-02 15:41:13.313,1281,-7.583546161651611,47.76025390625,598.2230834960938,0.0016,1
2026-05-02 15:41:14.314,1285,36.90473175048828,108.94103240966797,329.0599365234375,0.0022,1
2026-05-02 15:41:20.319,1292,-6.024770736694336,54.437870025634766,779.1851196289062,0.0016,1
2026-05-02 15:41:22.327,1293,-14.310816764831543,98.87409210205078,525.1093139648438,0.0034,1
2026-05-02 15:41:25.333,1297,-7.432523250579834,111.893310546875,368.736328125,0.0017,1
2026-05-02 15:41:27.335,1298,31.933496475219727,93.91680908203125,313.343994140625,0.0016,1
2026-05-02 15:41:29.339,1299,51.85307693481445,93.01631164550781,513.3435668945312,0.0018,1
2026-05-02 15:41:30.339,1302,-5.986548900604248,46.437705993652344,591.9931640625,0.0014,1
2026-05-02 15:41:34.350,1305,54.84016036987305,103.04238891601562,247.46908569335938,0.0019,1
2026-05-02 15:41:37.359,1308,-6.96218204498291,115.25687408447266,479.2822570800781,0.0021,1
2026-05-02 15:41:44.377,1316,52.388545989990234,107.35132598876953,623.6698608398438,0.0018,1
2026-05-02 15:41:49.405,1319,-4.922455310821533,62.480777740478516,474.7570495605469,0.0061,1
2026-05-02 15:41:53.412,1324,-5.616671085357666,102.62860870361328,712.753173828125,0.0044,1
2026-05-02 15:41:55.417,1326,-21.70663833618164,42.69784927368164,159.1132049560547,0.0047,1
2026-05-02 15:41:57.422,1329,54.832881927490234,98.33328247070312,101.2141342163086,0.0061,1
2026-05-02 15:41:59.425,1331,-3.4485652446746826,44.32135772705078,358.0359191894531,0.0056,1
2026-05-02 15:42:03.447,1334,-13.911417007446289,107.7142562866211,383.0827331542969,0.0053,1
2026-05-02 15:42:06.449,1337,-27.072847366333008,123.22620391845703,261.94244384765625,0.003,1
2026-05-02 15:42:09.459,1338,-8.253896713256836,102.29129028320312,282.57794189453125,0.0051,1
2026-05-02 15:42:13.476,1341,28.93105125427246,47.122032165527344,252.89663696289062,0.0073,1
2026-05-02 15:42:15.477,1344,-14.73817253112793,39.190345764160156,211.7620086669922,0.0045,1
2026-05-02 15:42:16.479,1347,34.18353271484375,58.323604583740234,758.4601440429688,0.0046,1
2026-05-02 15:42:19.480,1348,-13.614684104919434,100.63355255126953,568.8367309570312,0.0015,1
2026-05-02 15:42:22.485,1351,39.84016799926758,48.0035514831543,178.72119140625,0.004,1
2026-05-02 15:42:24.490,1355,47.46171569824219,36.657440185546875,827.7962646484375,0.0048,1
2026-05-02 15:42:27.498,1359,38.87779235839844,99.73102569580078,533.9786987304688,0.005,1
2026-05-02 15:42:31.503,1360,46.55487060546875,41.34996032714844,212.4132080078125,0.0042,1
2026-05-02 15:42:33.514,1364,45.96337890625,115.59310913085938,483.08917236328125,0.0051,1
2026-05-02 15:42:35.514,1367,44.754173278808594,122.50446319580078,834.4215698242188,0.0036,1
2026-05-02 15:42:37.520,1369,-4.782166957855225,44.29970169067383,538.6987915039062,0.0063,1
2026-05-02 15:42:41.530,1371,57.83006286621094,58.12291717529297,717.6546630859375,0.0036,1
2026-05-02 15:42:43.531,1375,-27.393064498901367,118.44719696044922,859.1785888671875,0.0022,1
2026-05-02 15:42:52.543,1377,47.737098693847656,48.65907669067383,416.8092041015625,0.0023,1
2026-05-02 15:42:53.545,1381,-24.308013916015625,109.7629623413086,575.6049194335938,0.0017,1
2026-05-02 15:42:55.548,1387,-5.9298295974731445,46.59984588623047,506.4552917480469,0.0025,1
2026-05-02 15:42:59.567,1388,-15.27537727355957,61.66067886352539,278.0679931640625,0.0075,1
2026-05-02 15:43:02.579,1392,-24.243614196777344,123.15148162841797,658.7860107421875,0.0064,1
2026-05-02 15:43:03.579,1395,-4.6635308265686035,118.81543731689453,862.4052124023438,0.0061,1
2026-05-02 15:43:08.584,1399,-18.986478805541992,61.0268669128418,462.8087463378906,0.0042,1
2026-05-02 15:43:10.591,1402,47.77057647705078,100.97805786132812,147.14576721191406,0.0052,1
2026-05-02 15:43:16.604,1408,36.29931640625,62.241905212402344,856.2083740234375,0.0038,1
2026-05-02 15:43:21.608,1412,52.70075225830078,111.06778717041016,708.30615234375,0.0017,1
2026-05-02 15:43:24.612,1413,50.01131820678711,118.3458023071289,649.4317016601562,0.002,1
2026-05-02 15:43:25.618,1417,-11.503144264221191,42.200199127197266,882.169921875,0.0061,1
2026-05-02 15:43:27.623,1418,-7.628719806671143,105.82970428466797,323.68572998046875,0.0072,1
2026-05-02 15:43:29.625,1419,58.69782257080078,43.69597625732422,400.23663330078125,0.0052,1
2026-05-02 15:43:32.648,1420,-25.998973846435547,105.13223266601562,859.7078247070312,0.0047,1
2026-05-02 15:43:35.651,1426,-16.848363876342773,52.12797927856445,486.79437255859375,0.0041,1
2026-05-02 15:43:38.664,1427,-15.66167163848877,111.02603912353516,781.5301513671875,0.0062,1
2026-05-02 15:43:39.663,1429,33.743927001953125,48.47511291503906,403.56292724609375,0.005,1
2026-05-02 15:43:43.671,1430,-17.448673248291016,49.170799255371094,701.44677734375,0.0053,1
2026-05-02 15:43:44.674,1432,35.76664352416992,102.20249938964844,833.8895874023438,0.0044,1
2026-05-02 15:43:46.706,1438,53.418949127197266,109.02629089355469,726.8306884765625,0.022,1
2026-05-02 15:43:51.697,1440,-11.531331062316895,45.174835205078125,834.0936889648438,0.0048,1
2026-05-02 15:43:54.707,1442,47.22805404663086,55.69586944580078,490.1249084472656,0.0068,1
2026-05-02 15:43:55.709,1443,34.876407623291016,108.26206970214844,202.99351501464844,0.0041,1
2026-05-02 15:43:57.710,1449,37.91663360595703,46.48789596557617,685.5279541015625,0.0024,1
2026-05-02 15:44:01.716,1452,-3.2234437465667725,114.37842559814453,229.918701171875,0.0054,1
2026-05-02 15:44:04.723,1455,40.50871658325195,121.56182861328125,411.528564453125,0.0073,1
2026-05-02 15:44:08.728,1460,54.36970520019531,57.86362075805664,621.1193237304688,0.0033,1
2026-05-02 15:44:09.726,1461,-5.293215751647949,65.6204605102539,207.51593017578125,0.0014,1
2026-05-02 15:44:13.740,1463,-16.716564178466797,119.78861999511719,129.46481323242188,0.0033,1
2026-05-02 15:44:16.759,1465,-12.901531219482422,39.716739654541016,880.6248168945312,0.0047,1
2026-05-02 15:44:20.775,1471,52.814876556396484,120.99910736083984,179.3314666748047,0.0061,1
2026-05-02 15:44:24.797,1474,59.910396575927734,112.23428344726562,609.05908203125,0.0062,1
2026-05-02 15:44:30.815,1477,53.93208694458008,120.80078887939453,294.9979553222656,0.0059,1
2026-05-02 15:44:31.814,1482,-7.807052135467529,57.40456771850586,367.84820556640625,0.0042,1
2026-05-02 15:44:33.820,1484,-24.92914581298828,45.78459548950195,692.4878540039062,0.006,1
2026-05-02 15:44:45.485,1485,20.055212020874023,85.52513122558594,414.9281921386719,0.0055,0
2026-05-02 15:44:46.486,1486,20.103776931762695,85.56646728515625,414.9331359863281,0.0047,0
2026-05-02 15:44:47.490,1487,20.15233039855957,85.60782623291016,414.9380798339844,0.0051,0
2026-05-02 15:44:48.499,1488,20.20087242126465,85.64922332763672,414.9430847167969,0.0053,0
2026-05-02 15:44:49.500,1489,20.249401092529297,85.69063568115234,414.9480895996094,0.0051,0
2026-05-02 15:44:50.501,1490,20.29791831970215,85.73209381103516,414.9531555175781,0.003,0
2026-05-02 15:44:51.503,1491,20.346424102783203,85.77356719970703,414.9582214355469,0.0024,0
2026-05-02 15:44:52.504,1492,20.39491844177246,85.81507873535156,414.96331787109375,0.0024,0
2026-05-02 15:44:53.508,1493,20.443401336669922,85.85661315917969,414.96844482421875,0.003,0
2026-05-02 15:44:54.513,1494,20.491872787475586,85.8981704711914,414.9736022949219,0.0067,0
2026-05-02 15:44:55.514,1495,20.54033088684082,85.93976593017578,414.9787902832031,0.005,0
2026-05-02 15:44:56.512,1496,20.588777542114258,85.98139190673828,414.9839782714844,0.0025,0
2026-05-02 15:44:57.520,1497,20.637210845947266,86.02304077148438,414.9892272949219,0.0068,0
2026-05-02 15:44:58.523,1498,20.68563461303711,86.06472778320312,414.9944763183594,0.0055,0
2026-05-02 15:44:59.526,1499,20.734045028686523,86.10643768310547,414.999755859375,0.0058,0
2026-05-02 15:45:00.528,1500,20.782442092895508,86.14817810058594,415.00506591796875,0.0054,0
2026-05-02 15:45:01.549,1501,20.830829620361328,86.18994903564453,415.0104064941406,0.0059,0
2026-05-02 15:45:02.547,1502,20.879201889038086,86.23174285888672,415.0157775878906,0.0022,0
2026-05-02 15:45:03.550,1503,20.927562713623047,86.27357482910156,415.0211486816406,0.0023,0
2026-05-02 15:45:04.554,1504,20.97591209411621,86.31543731689453,415.02655029296875,0.0038,0
2026-05-02 15:45:05.558,1505,21.024250030517578,86.3573226928711,415.03204345703125,0.002,0
2026-05-02 15:45:06.563,1506,21.072574615478516,86.39924621582031,415.0374755859375,0.0023,0
2026-05-02 15:45:07.564,1507,21.120885848999023,86.44119262695312,415.04296875,0.0023,0
2026-05-02 15:45:08.569,1508,21.169185638427734,86.48316955566406,415.0484924316406,0.0025,0
2026-05-02 15:45:09.571,1509,21.217472076416016,86.52517700195312,415.05401611328125,0.0037,0
2026-05-02 15:45:10.584,1510,21.2657470703125,86.56721496582031,415.05963134765625,0.0091,0
2026-05-02 15:45:11.584,1511,21.314008712768555,86.60929107666016,415.0652160644531,0.0065,0
2026-05-02 15:45:12.582,1512,21.362258911132812,86.65138244628906,415.0708312988281,0.0021,0
2026-05-02 15:45:13.586,1513,21.41049575805664,86.69351959228516,415.0765075683594,0.0055,0
2026-05-02 15:45:14.590,1514,21.45871925354004,86.73568725585938,415.0821533203125,0.0047,0
2026-05-02 15:45:15.595,1515,21.50693130493164,86.77787780761719,415.0878601074219,0.0036,0
2026-05-02 15:45:16.606,1516,21.55512809753418,86.82009887695312,415.0935974121094,0.0053,0
2026-05-02 15:45:17.610,1517,21.603315353393555,86.86235046386719,415.0993347167969,0.0066,0
2026-05-02 15:45:18.612,1518,21.651485443115234,86.90463256835938,415.1051330566406,0.0056,0
2026-05-02 15:45:19.613,1519,21.69964599609375,86.94695281982422,415.1109313964844,0.0054,0
2026-05-02 15:45:20.619,1520,21.747793197631836,86.98930358886719,415.11676025390625,0.0043,0
2026-05-02 15:45:21.625,1521,21.795927047729492,87.03167724609375,415.12261962890625,0.0071,0
2026-05-02 15:45:22.633,1522,21.84404754638672,87.07408905029297,415.1285095214844,0.005,0
2026-05-02 15:45:23.636,1523,21.892154693603516,87.11653137207031,415.1343994140625,0.006,0
2026-05-02 15:45:24.637,1524,21.940250396728516,87.15900421142578,415.14031982421875,0.0058,0
2026-05-02 15:45:25.642,1525,21.988330841064453,87.20150756835938,415.1462707519531,0.0075,0
2026-05-02 15:45:26.649,1526,22.036399841308594,87.24404907226562,415.1522521972656,0.006,0
2026-05-02 15:45:27.651,1527,22.084455490112305,87.28661346435547,415.1582946777344,0.0063,0
2026-05-02 15:45:28.657,1528,22.132497787475586,87.32921600341797,415.164306640625,0.008,0
2026-05-02 15:45:29.656,1529,22.180524826049805,87.3718490600586,415.17034912109375,0.0057,0
2026-05-02 15:45:30.660,1530,22.228540420532227,87.41451263427734,415.17645263671875,0.0061,0
2026-05-02 15:45:31.663,1531,22.27654266357422,87.45720672607422,415.1825256347656,0.0037,0
2026-05-02 15:45:32.665,1532,22.32452964782715,87.49993133544922,415.18865966796875,0.0021,0
2026-05-02 15:45:33.680,1533,22.37250518798828,87.5427017211914,415.19482421875,0.0157,0
2026-05-02 15:45:34.669,1534,22.420467376708984,87.58548736572266,415.20098876953125,0.002,0
2026-05-02 15:45:35.670,1535,22.468412399291992,87.62831115722656,415.20721435546875,0.0021,0
2026-05-02 15:45:36.676,1536,22.516347885131836,87.67117309570312,415.21343994140625,0.0072,0
2026-05-02 15:45:37.678,1537,22.564268112182617,87.71406555175781,415.2196960449219,0.0024,0
2026-05-02 15:45:38.686,1538,22.61217498779297,87.75698852539062,415.2259826660156,0.0057,0
2026-05-02 15:45:39.710,1539,22.66006851196289,87.7999496459961,415.2322692871094,0.0189,0
2026-05-02 15:45:40.713,1540,22.707944869995117,87.84294128417969,415.23858642578125,0.0044,0
2026-05-02 15:45:41.711,1541,22.75581169128418,87.8859634399414,415.2449645996094,0.0031,0
2026-05-02 15:45:42.721,1542,22.80366325378418,87.92902374267578,415.2513427734375,0.0092,0
2026-05-02 15:45:43.724,1543,22.85150146484375,87.97211456298828,415.2577209472656,0.0071,0
2026-05-02 15:45:44.729,1544,22.899324417114258,88.01522827148438,415.26416015625,0.0079,0
2026-05-02 15:45:45.733,1545,22.947134017944336,88.05838775634766,415.2705993652344,0.0043,0
2026-05-02 15:45:46.737,1546,22.994930267333984,88.10157775878906,415.277099609375,0.0059,0
2026-05-02 15:45:47.745,1547,23.04271125793457,88.1447982788086,415.2835693359375,0.0073,0
2026-05-02 15:45:48.748,1548,23.090478897094727,88.18806457519531,415.29010009765625,0.0053,0
2026-05-02 15:45:49.755,1549,23.138233184814453,88.23135375976562,415.2966613769531,0.0069,0
2026-05-02 15:45:50.756,1550,23.185970306396484,88.27467346191406,415.30322265625,0.0068,0
2026-05-02 15:45:51.765,1551,23.23369598388672,88.31803131103516,415.309814453125,0.0073,0
2026-05-02 15:45:52.769,1552,23.28140640258789,88.3614273071289,415.3164367675781,0.0063,0
2026-05-02 15:45:53.772,1553,23.3291015625,88.40486145019531,415.32305908203125,0.0045,0
2026-05-02 15:45:54.776,1554,23.37678337097168,88.44831848144531,415.3297119140625,0.0057,0
2026-05-02 15:45:55.788,1555,23.42445182800293,88.49181365966797,415.3363952636719,0.0066,0
2026-05-02 15:45:56.791,1556,23.472103118896484,88.53534698486328,415.3431396484375,0.0061,0
2026-05-02 15:45:57.792,1557,23.519742965698242,88.57891082763672,415.3498840332031,0.0057,0
2026-05-02 15:45:58.792,1558,23.567365646362305,88.62251281738281,415.35662841796875,0.0036,0
2026-05-02 15:45:59.794,1559,23.61497688293457,88.66614532470703,415.3634033203125,0.0036,0
2026-05-02 15:46:00.806,1560,23.66257095336914,88.7098159790039,415.3702087402344,0.0059,0
2026-05-02 15:46:01.811,1561,23.71014976501465,88.7535171508789,415.3770446777344,0.0061,0
2026-05-02 15:46:02.813,1562,23.757715225219727,88.7972640991211,415.3839111328125,0.0062,0
2026-05-02 15:46:03.815,1563,23.805265426635742,88.84103393554688,415.3907775878906,0.004,0
2026-05-02 15:46:04.823,1564,23.852802276611328,88.88484191894531,415.3976745605469,0.0082,0
2026-05-02 15:46:05.823,1565,23.900320053100586,88.9286880493164,415.40460205078125,0.0039,0
2026-05-02 15:46:06.830,1566,23.947826385498047,88.97256469726562,415.4115295410156,0.0063,0
2026-05-02 15:46:07.838,1567,23.995319366455078,89.0164794921875,415.4184875488281,0.0044,0
2026-05-02 15:46:08.841,1568,24.04279327392578,89.06043243408203,415.4255065917969,0.0045,0
2026-05-02 15:46:09.848,1569,24.090255737304688,89.10442352294922,415.4325256347656,0.0061,0
2026-05-02 15:46:10.853,1570,24.1377010345459,89.14844512939453,415.4395751953125,0.006,0
2026-05-02 15:46:11.856,1571,24.185131072998047,89.1925048828125,415.4466247558594,0.0049,0
2026-05-02 15:46:12.859,1572,24.232545852661133,89.23660278320312,415.4537048339844,0.0062,0
2026-05-02 15:46:13.863,1573,24.279945373535156,89.28073120117188,415.4608154296875,0.0071,0
2026-05-02 15:46:14.865,1574,24.32733154296875,89.32489013671875,415.4679260253906,0.006,0
2026-05-02 15:46:15.867,1575,24.37470054626465,89.36909484863281,415.47509765625,0.0065,0
2026-05-02 15:46:16.871,1576,24.422054290771484,89.41333770751953,415.4822692871094,0.0077,0
2026-05-02 15:46:17.871,1577,24.469392776489258,89.4576187133789,415.4894714355469,0.0067,0
2026-05-02 15:46:18.874,1578,24.51671600341797,89.50192260742188,415.4966735839844,0.0069,0
2026-05-02 15:46:19.888,1579,24.564023971557617,89.54627227783203,415.5039367675781,0.0059,0
2026-05-02 15:46:20.900,1580,24.611316680908203,89.59066009521484,415.5111999511719,0.0065,0
2026-05-02 15:46:21.902,1581,24.658592224121094,89.63508605957031,415.5184631347656,0.0065,0
2026-05-02 15:46:22.911,1582,24.705854415893555,89.6795425415039,415.5257873535156,0.0063,0
2026-05-02 15:46:23.918,1583,24.75309944152832,89.72404479980469,415.5331115722656,0.0114,0
2026-05-02 15:46:24.914,1584,24.800329208374023,89.7685775756836,415.54046630859375,0.0067,0
2026-05-02 15:46:25.924,1585,24.847543716430664,89.81314086914062,415.5478515625,0.0104,0
2026-05-02 15:46:26.921,1586,24.89474105834961,89.85774993896484,415.55523681640625,0.0066,0
2026-05-02 15:46:27.931,1587,24.941923141479492,89.90239715576172,415.56268310546875,0.0055,0
2026-05-02 15:46:28.932,1588,24.98908805847168,89.94708251953125,415.57012939453125,0.0041,0
2026-05-02 15:46:29.936,1589,25.036239624023438,89.9917984008789,415.5776062011719,0.0065,0
2026-05-02 15:46:30.938,1590,25.0833740234375,90.03656005859375,415.5850524902344,0.0067,0
2026-05-02 15:46:31.945,1591,25.1304931640625,90.08135986328125,415.5925598144531,0.0087,0
2026-05-02 15:46:32.944,1592,25.177593231201172,90.12619018554688,415.60009765625,0.0067,0
2026-05-02 15:46:33.945,1593,25.224681854248047,90.17106628417969,415.607666015625,0.006,0
2026-05-02 15:46:34.949,1594,25.27174949645996,90.21597290039062,415.6152038574219,0.0073,0
2026-05-02 15:46:35.955,1595,25.318801879882812,90.26092529296875,415.6228332519531,0.0054,0
2026-05-02 15:46:36.966,1596,25.365840911865234,90.305908203125,415.63043212890625,0.0055,0
2026-05-02 15:46:37.970,1597,25.412860870361328,90.3509292602539,415.6380920410156,0.006,0
2026-05-02 15:46:38.971,1598,25.45986557006836,90.39599609375,415.645751953125,0.0021,0
2026-05-02 15:46:39.980,1599,25.506853103637695,90.44109344482422,415.6534423828125,0.005,0
2026-05-02 15:46:40.986,1600,25.55382537841797,90.48623657226562,415.6611328125,0.0056,0
2026-05-02 15:46:41.985,1601,25.600780487060547,90.53141784667969,415.6688537597656,0.0026,0
2026-05-02 15:46:42.991,1602,25.64771842956543,90.5766372680664,415.6766052246094,0.0059,0
2026-05-02 15:46:43.992,1603,25.69464111328125,90.62189483642578,415.68438720703125,0.0052,0
2026-05-02 15:46:44.992,1604,25.741544723510742,90.66719055175781,415.6921691894531,0.0038,0
2026-05-02 15:46:45.993,1605,25.788434982299805,90.7125244140625,415.6999816894531,0.004,0
2026-05-02 15:46:46.994,1606,25.835304260253906,90.75790405273438,415.7077941894531,0.0038,0
2026-05-02 15:46:47.998,1607,25.882160186767578,90.80331420898438,415.71563720703125,0.006,0
2026-05-02 15:46:49.005,1608,25.928998947143555,90.84876251220703,415.7235107421875,0.0059,0
2026-05-02 15:46:50.006,1609,26.02262306213379,90.93978881835938,415.73931884765625,0.0054,0
2026-05-02 15:46:51.007,1610,26.069412231445312,90.98536682128906,415.74725341796875,0.0035,0
2026-05-02 15:46:52.011,1611,26.116180419921875,91.03097534179688,415.7552185058594,0.0041,0
2026-05-02 15:46:53.016,1612,26.162933349609375,91.07662200927734,415.76318359375,0.0068,0
2026-05-02 15:46:54.019,1613,26.20966911315918,91.12232208251953,415.77117919921875,0.0058,0
2026-05-02 15:46:55.020,1614,26.25638771057129,91.16805267333984,415.7791748046875,0.0047,0
2026-05-02 15:46:56.024,1615,26.303089141845703,91.21382141113281,415.7872314453125,0.0071,0
2026-05-02 15:46:57.027,1616,26.34977149963379,91.25963592529297,415.7952880859375,0.0077,0
2026-05-02 15:46:58.045,1617,26.396438598632812,91.30548858642578,415.8033752441406,0.0072,0
2026-05-02 15:46:59.049,1618,26.44308853149414,91.35137939453125,415.81146240234375,0.0066,0
2026-05-02 15:47:00.047,1619,26.48971939086914,91.3973159790039,415.819580078125,0.0023,0
2026-05-02 15:47:01.055,1620,26.536333084106445,91.44329833984375,415.8277282714844,0.0071,0
2026-05-02 15:47:02.054,1621,26.582931518554688,91.48931121826172,415.83587646484375,0.0037,0
2026-05-02 15:47:03.062,1622,26.62950897216797,91.53536987304688,415.84405517578125,0.0068,0
2026-05-02 15:47:04.067,1623,26.676071166992188,91.58146667480469,415.8522644042969,0.0096,0
2026-05-02 15:47:05.066,1624,26.722612380981445,91.62760162353516,415.8604736328125,0.0068,0
2026-05-02 15:47:06.068,1625,26.769140243530273,91.67378234863281,415.86871337890625,0.0069,0
2026-05-02 15:47:07.065,1626,26.81564712524414,91.72000885009766,415.8769836425781,0.0023,0
2026-05-02 15:47:08.067,1627,26.862136840820312,91.76626586914062,415.88525390625,0.0023,0
2026-05-02 15:47:09.072,1628,26.90860939025879,91.81257629394531,415.8935546875,0.0056,0
2026-05-02 15:47:10.075,1629,26.955062866210938,91.85891723632812,415.9018859863281,0.0052,0
2026-05-02 15:47:11.081,1630,27.00149917602539,91.90531158447266,415.91021728515625,0.0051,0
2026-05-02 15:47:12.087,1631,27.04791831970215,91.95174407958984,415.9185485839844,0.0071,0
2026-05-02 15:47:13.092,1632,27.094318389892578,91.99820709228516,415.92694091796875,0.0075,0
2026-05-02 15:47:14.097,1633,27.14069938659668,92.04473114013672,415.9353332519531,0.0071,0
2026-05-02 15:47:15.100,1634,27.187063217163086,92.0912857055664,415.9437561035156,0.0034,0
2026-05-02 15:47:16.115,1635,27.233407974243164,92.13787841796875,415.9521789550781,0.0115,0
2026-05-02 15:47:17.111,1636,27.279735565185547,92.18452453613281,415.9606628417969,0.0059,0
2026-05-02 15:47:18.115,1637,27.3260440826416,92.23120880126953,415.9691162109375,0.0076,0
2026-05-02 15:47:19.118,1638,27.37233543395996,92.2779312133789,415.9776306152344,0.0058,0
2026-05-02 15:47:20.124,1639,27.41860580444336,92.32469940185547,415.9861145019531,0.0044,0
2026-05-02 15:47:21.132,1640,27.464859008789062,92.37151336669922,415.9946594238281,0.0037,0
2026-05-02 15:47:22.140,1641,27.511093139648438,92.41836547851562,416.0032043457031,0.007,0
2026-05-02 15:47:23.148,1642,27.557310104370117,92.46526336669922,416.01177978515625,0.0045,0
2026-05-02 15:47:24.152,1643,27.603506088256836,92.51219940185547,416.0203857421875,0.0063,0
2026-05-02 15:47:25.152,1644,27.64968490600586,92.55918884277344,416.0289611816406,0.0023,0
2026-05-02 15:47:26.158,1645,27.695844650268555,92.60620880126953,416.03759765625,0.0049,0
2026-05-02 15:47:27.171,1646,27.741985321044922,92.65328216552734,416.0462646484375,0.0103,0
2026-05-02 15:47:28.170,1647,27.78810691833496,92.70040130615234,416.0549011230469,0.0059,0
2026-05-02 15:47:29.177,1648,27.834209442138672,92.74755859375,416.0635986328125,0.0062,0
2026-05-02 15:47:30.178,1649,27.880294799804688,92.79476165771484,416.07232666015625,0.0026,0
2026-05-02 15:47:31.185,1650,27.926359176635742,92.84200286865234,416.0810241699219,0.008,0
2026-05-02 15:47:32.187,1651,27.97240447998047,92.88928985595703,416.0897521972656,0.006,0
2026-05-02 15:47:33.185,1652,28.018430709838867,92.9366226196289,416.0985107421875,0.0031,0
2026-05-02 15:47:34.190,1653,28.064437866210938,92.98399353027344,416.1072692871094,0.0062,0
2026-05-02 15:47:35.191,1654,28.11042594909668,93.03141784667969,416.1160888671875,0.0041,0
2026-05-02 15:47:36.195,1655,28.156394958496094,93.07888793945312,416.1249084472656,0.0064,0
2026-05-02 15:47:37.197,1656,28.202342987060547,93.12639617919922,416.13372802734375,0.0064,0
2026-05-02 15:47:38.551,1657,28.248271942138672,93.1739501953125,416.1425476074219,0.0083,0
2026-05-02 15:47:39.551,1658,28.2941837310791,93.22154998779297,416.15142822265625,0.0043,0
2026-05-02 15:47:40.551,1659,28.34007453918457,93.2691879272461,416.1603088378906,0.0023,0
2026-05-02 15:47:41.555,1660,28.385944366455078,93.31688690185547,416.1692199707031,0.0042,0
2026-05-02 15:47:42.556,1661,28.43179702758789,93.36461639404297,416.17816162109375,0.0038,0
2026-05-02 15:47:43.556,1662,28.477628707885742,93.41239166259766,416.1871032714844,0.0022,0
2026-05-02 15:47:44.561,1663,28.523439407348633,93.46022033691406,416.196044921875,0.002,0
2026-05-02 15:47:45.563,1664,28.569231033325195,93.50808715820312,416.2049865722656,0.0019,0
2026-05-02 15:47:46.566,1665,28.61500358581543,93.5560073852539,416.2139892578125,0.003,0
2026-05-02 15:47:47.567,1666,28.660755157470703,93.60396575927734,416.2229919433594,0.0023,0
2026-05-02 15:47:48.573,1667,28.70648956298828,93.65196990966797,416.2320251464844,0.0025,0
2026-05-02 15:47:49.579,1668,28.752201080322266,93.70001983642578,416.2410583496094,0.0057,0
2026-05-02 15:47:50.582,1669,28.79789161682129,93.74811553955078,416.2501220703125,0.0037,0
2026-05-02 15:47:51.587,1670,28.843564987182617,93.7962646484375,416.25921630859375,0.0059,0
2026-05-02 15:47:52.588,1671,28.889217376708984,93.84445190429688,416.268310546875,0.0036,0
2026-05-02 15:47:53.594,1672,28.934846878051758,93.89268493652344,416.27740478515625,0.0063,0
2026-05-02 15:47:54.597,1673,28.980459213256836,93.94096374511719,416.28656005859375,0.0044,0
2026-05-02 15:47:55.599,1674,29.026050567626953,93.98929595947266,416.2956848144531,0.0054,0
2026-05-02 15:47:56.605,1675,29.071617126464844,94.03766632080078,416.30487060546875,0.0085,0
2026-05-02 15:47:57.609,1676,29.117168426513672,94.08609771728516,416.31402587890625,0.0031,0
2026-05-02 15:47:58.612,1677,29.16269874572754,94.13455963134766,416.3232421875,0.0043,0
2026-05-02 15:47:59.619,1678,29.208208084106445,94.18307495117188,416.33245849609375,0.0075,0
2026-05-02 15:48:00.624,1679,29.253692626953125,94.23163604736328,416.3416748046875,0.0068,0
2026-05-02 15:48:01.626,1680,29.299161911010742,94.28024291992188,416.3509521484375,0.0059,0
2026-05-02 15:48:02.629,1681,29.344606399536133,94.32890319824219,416.3601989746094,0.006,0
2026-05-02 15:48:03.634,1682,29.390033721923828,94.37760162353516,416.3695068359375,0.0079,0
2026-05-02 15:48:04.636,1683,29.43543815612793,94.42635345458984,416.3787841796875,0.0075,0
2026-05-02 15:48:05.635,1684,29.48082160949707,94.47515106201172,416.3880920410156,0.0047,0
2026-05-02 15:48:06.656,1685,29.52618408203125,94.52400207519531,416.3974304199219,0.0145,0
2026-05-02 15:48:07.649,1686,29.57152557373047,94.57289123535156,416.4067687988281,0.0062,0
2026-05-02 15:48:08.648,1687,29.616844177246094,94.621826171875,416.4161682128906,0.0029,0
2026-05-02 15:48:09.656,1688,29.662145614624023,94.67081451416016,416.425537109375,0.0084,0
2026-05-02 15:48:10.656,1689,29.707422256469727,94.71985626220703,416.4349060058594,0.0062,0
2026-05-02 15:48:11.663,1690,29.7526798248291,94.76893615722656,416.4443359375,0.0066,0
2026-05-02 15:48:12.671,1691,29.79791259765625,94.81806945800781,416.4537353515625,0.0091,0
2026-05-02 15:48:13.672,1692,29.843128204345703,94.86724853515625,416.4632263183594,0.0062,0
2026-05-02 15:48:14.676,1693,29.888320922851562,94.9164810180664,416.47265625,0.0046,0
2026-05-02 15:48:15.685,1694,29.93349266052246,94.96575164794922,416.4821472167969,0.0047,0
2026-05-02 15:48:16.690,1695,29.978639602661133,95.01508331298828,416.4916687011719,0.0056,0
2026-05-02 15:48:17.696,1696,30.023765563964844,95.06446075439453,416.50115966796875,0.0066,0
2026-05-02 15:48:18.696,1697,30.068872451782227,95.11388397216797,416.51068115234375,0.0051,0
2026-05-02 15:48:19.698,1698,30.113956451416016,95.16336059570312,416.5202331542969,0.0049,0
2026-05-02 15:48:20.700,1699,30.15901756286621,95.21287536621094,416.52978515625,0.0046,0
2026-05-02 15:48:21.703,1700,30.204059600830078,95.262451171875,416.5393371582031,0.0068,0
2026-05-02 15:48:22.705,1701,30.24907684326172,95.31207275390625,416.5489501953125,0.0051,0
2026-05-02 15:48:23.708,1702,30.29407501220703,95.36174011230469,416.55853271484375,0.0064,0
2026-05-02 15:48:24.718,1703,30.339048385620117,95.41146087646484,416.5681457519531,0.0076,0
2026-05-02 15:48:25.718,1704,30.384000778198242,95.46122741699219,416.5777893066406,0.0056,0
2026-05-02 15:48:26.723,1705,30.428930282592773,95.51103973388672,416.5874328613281,0.0062,0
2026-05-02 15:48:27.730,1706,30.473838806152344,95.56092071533203,416.59710693359375,0.0059,0
2026-05-02 15:48:28.731,1707,30.518722534179688,95.61083221435547,416.6067810058594,0.0033,0
2026-05-02 15:48:29.739,1708,30.563583374023438,95.66080474853516,416.616455078125,0.0049,0
2026-05-02 15:48:30.742,1709,30.608423233032227,95.71082305908203,416.6261901855469,0.0034,0
2026-05-02 15:48:31.743,1710,30.653244018554688,95.76089477539062,416.6358947753906,0.0029,0
2026-05-02 15:48:32.750,1711,30.698040008544922,95.8110122680664,416.6456604003906,0.0051,0
2026-05-02 15:48:33.754,1712,30.74281120300293,95.86117553710938,416.6553955078125,0.0059,0
2026-05-02 15:48:34.759,1713,30.787559509277344,95.9113998413086,416.6651916503906,0.0068,0
2026-05-02 15:48:35.764,1714,30.832286834716797,95.961669921875,416.6749572753906,0.0047,0
2026-05-02 15:48:36.768,1715,30.876989364624023,96.01199340820312,416.68475341796875,0.0057,0
2026-05-02 15:48:37.770,1716,30.921672821044922,96.06236267089844,416.6945495605469,0.0043,0
2026-05-02 15:48:38.774,1717,30.966333389282227,96.11279296875,416.70440673828125,0.0066,0
2026-05-02 15:48:39.777,1718,31.010967254638672,96.16326141357422,416.7142639160156,0.0061,0
2026-05-02 15:48:40.782,1719,31.055580139160156,96.21379089355469,416.7240905761719,0.0084,0
2026-05-02 15:48:41.789,1720,31.100170135498047,96.26436614990234,416.7339782714844,0.0079,0
2026-05-02 15:48:42.797,1721,31.144733428955078,96.31499481201172,416.7438659667969,0.0099,0
2026-05-02 15:48:43.795,1722,31.18927764892578,96.36567687988281,416.7537536621094,0.0062,0
2026-05-02 15:48:44.799,1723,31.233795166015625,96.41641235351562,416.7637023925781,0.006,0
2026-05-02 15:48:45.809,1724,31.278291702270508,96.46719360351562,416.7735900878906,0.0065,0
2026-05-02 15:48:46.816,1725,31.322765350341797,96.51802825927734,416.7835388183594,0.0066,0
2026-05-02 15:48:47.823,1726,31.36721420288086,96.56891632080078,416.7934875488281,0.0081,0
2026-05-02 15:48:48.822,1727,31.411640167236328,96.61986541748047,416.803466796875,0.0029,0
2026-05-02 15:48:49.824,1728,31.456043243408203,96.67085266113281,416.8134765625,0.0032,0
2026-05-02 15:48:50.828,1729,31.50041961669922,96.7219009399414,416.8234558105469,0.0053,0
2026-05-02 15:48:51.830,1730,31.544775009155273,96.77299499511719,416.8334655761719,0.0051,0
2026-05-02 15:48:52.833,1731,31.5891056060791,96.82415008544922,416.843505859375,0.0058,0
2026-05-02 15:48:53.837,1732,31.633413314819336,96.8753433227539,416.8535461425781,0.0068,0
2026-05-02 15:48:54.842,1733,31.67769432067871,96.92660522460938,416.86358642578125,0.0074,0
2026-05-02 15:48:55.842,1734,31.721952438354492,96.97791290283203,416.8736572265625,0.0047,0
2026-05-02 15:48:56.844,1735,31.766189575195312,97.02928161621094,416.8837585449219,0.0055,0
2026-05-02 15:48:57.843,1736,31.810396194458008,97.0806884765625,416.8938293457031,0.0039,0
2026-05-02 15:48:58.847,1737,31.854585647583008,97.13216400146484,416.9039306640625,0.0056,0
2026-05-02 15:48:59.849,1738,31.898746490478516,97.18367767333984,416.9140625,0.005,0
2026-05-02 15:49:00.851,1739,31.942886352539062,97.2352523803711,416.9241943359375,0.0052,0
2026-05-02 15:49:01.855,1740,31.986997604370117,97.2868881225586,416.9343566894531,0.0072,0
2026-05-02 15:49:02.860,1741,32.03108596801758,97.33856964111328,416.9444885253906,0.0052,0
2026-05-02 15:49:03.861,1742,32.07515335083008,97.39030456542969,416.9546813964844,0.0055,0
2026-05-02 15:49:04.864,1743,32.11919021606445,97.44209289550781,416.9648742675781,0.005,0
2026-05-02 15:49:05.871,1744,32.163204193115234,97.49394226074219,416.9750671386719,0.0042,0
2026-05-02 15:49:06.884,1745,32.20719528198242,97.54583740234375,416.98529052734375,0.0088,0
2026-05-02 15:49:07.885,1746,32.25115966796875,97.59779357910156,416.9955139160156,0.0056,0
2026-05-02 15:49:08.886,1747,32.295101165771484,97.6498031616211,417.0057067871094,0.003,0
2026-05-02 15:49:09.889,1748,32.33901596069336,97.70186614990234,417.0159606933594,0.0035,0
2026-05-02 15:49:10.890,1749,32.38290786743164,97.75398254394531,417.0262451171875,0.0026,0
2026-05-02 15:49:11.892,1750,32.42677307128906,97.80615234375,417.0365295410156,0.0025,0
2026-05-02 15:49:12.894,1751,32.470611572265625,97.85838317871094,417.04681396484375,0.0022,0
2026-05-02 15:49:13.899,1752,32.51443099975586,97.91065979003906,417.05712890625,0.0055,0
2026-05-02 15:49:14.913,1753,32.5582160949707,97.96299743652344,417.06744384765625,0.0061,0
2026-05-02 15:49:15.925,1754,32.60198211669922,98.01539611816406,417.0777587890625,0.0065,0
2026-05-02 15:49:16.936,1755,32.645721435546875,98.06783294677734,417.0881042480469,0.0147,0
2026-05-02 15:49:17.932,1756,32.68943405151367,98.1203384399414,417.09844970703125,0.0056,0
2026-05-02 15:49:18.938,1757,32.73311996459961,98.17289733886719,417.10882568359375,0.0061,0
2026-05-02 15:49:19.946,1758,32.77678680419922,98.22551727294922,417.11920166015625,0.0077,0
2026-05-02 15:49:20.949,1759,32.8204231262207,98.27818298339844,417.12957763671875,0.0049,0
2026-05-02 15:49:21.955,1760,32.86403274536133,98.3309097290039,417.13995361328125,0.0069,0
2026-05-02 15:49:22.958,1761,32.90761947631836,98.3836898803711,417.1503601074219,0.0079,0
2026-05-02 15:49:23.959,1762,32.95117950439453,98.43653106689453,417.1607666015625,0.0063,0
2026-05-02 15:49:24.962,1763,32.994712829589844,98.48942565917969,417.17120361328125,0.006,0
2026-05-02 15:49:25.960,1764,33.0382194519043,98.54237365722656,417.1816711425781,0.003,0
2026-05-02 15:49:26.963,1765,33.08169937133789,98.59538269042969,417.192138671875,0.0045,0
2026-05-02 15:49:27.974,1766,33.125152587890625,98.64845275878906,417.2026062011719,0.0064,0
2026-05-02 15:49:28.969,1767,33.168582916259766,98.70156860351562,417.21307373046875,0.0018,0
2026-05-02 15:49:29.971,1768,33.21198654174805,98.75474548339844,417.22357177734375,0.0019,0
2026-05-02 15:49:30.972,1769,33.2553596496582,98.8079833984375,417.23406982421875,0.002,0
2026-05-02 15:49:31.973,1770,33.29871368408203,98.86127471923828,417.2445983886719,0.0019,0
2026-05-02 15:49:32.974,1771,33.34203338623047,98.91461944580078,417.255126953125,0.002,0
2026-05-02 15:49:33.975,1772,33.38533020019531,98.96802520751953,417.2656555175781,0.002,0
2026-05-02 15:49:34.976,1773,33.4286003112793,99.02149200439453,417.27618408203125,0.002,0
2026-05-02 15:49:35.977,1774,33.47184371948242,99.07501220703125,417.2867431640625,0.0019,0
2026-05-02 15:49:36.978,1775,33.51506042480469,99.12859344482422,417.29730224609375,0.0018,0
2026-05-02 15:49:37.981,1776,33.558250427246094,99.1822280883789,417.3078918457031,0.0018,0
2026-05-02 15:49:38.983,1777,33.60141372680664,99.23592376708984,417.3185119628906,0.0021,0
2026-05-02 15:49:39.984,1778,33.64455032348633,99.2896728515625,417.3291015625,0.0022,0
2026-05-02 15:49:40.986,1779,33.68765640258789,99.3434829711914,417.3397216796875,0.0024,0
2026-05-02 15:49:41.990,1780,33.730735778808594,99.39735412597656,417.350341796875,0.0019,0
2026-05-02 15:49:42.990,1781,33.77378845214844,99.45128631591797,417.3609619140625,0.0015,0
2026-05-02 15:49:43.991,1782,33.81681823730469,99.5052719116211,417.3716125488281,0.0016,0
2026-05-02 15:49:44.993,1783,33.85981750488281,99.55931091308594,417.3822937011719,0.0019,0
2026-05-02 15:49:45.994,1784,33.90278625488281,99.61341094970703,417.3929443359375,0.002,0
2026-05-02 15:49:46.996,1785,33.94573211669922,99.66757202148438,417.40362548828125,0.0018,0
2026-05-02 15:49:47.998,1786,33.988651275634766,99.7218017578125,417.414306640625,0.0019,0
2026-05-02 15:49:49.000,1787,34.03153991699219,99.77607727050781,417.42498779296875,0.0023,0
2026-05-02 15:49:50.005,1788,34.11723709106445,99.88481903076172,417.4464416503906,0.0024,0
2026-05-02 15:49:51.005,1789,34.16004180908203,99.93927001953125,417.4571533203125,0.0022,0
2026-05-02 15:49:52.006,1790,34.202816009521484,99.99378967285156,417.4678955078125,0.0021,0
2026-05-02 15:49:53.009,1791,34.245567321777344,100.0483627319336,417.4786682128906,0.0023,0
2026-05-02 15:49:54.014,1792,34.288291931152344,100.1030044555664,417.4894104003906,0.0024,0
2026-05-02 15:49:55.015,1793,34.33098220825195,100.15769958496094,417.50018310546875,0.0016,0
2026-05-02 15:49:56.025,1794,34.3736457824707,100.21246337890625,417.5109558105469,0.0022,0
2026-05-02 15:49:57.032,1795,34.41628646850586,100.26727294921875,417.5217590332031,0.0024,0
2026-05-02 15:49:58.034,1796,34.458892822265625,100.32215118408203,417.53253173828125,0.0032,0
2026-05-02 15:49:59.036,1797,34.5014762878418,100.37709045410156,417.5433349609375,0.0024,0
2026-05-02 15:50:00.045,1798,34.54402160644531,100.43208312988281,417.5541687011719,0.0056,0
2026-05-02 15:50:01.050,1799,34.5865478515625,100.48714447021484,417.56500244140625,0.0019,0
2026-05-02 15:50:02.053,1800,34.62904357910156,100.5422592163086,417.5758056640625,0.0022,0
2026-05-02 15:50:03.054,1801,34.671504974365234,100.59744262695312,417.5867004394531,0.0028,0
2026-05-02 15:50:04.060,1802,34.71394348144531,100.6526870727539,417.5975341796875,0.0024,0
2026-05-02 15:50:05.061,1803,34.756351470947266,100.70799255371094,417.6083679199219,0.0018,0
2026-05-02 15:50:06.066,1804,34.79873275756836,100.76335144042969,417.6192626953125,0.0021,0
2026-05-02 15:50:07.067,1805,34.84107971191406,100.81877899169922,417.6301574707031,0.0018,0
2026-05-02 15:50:08.069,1806,34.883399963378906,100.874267578125,417.6410217285156,0.0019,0
2026-05-02 15:50:09.073,1807,34.925689697265625,100.9298095703125,417.6519470214844,0.002,0
2026-05-02 15:50:10.077,1808,34.967952728271484,100.98542022705078,417.662841796875,0.0024,0
2026-05-02 15:50:11.078,1809,35.01018524169922,101.04109191894531,417.6737365722656,0.0019,0
2026-05-02 15:50:12.079,1810,35.05238723754883,101.09681701660156,417.6846923828125,0.0021,0
2026-05-02 15:50:13.082,1811,35.09455871582031,101.15261840820312,417.69561767578125,0.0024,0
2026-05-02 15:50:14.082,1812,35.1367073059082,101.2084732055664,417.7065734863281,0.0021,0
2026-05-02 15:50:15.089,1813,35.1788215637207,101.26438903808594,417.717529296875,0.0046,0
2026-05-02 15:50:16.088,1814,35.22090530395508,101.32037353515625,417.72845458984375,0.0019,0
2026-05-02 15:50:17.089,1815,35.26295852661133,101.37641906738281,417.7394714355469,0.0018,0
2026-05-02 15:50:18.094,1816,35.30498123168945,101.43252563476562,417.75042724609375,0.0032,0
2026-05-02 15:50:19.110,1817,35.34697723388672,101.48869323730469,417.76141357421875,0.0032,0
2026-05-02 15:50:20.113,1818,35.38894271850586,101.54492950439453,417.77239990234375,0.0016,0
2026-05-02 15:50:21.116,1819,35.43087387084961,101.6012191772461,417.7834167480469,0.0021,0
2026-05-02 15:50:22.133,1820,35.472782135009766,101.65757751464844,417.79443359375,0.0031,0
2026-05-02 15:50:23.138,1821,35.51465606689453,101.71400451660156,417.8054504394531,0.0032,0
2026-05-02 15:50:24.142,1822,35.55649948120117,101.7704849243164,417.81646728515625,0.0026,0
2026-05-02 15:50:25.145,1823,35.59831237792969,101.8270263671875,417.8275146484375,0.0023,0
2026-05-02 15:50:26.146,1824,35.64009475708008,101.8836441040039,417.83856201171875,0.0022,0
2026-05-02 15:50:27.148,1825,35.68184280395508,101.94032287597656,417.8495788574219,0.0021,0
2026-05-02 15:50:28.152,1826,35.723567962646484,101.99706268310547,417.86065673828125,0.0023,0
2026-05-02 15:50:29.153,1827,35.7652587890625,102.0538558959961,417.8717041015625,0.0027,0
2026-05-02 15:50:30.159,1828,35.806915283203125,102.11072540283203,417.8828125,0.0034,0
2026-05-02 15:50:31.165,1829,35.84854507446289,102.16765594482422,417.89385986328125,0.0032,0
2026-05-02 15:50:32.168,1830,35.890140533447266,102.22465515136719,417.90496826171875,0.003,0
2026-05-02 15:50:33.171,1831,35.93170928955078,102.2817153930664,417.91607666015625,0.0029,0
2026-05-02 15:50:34.175,1832,35.973243713378906,102.33883666992188,417.92718505859375,0.0033,0
2026-05-02 15:50:35.174,1833,36.014747619628906,102.39602661132812,417.93829345703125,0.0021,0
2026-05-02 15:50:36.178,1834,36.05622100830078,102.45327758789062,417.94940185546875,0.0019,0
2026-05-02 15:50:37.179,1835,36.09766387939453,102.5105972290039,417.9605407714844,0.002,0
2026-05-02 15:50:38.181,1836,36.139068603515625,102.56797790527344,417.9716796875,0.0023,0
2026-05-02 15:50:39.182,1837,36.18044662475586,102.62541961669922,417.9828186035156,0.0022,0
2026-05-02 15:50:40.183,1838,36.22179412841797,102.68293762207031,417.99395751953125,0.002,0
2026-05-02 15:50:41.189,1839,36.26311111450195,102.74051666259766,418.005126953125,0.0028,0
2026-05-02 15:50:42.189,1840,36.30438995361328,102.79815673828125,418.01629638671875,0.002,0
2026-05-02 15:50:43.192,1841,36.34564208984375,102.85587310791016,418.0274353027344,0.0026,0
2026-05-02 15:50:44.232,1842,36.386863708496094,102.91364288330078,418.03863525390625,0.0041,0
2026-05-02 15:50:45.234,1843,36.42804718017578,102.97148895263672,418.0498046875,0.0022,0
2026-05-02 15:50:46.241,1844,36.46920394897461,103.0293960571289,418.0610046386719,0.0025,0
2026-05-02 15:50:47.244,1845,36.51032638549805,103.08736419677734,418.0721740722656,0.002,0
2026-05-02 15:50:48.245,1846,36.551414489746094,103.1454086303711,418.0834045410156,0.0026,0
2026-05-02 15:50:49.251,1847,36.59247589111328,103.20350646972656,418.0946044921875,0.0021,0
2026-05-02 15:50:50.256,1848,36.63349914550781,103.26168060302734,418.1058044433594,0.0046,0
2026-05-02 15:50:51.254,1849,36.67449188232422,103.31991577148438,418.1170349121094,0.0017,0
2026-05-02 15:50:52.256,1850,36.7154541015625,103.37821960449219,418.1282958984375,0.0017,0
2026-05-02 15:50:53.257,1851,36.756378173828125,103.43659973144531,418.1394958496094,0.0018,0
2026-05-02 15:50:54.259,1852,36.797271728515625,103.49502563476562,418.1507568359375,0.0027,0
2026-05-02 15:50:55.264,1853,36.838134765625,103.55353546142578,418.1619873046875,0.0022,0
2026-05-02 15:50:56.265,1854,36.878963470458984,103.61210632324219,418.1732482910156,0.0023,0
2026-05-02 15:50:57.266,1855,36.91975784301758,103.67074584960938,418.18450927734375,0.0023,0
2026-05-02 15:50:58.269,1856,36.96052169799805,103.72945404052734,418.1957702636719,0.0029,0
2026-05-02 15:50:59.270,1857,37.00124740600586,103.7882308959961,418.20703125,0.0019,0
2026-05-02 15:51:00.272,1858,37.04194641113281,103.8470687866211,418.21832275390625,0.002,0
2026-05-02 15:51:01.276,1859,37.08260726928711,103.90597534179688,418.2295837402344,0.0027,0
2026-05-02 15:51:02.277,1860,37.12323760986328,103.96495056152344,418.24090576171875,0.0015,0
2026-05-02 15:51:03.281,1861,37.1638298034668,104.02400207519531,418.252197265625,0.0022,0
2026-05-02 15:51:04.283,1862,37.20439147949219,104.0831069946289,418.26348876953125,0.0023,0
2026-05-02 15:51:05.313,1863,37.24491882324219,104.14228820800781,418.2747802734375,0.0034,0
2026-05-02 15:51:06.313,1864,37.2854118347168,104.2015380859375,418.2861022949219,0.0018,0
2026-05-02 15:51:07.315,1865,37.32587432861328,104.26085662841797,418.2973937988281,0.0023,0
2026-05-02 15:51:08.317,1866,37.36629867553711,104.32023620605469,418.3087463378906,0.002,0
2026-05-02 15:51:09.319,1867,37.40668869018555,104.37969207763672,418.320068359375,0.002,0
2026-05-02 15:51:10.322,1868,37.44704818725586,104.43922424316406,418.3314208984375,0.0031,0
2026-05-02 15:51:11.324,1869,37.487369537353516,104.49880981445312,418.34271240234375,0.0023,0
2026-05-02 15:51:12.324,1870,37.52765655517578,104.5584716796875,418.35406494140625,0.0021,0
2026-05-02 15:51:13.325,1871,37.56791687011719,104.61820220947266,418.36541748046875,0.0016,0
2026-05-02 15:51:14.326,1872,37.60813522338867,104.67799377441406,418.37677001953125,0.0018,0
2026-05-02 15:51:15.326,1873,37.6483154296875,104.73786163330078,418.38812255859375,0.0017,0
2026-05-02 15:51:16.332,1874,37.68846893310547,104.79780578613281,418.3995056152344,0.0017,0
2026-05-02 15:51:17.334,1875,37.72858428955078,104.8578109741211,418.4108581542969,0.0017,0
2026-05-02 15:51:18.342,1876,37.7686653137207,104.91788482666016,418.4222106933594,0.0023,0
2026-05-02 15:51:19.343,1877,37.808712005615234,104.97803497314453,418.43359375,0.0017,0
2026-05-02 15:51:20.345,1878,37.84872055053711,105.03824615478516,418.44500732421875,0.0016,0
2026-05-02 15:51:21.348,1879,37.888694763183594,105.0985336303711,418.45635986328125,0.0027,0
2026-05-02 15:51:22.350,1880,37.92863845825195,105.15888977050781,418.4677429199219,0.0022,0
2026-05-02 15:51:23.375,1881,37.968544006347656,105.21931457519531,418.4791564941406,0.0046,0
2026-05-02 15:51:24.376,1882,38.0084114074707,105.27981567382812,418.4905700683594,0.0021,0
2026-05-02 15:51:25.376,1883,38.04824447631836,105.34038543701172,418.5019836425781,0.0019,0
2026-05-02 15:51:26.377,1884,38.088043212890625,105.4010238647461,418.51336669921875,0.0018,0
2026-05-02 15:51:27.381,1885,38.1278076171875,105.46172332763672,418.5247802734375,0.0021,0
2026-05-02 15:51:28.386,1886,38.16753387451172,105.52249908447266,418.53619384765625,0.0019,0
2026-05-02 15:51:29.387,1887,38.20722579956055,105.5833511352539,418.547607421875,0.0023,0
2026-05-02 15:51:30.389,1888,38.24687576293945,105.64427947998047,418.55902099609375,0.0025,0
2026-05-02 15:51:31.398,1889,38.286495208740234,105.70526123046875,418.5704650878906,0.0018,0
2026-05-02 15:51:32.399,1890,38.326080322265625,105.76632690429688,418.5818786621094,0.0018,0
2026-05-02 15:51:33.403,1891,38.36562728881836,105.82746124267578,418.59332275390625,0.0021,0
2026-05-02 15:51:34.407,1892,38.40513610839844,105.888671875,418.604736328125,0.0018,0
2026-05-02 15:51:35.408,1893,38.444610595703125,105.94994354248047,418.6162109375,0.0019,0
2026-05-02 15:51:36.409,1894,38.484046936035156,106.01129150390625,418.6276550292969,0.0021,0
2026-05-02 15:51:37.412,1895,38.5234489440918,106.07271575927734,418.63909912109375,0.0024,0
2026-05-02 15:51:38.423,1896,38.56281280517578,106.13420867919922,418.65057373046875,0.0049,0
2026-05-02 15:51:39.423,1897,38.60213851928711,106.1957778930664,418.6619873046875,0.0018,0
2026-05-02 15:51:40.424,1898,38.64142990112305,106.25740814208984,418.6734619140625,0.0015,0
2026-05-02 15:51:41.425,1899,38.68068313598633,106.3191146850586,418.6849365234375,0.0015,0
2026-05-02 15:51:42.430,1900,38.71989822387695,106.38089752197266,418.6964111328125,0.0028,0
2026-05-02 15:51:43.434,1901,38.75907516479492,106.44275665283203,418.7078857421875,0.0022,0
2026-05-02 15:51:44.438,1902,38.798221588134766,106.50467681884766,418.7193298339844,0.0019,0
2026-05-02 15:51:45.441,1903,38.83732223510742,106.5666732788086,418.7308044433594,0.0019,0
2026-05-02 15:51:46.446,1904,38.87638854980469,106.62874603271484,418.7422790527344,0.0029,0
2026-05-02 15:51:47.452,1905,38.91542053222656,106.6908950805664,418.7537841796875,0.002,0
2026-05-02 15:51:48.452,1906,38.954410552978516,106.75311279296875,418.7652587890625,0.0018,0
2026-05-02 15:51:49.454,1907,38.99336624145508,106.81539916992188,418.7767639160156,0.0027,0
2026-05-02 15:51:50.454,1908,39.03227996826172,106.87776184082031,418.7882385253906,0.0016,0
2026-05-02 15:51:51.455,1909,39.07115936279297,106.94020080566406,418.7997131347656,0.0017,0
2026-05-02 15:51:52.456,1910,39.1099967956543,107.00271606445312,418.81121826171875,0.0015,0
2026-05-02 15:51:53.457,1911,39.148799896240234,107.06529998779297,418.8227233886719,0.0017,0
2026-05-02 15:51:54.458,1912,39.187564849853516,107.1279525756836,418.834228515625,0.0015,0
2026-05-02 15:51:55.460,1913,39.22629165649414,107.19068908691406,418.8457336425781,0.0021,0
2026-05-02 15:51:56.466,1914,39.264976501464844,107.25349426269531,418.8572082519531,0.0023,0
2026-05-02 15:51:57.470,1915,39.303627014160156,107.31636810302734,418.8687438964844,0.0028,0
2026-05-02 15:51:58.471,1916,39.34223937988281,107.37932586669922,418.8802490234375,0.0026,0
2026-05-02 15:51:59.477,1917,39.38080978393555,107.44235229492188,418.8917541503906,0.0029,0
2026-05-02 15:52:00.478,1918,39.419342041015625,107.50545501708984,418.9032897949219,0.002,0
2026-05-02 15:52:01.478,1919,39.45783615112305,107.5686264038086,418.914794921875,0.0021,0
2026-05-02 15:52:02.479,1920,39.49628829956055,107.63188171386719,418.9263000488281,0.0021,0
2026-05-02 15:52:03.480,1921,39.534706115722656,107.69520568847656,418.93780517578125,0.0025,0
2026-05-02 15:52:04.483,1922,39.573081970214844,107.75861358642578,418.9493408203125,0.0028,0
2026-05-02 15:52:05.487,1923,39.611419677734375,107.82208251953125,418.96087646484375,0.002,0
2026-05-02 15:52:06.488,1924,39.649715423583984,107.88563537597656,418.972412109375,0.0026,0
2026-05-02 15:52:07.493,1925,39.6879768371582,107.94926452636719,418.98394775390625,0.0026,0
2026-05-02 15:52:08.497,1926,39.726192474365234,108.0129623413086,418.9954833984375,0.0025,0
2026-05-02 15:52:09.501,1927,39.764373779296875,108.07673645019531,419.0069885253906,0.003,0
2026-05-02 15:52:10.501,1928,39.802513122558594,108.14058685302734,419.0185241699219,0.0026,0
2026-05-02 15:52:11.503,1929,39.840614318847656,108.20452117919922,419.0300598144531,0.0028,0
2026-05-02 15:52:12.510,1930,39.8786735534668,108.26851654052734,419.0415954589844,0.0035,0
2026-05-02 15:52:13.511,1931,39.91669464111328,108.33259582519531,419.0531311035156,0.0022,0
2026-05-02 15:52:14.514,1932,39.954673767089844,108.3967514038086,419.0646667480469,0.0039,0
2026-05-02 15:52:15.514,1933,39.992610931396484,108.46097564697266,419.0762023925781,0.0026,0
2026-05-02 15:52:16.516,1934,40.03050994873047,108.52528381347656,419.0877380371094,0.0026,0
2026-05-02 15:52:17.517,1935,40.0683708190918,108.58966827392578,419.0992736816406,0.0016,0
2026-05-02 15:52:18.518,1936,40.10618591308594,108.65412902832031,419.1108093261719,0.0022,0
2026-05-02 15:52:19.522,1937,40.14396667480469,108.71865844726562,419.12237548828125,0.0022,0
2026-05-02 15:52:20.524,1938,40.18170166015625,108.78327178955078,419.1339111328125,0.0027,0
2026-05-02 15:52:21.525,1939,40.219398498535156,108.84796142578125,419.1454772949219,0.0026,0
2026-05-02 15:52:22.533,1940,40.25705337524414,108.91272735595703,419.1570129394531,0.0025,0
2026-05-02 15:52:23.535,1941,40.2946662902832,108.97756958007812,419.1685485839844,0.0023,0
2026-05-02 15:52:24.538,1942,40.33224105834961,109.04248809814453,419.1800842285156,0.0017,0
2026-05-02 15:52:25.540,1943,40.36977005004883,109.10748291015625,419.191650390625,0.0016,0
2026-05-02 15:52:26.545,1944,40.40726089477539,109.17255401611328,419.20318603515625,0.0021,0
2026-05-02 15:52:27.550,1945,40.44470977783203,109.23770141601562,419.2147521972656,0.002,0
2026-05-02 15:52:28.553,1946,40.48211669921875,109.30293273925781,419.226318359375,0.0018,0
2026-05-02 15:52:29.557,1947,40.51948165893555,109.36823272705078,419.23785400390625,0.0022,0
2026-05-02 15:52:30.560,1948,40.55680465698242,109.4336166381836,419.2494201660156,0.002,0
2026-05-02 15:52:31.564,1949,40.59408950805664,109.49907684326172,419.26092529296875,0.0019,0
2026-05-02 15:52:32.573,1950,40.63132858276367,109.56461334228516,419.2724914550781,0.0024,0
2026-05-02 15:52:33.574,1951,40.66852569580078,109.63023376464844,419.2840576171875,0.0019,0
2026-05-02 15:52:34.576,1952,40.705684661865234,109.6959228515625,419.29559326171875,0.002,0
2026-05-02 15:52:35.578,1953,40.742794036865234,109.7616958618164,419.3071594238281,0.0028,0
2026-05-02 15:52:36.578,1954,40.77986526489258,109.82754516601562,419.3187255859375,0.0021,0
2026-05-02 15:52:37.583,1955,40.81689453125,109.89347076416016,419.33026123046875,0.0021,0
2026-05-02 15:52:38.584,1956,40.8538818359375,109.95947265625,419.3418273925781,0.0022,0
2026-05-02 15:52:39.589,1957,40.89082717895508,110.02555847167969,419.3533630371094,0.0018,0
2026-05-02 15:52:40.592,1958,40.92772674560547,110.09172058105469,419.3648986816406,0.0017,0
2026-05-02 15:52:41.594,1959,40.96458435058594,110.157958984375,419.37646484375,0.0019,0
2026-05-02 15:52:42.596,1960,41.001399993896484,110.22428131103516,419.38800048828125,0.0027,0
2026-05-02 15:52:43.601,1961,41.038169860839844,110.29067993164062,419.3995666503906,0.0022,0
2026-05-02 15:52:44.602,1962,41.07490158081055,110.3571548461914,419.4111328125,0.0026,0
2026-05-02 15:52:45.609,1963,41.1115837097168,110.42371368408203,419.42266845703125,0.0034,0
2026-05-02 15:52:46.609,1964,41.14822769165039,110.49034881591797,419.4342041015625,0.0023,0
2026-05-02 15:52:47.610,1965,41.1848258972168,110.55706024169922,419.44573974609375,0.0018,0
2026-05-02 15:52:48.611,1966,41.221378326416016,110.62385559082031,419.4573059082031,0.002,0
2026-05-02 15:52:49.615,1967,41.25789260864258,110.69072723388672,419.4688415527344,0.0042,0
2026-05-02 15:52:50.615,1968,41.29436111450195,110.75768280029297,419.48040771484375,0.0021,0
2026-05-02 15:52:51.615,1969,41.33078384399414,110.82471466064453,419.491943359375,0.0019,0
2026-05-02 15:52:52.620,1970,41.367164611816406,110.89183044433594,419.50347900390625,0.0021,0
2026-05-02 15:52:53.629,1971,41.40349578857422,110.95901489257812,419.5150451660156,0.0018,0
2026-05-02 15:52:54.630,1972,41.439788818359375,111.02629089355469,419.52655029296875,0.0018,0
2026-05-02 15:52:55.645,1973,41.476036071777344,111.09364318847656,419.5380859375,0.0021,0
2026-05-02 15:52:56.648,1974,41.512237548828125,111.16107940673828,419.5496520996094,0.002,0
2026-05-02 15:52:57.649,1975,41.548397064208984,111.22858428955078,419.5611877441406,0.0021,0
2026-05-02 15:52:58.650,1976,41.584510803222656,111.29618072509766,419.5727233886719,0.002,0
2026-05-02 15:52:59.652,1977,41.62057876586914,111.36385345458984,419.5842590332031,0.0017,0
2026-05-02 15:53:00.657,1978,41.65660095214844,111.43160247802734,419.5957946777344,0.0025,0
2026-05-02 15:53:01.661,1979,41.69258117675781,111.49943542480469,419.6072998046875,0.0023,0
2026-05-02 15:53:02.663,1980,41.728511810302734,111.56735229492188,419.61883544921875,0.0028,0
2026-05-02 15:53:03.664,1981,41.764400482177734,111.63534545898438,419.63037109375,0.002,0
2026-05-02 15:53:04.670,1982,41.80024719238281,111.70342254638672,419.64190673828125,0.0023,0
2026-05-02 15:53:05.671,1983,41.83604431152344,111.77156829833984,419.6534423828125,0.0017,0
2026-05-02 15:53:06.739,1984,41.871795654296875,111.83981323242188,419.66497802734375,0.0031,0
2026-05-02 15:53:07.739,1985,41.907501220703125,111.90812683105469,419.6764831542969,0.0017,0
2026-05-02 15:53:08.744,1986,41.94316101074219,111.97652435302734,419.68798828125,0.0031,0
2026-05-02 15:53:09.744,1987,41.97877502441406,112.04501342773438,419.69952392578125,0.0021,0
2026-05-02 15:53:10.747,1988,42.01434326171875,112.11357116699219,419.7110290527344,0.0025,0
2026-05-02 15:53:11.749,1989,42.049869537353516,112.18221282958984,419.7225646972656,0.0029,0
2026-05-02 15:53:12.751,1990,42.08534622192383,112.25093841552734,419.73406982421875,0.0023,0
2026-05-02 15:53:13.753,1991,42.12077331542969,112.31974029541016,419.7455749511719,0.0028,0
2026-05-02 15:53:14.759,1992,42.15615463256836,112.38863372802734,419.7570495605469,0.0028,0
2026-05-02 15:53:15.760,1993,42.19149398803711,112.45760345458984,419.7685852050781,0.0026,0
2026-05-02 15:53:16.760,1994,42.22678756713867,112.52665710449219,419.78009033203125,0.002,0
2026-05-02 15:53:17.763,1995,42.26203155517578,112.59578704833984,419.7915954589844,0.0022,0
2026-05-02 15:53:18.776,1996,42.29722595214844,112.66500091552734,419.8031005859375,0.0036,0
2026-05-02 15:53:19.777,1997,42.33237838745117,112.73429870605469,419.8146057128906,0.0023,0
2026-05-02 15:53:20.778,1998,42.36748123168945,112.80367279052734,419.8260498046875,0.002,0
2026-05-02 15:53:21.782,1999,42.40253829956055,112.87313842773438,419.8375549316406,0.0024,0
2026-05-02 15:53:22.783,2000,42.43754577636719,112.94268035888672,419.84906005859375,0.0017,0
2026-05-02 15:53:23.785,2001,42.47250747680664,113.0123062133789,419.86053466796875,0.0019,0
2026-05-02 15:53:24.786,2002,42.507423400878906,113.08201599121094,419.8720397949219,0.0025,0
2026-05-02 15:53:25.790,2003,42.54228591918945,113.15180969238281,419.8835144042969,0.002,0
2026-05-02 15:53:26.791,2004,42.57710647583008,113.2216796875,419.89495849609375,0.0019,0
2026-05-02 15:53:27.792,2005,42.61187744140625,113.29164123535156,419.90643310546875,0.0018,0
2026-05-02 15:53:28.800,2006,42.646602630615234,113.36167907714844,419.91790771484375,0.0029,0
2026-05-02 15:53:29.802,2007,42.6812744140625,113.43180084228516,419.92938232421875,0.0019,0
2026-05-02 15:53:30.803,2008,42.71590042114258,113.50200653076172,419.94085693359375,0.002,0
2026-05-02 15:53:31.808,2009,42.75048065185547,113.57229614257812,419.9523010253906,0.0029,0
2026-05-02 15:53:32.808,2010,42.785011291503906,113.64266967773438,419.9637756347656,0.002,0
2026-05-02 15:53:33.809,2011,42.81949234008789,113.71311950683594,419.9752197265625,0.0021,0
2026-05-02 15:53:34.810,2012,42.85392379760742,113.78365325927734,419.9866943359375,0.0023,0
2026-05-02 15:53:35.816,2013,42.888309478759766,113.85427856445312,419.9981384277344,0.0021,0
2026-05-02 15:53:36.819,2014,42.92264175415039,113.92498779296875,420.0095520019531,0.0025,0
2026-05-02 15:53:37.821,2015,42.956932067871094,113.99577331542969,420.02099609375,0.0025,0
2026-05-02 15:53:38.821,2016,42.99116897583008,114.06664276123047,420.0324401855469,0.0024,0
2026-05-02 15:53:39.827,2017,43.02535629272461,114.13760375976562,420.04388427734375,0.0027,0
2026-05-02 15:53:40.830,2018,43.05949783325195,114.2086410522461,420.0552978515625,0.0033,0
2026-05-02 15:53:41.830,2019,43.09358596801758,114.2797622680664,420.06671142578125,0.0024,0
2026-05-02 15:53:42.839,2020,43.12762451171875,114.3509750366211,420.0781555175781,0.0025,0
2026-05-02 15:53:43.840,2021,43.16161346435547,114.42225646972656,420.0895690917969,0.002,0
2026-05-02 15:53:44.841,2022,43.195556640625,114.49363708496094,420.10101318359375,0.0017,0
2026-05-02 15:53:45.842,2023,43.22944641113281,114.56509399414062,420.1123962402344,0.0024,0
2026-05-02 15:53:46.847,2024,43.26329040527344,114.63663482666016,420.1238098144531,0.0018,0
2026-05-02 15:53:47.852,2025,43.29707717895508,114.70825958251953,420.1352233886719,0.0018,0
2026-05-02 15:53:48.858,2026,43.33081817626953,114.77997589111328,420.1466064453125,0.0028,0
2026-05-02 15:53:49.867,2027,43.36450958251953,114.85177612304688,420.1579895019531,0.0022,0
2026-05-02 15:53:50.878,2028,43.39814758300781,114.92364501953125,420.16937255859375,0.0107,0
2026-05-02 15:53:51.874,2029,43.431739807128906,114.99562072753906,420.1807861328125,0.002,0
2026-05-02 15:53:52.875,2030,43.465274810791016,115.06766510009766,420.1921691894531,0.0019,0
2026-05-02 15:53:53.876,2031,43.49876403808594,115.1397933959961,420.2035217285156,0.0017,0
2026-05-02 15:53:54.878,2032,43.53219985961914,115.2120132446289,420.21490478515625,0.0016,0
2026-05-02 15:53:55.880,2033,43.56558609008789,115.28431701660156,420.2262878417969,0.0027,0
2026-05-02 15:53:56.880,2034,43.59892272949219,115.35670471191406,420.23760986328125,0.0016,0
2026-05-02 15:53:57.881,2035,43.632205963134766,115.42916870117188,420.2489929199219,0.0019,0
2026-05-02 15:53:58.885,2036,43.665435791015625,115.50173950195312,420.2603454589844,0.0021,0
2026-05-02 15:53:59.893,2037,43.6986198425293,115.57437896728516,420.2716979980469,0.0036,0
2026-05-02 15:54:00.896,2038,43.731746673583984,115.64710998535156,420.28302001953125,0.0051,0
2026-05-02 15:54:01.903,2039,43.76482391357422,115.71991729736328,420.29437255859375,0.0064,0
2026-05-02 15:54:02.904,2040,43.7978515625,115.79280853271484,420.30572509765625,0.0056,0
2026-05-02 15:54:03.910,2041,43.8308219909668,115.86579895019531,420.3170166015625,0.0055,0
2026-05-02 15:54:04.912,2042,43.86374282836914,115.9388656616211,420.328369140625,0.0049,0
2026-05-02 15:54:05.917,2043,43.896610260009766,116.01201629638672,420.3396911621094,0.0057,0
2026-05-02 15:54:06.928,2044,43.9294319152832,116.08525085449219,420.35101318359375,0.0081,0
2026-05-02 15:54:07.935,2045,43.962196350097656,116.15858459472656,420.3623046875,0.0057,0
2026-05-02 15:54:08.940,2046,43.994903564453125,116.23199462890625,420.37359619140625,0.0067,0
2026-05-02 15:54:09.944,2047,44.027565002441406,116.30548858642578,420.3849182128906,0.0065,0
2026-05-02 15:54:10.967,2048,44.0601692199707,116.37905883789062,420.39617919921875,0.0216,0
2026-05-02 15:54:11.956,2049,44.09272766113281,116.45272827148438,420.407470703125,0.0059,0
2026-05-02 15:54:12.961,2050,44.12522506713867,116.52648162841797,420.41876220703125,0.0066,0
2026-05-02 15:54:13.964,2051,44.157676696777344,116.6003189086914,420.4300231933594,0.0065,0
2026-05-02 15:54:14.968,2052,44.190067291259766,116.67424774169922,420.4413146972656,0.006,0
2026-05-02 15:54:15.980,2053,44.222408294677734,116.74826049804688,420.45257568359375,0.0082,0
2026-05-02 15:54:16.980,2054,44.25469970703125,116.82235717773438,420.4638366699219,0.0064,0
2026-05-02 15:54:17.988,2055,44.286930084228516,116.89653015136719,420.47509765625,0.0084,0
2026-05-02 15:54:18.987,2056,44.31911087036133,116.9708023071289,420.4863586425781,0.0057,0
2026-05-02 15:54:19.986,2057,44.351234436035156,117.04515075683594,420.4975891113281,0.002,0
2026-05-02 15:54:20.991,2058,44.38330841064453,117.11959075927734,420.5088195800781,0.006,0
2026-05-02 15:54:21.994,2059,44.41532516479492,117.19412231445312,420.52001953125,0.0062,0
2026-05-02 15:54:23.004,2060,44.44729232788086,117.26873016357422,420.5312805175781,0.0067,0
2026-05-02 15:54:24.004,2061,44.51105499267578,117.41822052001953,420.5536804199219,0.0034,0
2026-05-02 15:54:25.011,2062,44.5428581237793,117.49308013916016,420.5649108886719,0.008,0
2026-05-02 15:54:26.045,2063,44.57460403442383,117.56804656982422,420.5760803222656,0.0104,0
2026-05-02 15:54:27.046,2064,44.60629653930664,117.64308166503906,420.5873107910156,0.0077,0
2026-05-02 15:54:28.048,2065,44.6379280090332,117.71821594238281,420.5985107421875,0.0063,0
2026-05-02 15:54:29.049,2066,44.66951370239258,117.79342651367188,420.6096496582031,0.005,0
2026-05-02 15:54:30.053,2067,44.7010383605957,117.86873626708984,420.620849609375,0.0063,0
2026-05-02 15:54:31.057,2068,44.732505798339844,117.9441146850586,420.6319885253906,0.0056,0
2026-05-02 15:54:32.066,2069,44.76392364501953,118.01959228515625,420.6431579589844,0.0055,0
2026-05-02 15:54:33.097,2070,44.795284271240234,118.09516143798828,420.6543273925781,0.0098,3
2026-05-02 15:54:34.102,2071,44.82658767700195,118.17080688476562,420.66546630859375,0.0091,3
2026-05-02 15:54:34.794,2079,44.82658767700195,118.17080688476562,420.66546630859375,0.7014,3
2026-05-02 15:54:36.799,2080,44.8890266418457,118.32237243652344,420.687744140625,0.7001,3
2026-05-02 15:54:39.401,2084,44.982269287109375,118.55035400390625,420.72113037109375,0.2874,3
2026-05-02 15:54:41.957,2085,45.04414749145508,118.70278930664062,420.7433166503906,0.8354,3
2026-05-02 15:54:42.517,2086,45.07500457763672,118.77912139892578,420.75439453125,0.3912,3
2026-05-02 15:54:44.607,2088,45.13654327392578,118.93207550048828,420.77655029296875,0.4719,3
2026-05-02 15:54:45.605,2089,45.16722869873047,119.0086669921875,420.78765869140625,0.4684,3
2026-05-02 15:54:48.466,2093,45.25893783569336,119.239013671875,420.82080078125,0.3249,3
2026-05-02 15:54:52.970,2094,45.380409240722656,119.5473403930664,420.86492919921875,0.8125,3
2026-05-02 15:54:55.225,2100,45.47090530395508,119.77951049804688,420.8979797363281,0.0579,3
2026-05-02 15:54:56.407,2101,45.500953674316406,119.8570785522461,420.908935546875,0.2311,3
2026-05-02 15:55:03.908,2107,45.70965576171875,120.40245056152344,420.98565673828125,0.6959,3
2026-05-02 15:55:06.547,2111,45.79821014404297,120.63748931884766,421.0184020996094,0.3287,3
2026-05-02 15:55:13.158,2114,45.97370529174805,121.10993957519531,421.0836486816406,0.915,3
2026-05-02 15:55:14.687,2116,46.03172302246094,121.26811981201172,421.1053466796875,0.4408,3
2026-05-02 15:55:15.473,2117,46.060638427734375,121.34734344482422,421.1161804199219,0.2189,3
2026-05-02 15:55:17.242,2121,46.08949661254883,121.42665100097656,421.12701416015625,0.9846,3
2026-05-02 15:55:22.430,2128,46.261348724365234,121.90432739257812,421.1917419433594,0.1315,3
2026-05-02 15:55:28.753,2133,46.43098068237305,122.38516235351562,421.2561950683594,0.4301,3
2026-05-02 15:55:32.601,2135,46.54281997680664,122.70745086669922,421.2989501953125,0.2711,3
2026-05-02 15:55:37.443,2139,46.68120574951172,123.11227416992188,421.3521728515625,0.0784,3
2026-05-02 15:55:40.009,2144,46.73611068725586,123.27481842041016,421.3734130859375,0.6339,3
2026-05-02 15:55:44.364,2145,46.84516525268555,123.60093688964844,421.4157409667969,0.9658,3
2026-05-02 15:55:45.991,2150,46.89930725097656,123.76451873779297,421.43682861328125,0.587,3
2026-05-02 15:55:50.001,2151,47.00680923461914,124.09272003173828,421.47894287109375,0.5792,3
2026-05-02 15:55:52.049,2153,47.0601692199707,124.25733947753906,421.4999084472656,0.6211,3
2026-05-02 15:55:54.745,2155,47.13972473144531,124.5049057006836,421.53131103515625,0.3021,3
2026-05-02 15:55:56.011,2160,47.16611099243164,124.58760833740234,421.541748046875,0.5654,3
2026-05-02 15:55:59.965,2163,47.27099609375,124.91926574707031,421.58343505859375,0.5117,3
2026-05-02 15:56:03.216,2167,47.34896469116211,125.16891479492188,421.61456298828125,0.7561,3
2026-05-02 15:56:08.036,2168,47.47757339477539,125.58670043945312,421.666259765625,0.5622,3
2026-05-02 15:56:08.787,2171,47.50309371948242,125.67052459716797,421.6765441894531,0.3121,3
2026-05-02 15:56:10.799,2176,47.553932189941406,125.83840942382812,421.69708251953125,0.3203,3
2026-05-02 15:56:15.024,2180,47.65479278564453,126.17520141601562,421.7381286621094,0.5356,3
2026-05-02 15:56:18.836,2181,47.75456619262695,126.51335144042969,421.7789306640625,0.332,3
2026-05-02 15:56:20.452,2183,47.779335021972656,126.59811401367188,421.7890930175781,0.9444,3
2026-05-02 15:56:22.725,2185,47.853233337402344,126.85286712646484,421.8195495605469,0.1967,3
2026-05-02 15:56:24.385,2186,47.87773132324219,126.93795776367188,421.8296813964844,0.8536,3
2026-05-02 15:56:27.363,2191,47.950801849365234,127.19373321533203,421.8599853515625,0.8229,3
2026-05-02 15:56:30.188,2192,48.02323913574219,127.45026397705078,421.8902282714844,0.6381,3
2026-05-02 15:56:31.854,2193,48.07118225097656,127.6217041015625,421.9102783203125,0.299,3
2026-05-02 15:56:34.291,2197,48.11884307861328,127.7934799194336,421.9302978515625,0.7253,3
2026-05-02 15:56:36.368,2198,48.16622543334961,127.96559143066406,421.9503173828125,0.7988,3
2026-05-02 15:56:39.147,2203,48.236759185791016,128.224365234375,421.9801940917969,0.5707,3
2026-05-02 15:56:41.729,2205,48.30665588378906,128.48388671875,422.00994873046875,0.1432,3
2026-05-02 15:56:45.035,2207,48.37590789794922,128.74415588378906,422.0395812988281,0.4411,3
2026-05-02 15:56:47.736,2208,48.444515228271484,129.0051727294922,422.0691223144531,0.1302,3
2026-05-02 15:56:47.990,2211,48.444515228271484,129.0051727294922,422.0691223144531,0.3843,3
2026-05-02 15:56:49.719,2214,48.48988723754883,129.17958068847656,422.0887451171875,0.1085,3
2026-05-02 15:56:54.323,2218,48.57976531982422,129.52940368652344,422.1278381347656,0.6871,3
2026-05-02 15:56:55.751,2219,48.624263763427734,129.7047882080078,422.1473083496094,0.1132,3
2026-05-02 15:56:58.187,2222,48.66847229003906,129.8804931640625,422.1667175292969,0.5436,3
2026-05-02 15:57:02.117,2226,48.756004333496094,130.23289489746094,422.2054138183594,0.4629,3
2026-05-02 15:57:07.070,2230,48.86375045776367,130.67518615722656,422.2534484863281,0.3987,3
2026-05-02 15:57:09.254,2232,48.90632629394531,130.8526611328125,422.2725524902344,0.5749,3
2026-05-02 15:57:12.150,2233,48.96963119506836,131.1194610595703,422.3011474609375,0.4604,3
2026-05-02 15:57:13.150,2235,48.99058532714844,131.2085418701172,422.3106384277344,0.4538,3
2026-05-02 15:57:15.383,2236,49.032257080078125,131.386962890625,422.32958984375,0.6644,3
2026-05-02 15:57:18.292,2242,49.09420394897461,131.65516662597656,422.3579406738281,0.5507,3
2026-05-02 15:57:20.920,2243,49.15546798706055,131.924072265625,422.3861389160156,0.1719,3
2026-05-02 15:57:23.354,2247,49.19593048095703,132.10372924804688,422.40484619140625,0.602,3
2026-05-02 15:57:25.899,2248,49.256046295166016,132.373779296875,422.4328308105469,0.1176,3
2026-05-02 15:57:27.244,2251,49.27593231201172,132.4639434814453,422.4421691894531,0.4596,3
2026-05-02 15:57:32.439,2256,49.374202728271484,132.9159393310547,422.4884338378906,0.644,3
2026-05-02 15:57:33.508,2257,49.39362335205078,133.00656127929688,422.4976501464844,0.7093,3
2026-05-02 15:57:36.966,2259,49.47053146362305,133.3697967529297,422.53436279296875,0.1601,3
2026-05-02 15:57:39.493,2264,49.50851821899414,133.55186462402344,422.5526123046875,0.6797,3
2026-05-02 15:57:43.093,2267,49.58354568481445,133.91688537597656,422.5889892578125,0.2585,3
2026-05-02 15:57:45.234,2268,49.62059020996094,134.09982299804688,422.6070861816406,0.3829,3
2026-05-02 15:57:48.449,2271,49.67556381225586,134.37477111816406,422.6341247558594,0.5901,3
2026-05-02 15:57:50.955,2272,49.729820251464844,134.65037536621094,422.6610107421875,0.0825,3
2026-05-02 15:57:55.142,2278,49.80104446411133,135.0188446044922,422.6966247558594,0.2572,3
2026-05-02 15:57:58.053,2282,49.85362243652344,135.2959442138672,422.72320556640625,0.1557,3
2026-05-02 15:58:00.666,2285,49.88827133178711,135.4810028076172,422.7408447265625,0.7605,3
2026-05-02 15:58:04.905,2289,49.95660400390625,135.85198974609375,422.77593994140625,0.9812,3
2026-05-02 15:58:08.016,2291,50.02363967895508,136.2240447998047,422.8107604980469,0.0581,3
2026-05-02 15:58:10.202,2293,50.05666732788086,136.4104766845703,422.8280944824219,0.2312,3
2026-05-02 15:58:14.134,2295,50.121742248535156,136.7841339111328,422.8625183105469,0.1505,3
2026-05-02 15:58:16.887,2297,50.15378952026367,136.97137451171875,422.87969970703125,0.9,3
2026-05-02 15:58:19.230,2301,50.201236724853516,137.25270080566406,422.9052429199219,0.2302,3
2026-05-02 15:58:23.162,2305,50.27866744995117,137.72288513183594,422.94757080078125,0.1444,3
2026-05-02 15:58:25.584,2306,50.309059143066406,137.91139221191406,422.9643859863281,0.5611,3
2026-05-02 15:58:26.755,2310,50.32413101196289,138.00575256347656,422.9727478027344,0.7298,3
2026-05-02 15:58:28.966,2313,50.35401916503906,138.1946258544922,422.9894714355469,0.9284,3
2026-05-02 15:58:30.336,2314,50.383575439453125,138.38377380371094,423.0061340332031,0.2905,3
2026-05-02 15:58:32.568,2315,50.41279602050781,138.57315063476562,423.0226745605469,0.5179,3
2026-05-02 15:58:36.074,2320,50.4702262878418,138.95262145996094,423.0556640625,0.0165,3
2026-05-02 15:58:40.317,2324,50.526309967041016,139.3330535888672,423.08837890625,0.2506,3
2026-05-02 15:58:43.787,2327,50.567481994628906,139.61900329589844,423.11273193359375,0.7103,3
2026-05-02 15:58:45.449,2328,50.594505310058594,139.80990600585938,423.1288757324219,0.3653,3
2026-05-02 15:58:49.305,2329,50.64752960205078,140.19241333007812,423.1609802246094,0.2112,3
2026-05-02 15:58:51.197,2331,50.673526763916016,140.3839874267578,423.17694091796875,0.0934,3
2026-05-02 15:58:53.752,2337,50.69918441772461,140.57579040527344,423.19281005859375,0.64,3
2026-05-02 15:58:54.780,2338,50.711883544921875,140.67176818847656,423.2007141113281,0.664,3
2026-05-02 15:58:58.672,2339,50.76182174682617,141.05625915527344,423.2322082519531,0.5487,3
2026-05-02 15:59:00.866,2340,50.78627014160156,141.24880981445312,423.2478332519531,0.719,3
2026-05-02 15:59:03.803,2347,50.822296142578125,141.5380401611328,423.27117919921875,0.6434,3
2026-05-02 15:59:05.914,2348,50.845882415771484,141.73109436035156,423.2866516113281,0.7492,3
2026-05-02 15:59:09.172,2353,50.880611419677734,142.02108764648438,423.30975341796875,1.0003,3
2026-05-02 15:59:12.550,2355,50.925689697265625,142.40841674804688,423.3402404785156,0.3693,3
2026-05-02 15:59:15.625,2357,50.958580017089844,142.69943237304688,423.36297607421875,0.4397,3
2026-05-02 15:59:18.106,2359,50.980072021484375,142.8936767578125,423.3780212402344,0.9161,3
2026-05-02 15:59:21.691,2364,51.02199935913086,143.28271484375,423.40789794921875,0.4936,3
2026-05-02 15:59:25.556,2368,51.06251525878906,143.67247009277344,423.4375305175781,0.3547,3
2026-05-02 15:59:30.819,2375,51.111167907714844,144.16064453125,423.47412109375,0.6084,3
2026-05-02 15:59:33.404,2376,51.13930130004883,144.4540557861328,423.49591064453125,0.1868,3
2026-05-02 15:59:37.530,2381,51.17556381225586,144.84584045410156,423.524658203125,0.3044,3
2026-05-02 15:59:41.594,2386,51.21039962768555,145.23825073242188,423.5531311035156,0.3554,3
2026-05-02 15:59:46.090,2388,51.243804931640625,145.6312713623047,423.5812683105469,0.8458,3
2026-05-02 15:59:50.660,2393,51.28354263305664,146.12335205078125,423.6160888671875,0.4093,3
2026-05-02 15:59:52.712,2396,51.29881286621094,146.3204345703125,423.6299133300781,0.4582,3
2026-05-02 15:59:56.406,2397,51.32826232910156,146.71499633789062,423.65728759765625,0.1415,3
2026-05-02 15:59:57.426,2401,51.33539962768555,146.813720703125,423.6640625,0.1577,3
2026-05-02 16:00:00.410,2404,51.35626983642578,147.1100616455078,423.68438720703125,0.1309,3
2026-05-02 16:00:05.482,2405,51.38924789428711,147.60458374023438,423.7178039550781,0.1873,3
2026-05-02 16:00:08.472,2411,51.40794372558594,147.90164184570312,423.7376708984375,0.1711,3
2026-05-02 16:00:13.314,2414,51.43160629272461,148.298095703125,423.76385498046875,1.0032,3
2026-05-02 16:00:14.071,2415,51.437294006347656,148.39727783203125,423.7703552246094,0.7579,3
2026-05-02 16:00:16.388,2417,51.45380783081055,148.69496154785156,423.7897644042969,0.0704,3
2026-05-02 16:00:19.323,2421,51.4643669128418,148.8935546875,423.80255126953125,1.0036,3
2026-05-02 16:00:24.180,2428,51.48915481567383,149.39041137695312,423.8343505859375,0.8555,3
2026-05-02 16:00:29.151,2431,51.511661529541016,149.88780212402344,423.8656311035156,0.8032,3
2026-05-02 16:00:33.577,2436,51.53187942504883,150.38568115234375,423.8964538574219,0.2148,3
2026-05-02 16:00:40.025,2442,51.5531120300293,150.9836883544922,423.9328308105469,0.6412,3
2026-05-02 16:00:44.299,2445,51.565433502197266,151.38267517089844,423.9566955566406,0.9038,3
2026-05-02 16:00:47.203,2447,51.57371139526367,151.6820526123047,423.9743957519531,0.7901,3
2026-05-02 16:00:49.947,2450,51.581153869628906,151.98153686523438,423.991943359375,0.5224,3
2026-05-02 16:00:52.824,2453,51.587772369384766,152.28109741210938,424.00927734375,0.393,3
2026-05-02 16:00:53.647,2455,51.58979797363281,152.3809814453125,424.0150451660156,0.2116,3
2026-05-02 16:00:56.532,2457,51.59531021118164,152.6806640625,424.03216552734375,0.0886,3
2026-05-02 16:00:57.975,2460,51.596961975097656,152.78057861328125,424.037841796875,0.5272,3
2026-05-02 16:01:01.725,2461,51.602657318115234,153.18028259277344,424.060302734375,0.2663,3
2026-05-02 16:01:03.064,2462,51.60384750366211,153.2802276611328,424.06591796875,0.6024,3
2026-05-02 16:01:04.918,2466,51.60595703125,153.48013305664062,424.0769958496094,0.4487,3
2026-05-02 16:01:05.595,2468,51.60687255859375,153.580078125,424.0824890136719,0.1231,3
2026-05-02 16:01:07.497,2470,51.608428955078125,153.77999877929688,424.093505859375,0.0151,3
2026-05-02 16:01:10.295,2472,51.60961151123047,153.97994995117188,424.1043701171875,0.8088,3
2026-05-02 16:01:14.001,2477,51.610877990722656,154.3798370361328,424.1259765625,0.5092,3
2026-05-02 16:01:19.031,2482,51.61038589477539,154.87969970703125,424.1524963378906,0.5197,3
2026-05-02 16:01:22.291,2483,51.60898208618164,155.1796112060547,424.1681823730469,0.7737,3
2026-05-02 16:01:24.178,2485,51.60758590698242,155.37953186035156,424.17852783203125,0.6504,3
2026-05-02 16:01:26.077,2488,51.60581970214844,155.57945251464844,424.1888122558594,0.5464,3
2026-05-02 16:01:27.088,2489,51.60479736328125,155.6793975830078,424.1939392089844,0.5566,3
2026-05-02 16:01:31.078,2491,51.599788665771484,156.07913208007812,424.21417236328125,0.5403,3
2026-05-02 16:01:33.278,2493,51.59672927856445,156.27896118164062,424.2242126464844,0.7347,3
2026-05-02 16:01:34.789,2495,51.59330749511719,156.478759765625,424.234130859375,0.2392,3
2026-05-02 16:01:35.993,2498,51.59145736694336,156.57864379882812,424.23907470703125,0.4373,3
2026-05-02 16:01:37.665,2501,51.58747863769531,156.7783966064453,424.2489013671875,0.1053,3
2026-05-02 16:01:43.978,2508,51.573333740234375,157.3773956298828,424.2778625488281,0.4096,3
2026-05-02 16:01:46.524,2510,51.56788635253906,157.57696533203125,424.28741455078125,0.9534,3
2026-05-02 16:01:50.042,2511,51.55588150024414,157.9759521484375,424.3061828613281,0.4603,3
2026-05-02 16:01:52.374,2512,51.5493278503418,158.17535400390625,424.3154602050781,0.7872,3
2026-05-02 16:01:54.376,2517,51.54241180419922,158.37469482421875,424.32464599609375,0.7812,3
2026-05-02 16:01:58.674,2520,51.52350616455078,158.8727569580078,424.3473205566406,0.0683,3
2026-05-02 16:02:01.053,2525,51.51530075073242,159.0718536376953,424.3562316894531,0.4447,3
2026-05-02 16:02:04.777,2527,51.49779510498047,159.46981811523438,424.37384033203125,0.1367,3
2026-05-02 16:02:10.211,2529,51.47385787963867,159.966796875,424.39544677734375,0.5592,3
2026-05-02 16:02:12.071,2533,51.463645935058594,160.16543579101562,424.4039306640625,0.4079,3
2026-05-02 16:02:16.045,2537,51.44212341308594,160.56240844726562,424.4206848144531,0.3732,3
2026-05-02 16:02:19.337,2541,51.425025939941406,160.85989379882812,424.4330749511719,0.655,3
2026-05-02 16:02:23.712,2542,51.39471435546875,161.35513305664062,424.4532775878906,0.0162,3
2026-05-02 16:02:24.771,2544,51.38838195800781,161.45408630371094,424.457275390625,0.0697,3
2026-05-02 16:02:28.699,2550,51.36883544921875,161.75082397460938,424.4691162109375,0.9928,3
2026-05-02 16:02:30.523,2553,51.355350494384766,161.948486328125,424.4768981933594,0.8144,3
2026-05-02 16:02:34.922,2556,51.320064544677734,162.4420928955078,424.4960632324219,0.2028,3
2026-05-02 16:02:38.942,2562,51.29021072387695,162.83639526367188,424.51104736328125,0.2052,3
2026-05-02 16:02:41.917,2563,51.26687240600586,163.1317596435547,424.5220642089844,0.1761,3
2026-05-02 16:02:45.019,2566,51.242733001708984,163.4268035888672,424.5329284667969,0.2717,3
2026-05-02 16:02:47.667,2568,51.22618865966797,163.62332153320312,424.5400695800781,0.9153,3
2026-05-02 16:02:50.586,2569,51.200706481933594,163.9178009033203,424.5506286621094,0.825,3
2026-05-02 16:02:52.983,2577,51.17441940307617,164.2119598388672,424.56103515625,0.207,3
2026-05-02 16:02:58.749,2578,51.12882995605469,164.70138549804688,424.5779724121094,0.9218,3
2026-05-02 16:03:01.275,2580,51.100406646728516,164.99456787109375,424.5878601074219,0.4417,3
2026-05-02 16:03:04.107,2584,51.071189880371094,165.287353515625,424.59765625,0.2646,3
2026-05-02 16:03:05.458,2587,51.06127166748047,165.38485717773438,424.600830078125,0.6148,3
2026-05-02 16:03:06.741,2589,51.05126953125,165.48233032226562,424.60406494140625,0.8962,3
2026-05-02 16:03:10.153,2591,51.01036834716797,165.8717498779297,424.61663818359375,0.2991,3
2026-05-02 16:03:12.854,2592,50.9893913269043,166.06617736816406,424.622802734375,0.997,3
2026-05-02 16:03:15.616,2599,50.95726776123047,166.35748291015625,424.6319274902344,0.7543,3
2026-05-02 16:03:18.284,2600,50.92435836791992,166.6483612060547,424.640869140625,0.4203,3
2026-05-02 16:03:19.416,2601,50.913211822509766,166.74522399902344,424.6438293457031,0.5479,3
2026-05-02 16:03:21.625,2602,50.89065933227539,166.9387969970703,424.649658203125,0.7521,3
2026-05-02 16:03:22.630,2603,50.87925338745117,167.03550720214844,424.6525573730469,0.7543,3
2026-05-02 16:03:23.693,2606,50.867759704589844,167.13217163085938,424.6553955078125,0.8135,3
2026-05-02 16:03:28.980,2610,50.796974182128906,167.7111053466797,424.6722106933594,0.0826,3
2026-05-02 16:03:31.944,2612,50.76041030883789,167.99986267089844,424.6803894042969,0.0273,3
2026-05-02 16:03:34.244,2618,50.7356071472168,168.19212341308594,424.68572998046875,0.306,3
2026-05-02 16:03:40.132,2622,50.65913009643555,168.76754760742188,424.7012939453125,0.1852,3
2026-05-02 16:03:41.600,2624,50.64608383178711,168.86326599121094,424.7038269042969,0.6512,3
2026-05-02 16:03:44.295,2627,50.6064338684082,169.1500701904297,424.7112731933594,0.3428,3
2026-05-02 16:03:50.656,2634,50.52484130859375,169.72213745117188,424.7257080078125,0.6794,3
2026-05-02 16:03:53.313,2635,50.4828987121582,170.0074005126953,424.7326965332031,0.3274,3
2026-05-02 16:03:55.820,2637,50.45451354980469,170.197265625,424.7372131347656,0.8277,3
2026-05-02 16:03:59.290,2640,50.38208770751953,170.67088317871094,424.748291015625,0.2807,3
2026-05-02 16:04:01.268,2643,50.35253143310547,170.85989379882812,424.7525634765625,0.2503,3
2026-05-02 16:04:03.289,2644,50.32263946533203,171.04867553710938,424.75677490234375,0.2677,3
2026-05-02 16:04:05.795,2646,50.292415618896484,171.2371826171875,424.7608947753906,0.7639,3
2026-05-02 16:04:08.728,2652,50.246456146240234,171.51950073242188,424.7669982910156,0.6878,3
2026-05-02 16:04:10.682,2653,50.21540069580078,171.7073974609375,424.77093505859375,0.6353,3
2026-05-02 16:04:13.983,2655,50.1682014465332,171.98873901367188,424.7767639160156,0.9276,3
2026-05-02 16:04:17.788,2659,50.1041145324707,172.36294555664062,424.7842102050781,0.727,3
2026-05-02 16:04:20.661,2663,50.05519485473633,172.64291381835938,424.78961181640625,0.5948,3
2026-05-02 16:04:23.103,2666,50.00553512573242,172.92227172851562,424.79486083984375,0.0251,3
2026-05-02 16:04:26.056,2668,49.972023010253906,173.10818481445312,424.79827880859375,0.9722,3
2026-05-02 16:04:28.416,2669,49.92115020751953,173.38653564453125,424.8032531738281,0.3116,3
2026-05-02 16:04:30.497,2673,49.88682556152344,173.57176208496094,424.80645751953125,0.3876,3
2026-05-02 16:04:39.137,2674,49.728416442871094,174.40179443359375,424.8200988769531,0.0035,0
2026-05-02 16:04:40.145,2675,49.71041488647461,174.49365234375,424.821533203125,0.006,0
2026-05-02 16:04:41.147,2676,49.69233322143555,174.58544921875,424.82293701171875,0.0045,0
2026-05-02 16:04:42.161,2677,49.674171447753906,174.67718505859375,424.8243103027344,0.0064,0
2026-05-02 16:04:43.161,2678,49.65593338012695,174.7688446044922,424.82568359375,0.0047,0
2026-05-02 16:04:44.164,2679,49.63761901855469,174.86044311523438,424.8270263671875,0.0056,0
2026-05-02 16:04:45.184,2680,49.61922073364258,174.9519500732422,424.828369140625,0.0091,0
2026-05-02 16:04:46.187,2681,49.600746154785156,175.0433807373047,424.8296813964844,0.0023,0
2026-05-02 16:04:47.196,2682,49.582191467285156,175.13475036621094,424.83099365234375,0.0053,0
2026-05-02 16:04:48.203,2683,49.56355667114258,175.22604370117188,424.832275390625,0.0066,0
2026-05-02 16:04:49.207,2684,49.54484176635742,175.3172607421875,424.8335266113281,0.0073,0
2026-05-02 16:04:50.206,2685,49.52605438232422,175.40841674804688,424.83477783203125,0.0052,0
2026-05-02 16:04:51.204,2686,49.50718688964844,175.49948120117188,424.8360290527344,0.0018,0
2026-05-02 16:04:52.214,2687,49.488243103027344,175.59048461914062,424.83721923828125,0.0097,0
2026-05-02 16:04:53.215,2688,49.469215393066406,175.68141174316406,424.83843994140625,0.0072,0
2026-05-02 16:04:54.218,2689,49.450111389160156,175.7722625732422,424.839599609375,0.0073,0
2026-05-02 16:04:55.218,2690,49.430931091308594,175.863037109375,424.84075927734375,0.0048,0
2026-05-02 16:04:56.219,2691,49.41167449951172,175.95375061035156,424.8419189453125,0.0033,0
2026-05-02 16:04:57.219,2692,49.392337799072266,176.04437255859375,424.843017578125,0.0025,0
2026-05-02 16:04:58.225,2693,49.3729248046875,176.13491821289062,424.8441162109375,0.0073,0
2026-05-02 16:04:59.229,2694,49.35343551635742,176.22540283203125,424.84521484375,0.0028,0
2026-05-02 16:05:00.237,2695,49.333866119384766,176.3157958984375,424.8462829589844,0.0099,0
2026-05-02 16:05:01.230,2696,49.3142204284668,176.40614318847656,424.84735107421875,0.002,0
2026-05-02 16:05:02.231,2697,49.294498443603516,176.4963836669922,424.848388671875,0.0022,0
2026-05-02 16:05:03.246,2698,49.27470016479492,176.58656311035156,424.8493957519531,0.0069,0
2026-05-02 16:05:04.246,2699,49.25482177734375,176.67665100097656,424.85040283203125,0.0052,0
2026-05-02 16:05:05.247,2700,49.23487091064453,176.7666778564453,424.85137939453125,0.0048,0
2026-05-02 16:05:06.248,2701,49.21484375,176.85662841796875,424.85235595703125,0.0034,0
2026-05-02 16:05:07.252,2702,49.19473648071289,176.94650268554688,424.853271484375,0.0059,0
2026-05-02 16:05:08.254,2703,49.17455291748047,177.03628540039062,424.8542175292969,0.006,0
2026-05-02 16:05:09.274,2704,49.154296875,177.12599182128906,424.85516357421875,0.0059,0
2026-05-02 16:05:10.275,2705,49.13396453857422,177.21563720703125,424.85601806640625,0.0028,0
2026-05-02 16:05:11.280,2706,49.11355209350586,177.30520629882812,424.8569030761719,0.0061,0
2026-05-02 16:05:12.280,2707,49.09306335449219,177.39468383789062,424.8577880859375,0.0044,0
2026-05-02 16:05:13.283,2708,49.07250213623047,177.4840850830078,424.8586120605469,0.0054,0
2026-05-02 16:05:14.285,2709,49.05186462402344,177.5734100341797,424.8594665527344,0.0056,0
2026-05-02 16:05:15.288,2710,49.031150817871094,177.6626739501953,424.86029052734375,0.007,0
2026-05-02 16:05:16.287,2711,49.0103645324707,177.75184631347656,424.8610534667969,0.0038,0
2026-05-02 16:05:17.300,2712,48.989498138427734,177.8409423828125,424.8618469238281,0.009,0
2026-05-02 16:05:18.300,2713,48.96855926513672,177.92994689941406,424.8625793457031,0.0047,0
2026-05-02 16:05:19.314,2714,48.947547912597656,178.01889038085938,424.86334228515625,0.0026,0
2026-05-02 16:05:20.325,2715,48.926456451416016,178.10775756835938,424.86407470703125,0.0106,0
2026-05-02 16:05:21.324,2716,48.90529251098633,178.196533203125,424.8647766113281,0.0061,0
2026-05-02 16:05:22.332,2717,48.88405227661133,178.2852325439453,424.865478515625,0.0048,0
2026-05-02 16:05:23.343,2718,48.86273956298828,178.37384033203125,424.86614990234375,0.0073,0
2026-05-02 16:05:24.355,2719,48.84135437011719,178.46238708496094,424.8668212890625,0.0086,0
2026-05-02 16:05:25.354,2720,48.819889068603516,178.5508575439453,424.8674621582031,0.0066,0
2026-05-02 16:05:26.363,2721,48.79835510253906,178.6392364501953,424.86810302734375,0.0104,0
2026-05-02 16:05:27.364,2722,48.7767448425293,178.7275390625,424.8686828613281,0.0062,0
2026-05-02 16:05:28.370,2723,48.755062103271484,178.81576538085938,424.8692932128906,0.0066,0
2026-05-02 16:05:29.374,2724,48.733299255371094,178.90391540527344,424.8698425292969,0.0061,0
2026-05-02 16:05:30.373,2725,48.71147155761719,178.99195861816406,424.8703918457031,0.0039,0
2026-05-02 16:05:31.375,2726,48.6895637512207,179.0799560546875,424.8709411621094,0.0039,0
2026-05-02 16:05:32.381,2727,48.66758728027344,179.16786193847656,424.8714599609375,0.0045,0
2026-05-02 16:05:33.383,2728,48.64553451538086,179.25567626953125,424.87200927734375,0.0043,0
2026-05-02 16:05:34.387,2729,48.623409271240234,179.34339904785156,424.8724670410156,0.0076,0
2026-05-02 16:05:35.386,2730,48.6012077331543,179.4310760498047,424.8729248046875,0.0047,0
2026-05-02 16:05:36.389,2731,48.57893753051758,179.51866149902344,424.8734130859375,0.0045,0
2026-05-02 16:05:37.391,2732,48.55659484863281,179.6061553955078,424.87384033203125,0.0045,0
2026-05-02 16:05:38.395,2733,48.534175872802734,179.6935577392578,424.874267578125,0.006,0
2026-05-02 16:05:39.397,2734,48.51168441772461,179.78089904785156,424.87469482421875,0.0054,0
2026-05-02 16:05:40.399,2735,48.4891242980957,179.86814880371094,424.87506103515625,0.0056,0
2026-05-02 16:05:41.430,2736,48.466487884521484,179.955322265625,424.87542724609375,0.0308,0
2026-05-02 16:05:42.440,2737,48.443782806396484,-179.9575958251953,424.8758239746094,0.0082,0
2026-05-02 16:05:43.439,2738,48.42100143432617,-179.87059020996094,424.87615966796875,0.0053,0
2026-05-02 16:05:44.445,2739,48.39815139770508,-179.78366088867188,424.87646484375,0.0067,0
2026-05-02 16:05:45.447,2740,48.37522888183594,-179.69680786132812,424.87677001953125,0.0053,0
2026-05-02 16:05:46.456,2741,48.35223388671875,-179.6100616455078,424.8771057128906,0.0043,0
2026-05-02 16:05:47.463,2742,48.329166412353516,-179.52337646484375,424.87738037109375,0.007,0
2026-05-02 16:05:48.465,2743,48.306026458740234,-179.43678283691406,424.87762451171875,0.0058,0
2026-05-02 16:05:49.463,2744,48.28281784057617,-179.3502655029297,424.87786865234375,0.0022,0
2026-05-02 16:05:50.466,2745,48.25953674316406,-179.2638397216797,424.8780822753906,0.0027,0
2026-05-02 16:05:51.473,2746,48.23618698120117,-179.177490234375,424.8783264160156,0.0069,0
2026-05-02 16:05:52.484,2747,48.21276092529297,-179.09121704101562,424.8785095214844,0.0076,0
2026-05-02 16:05:53.484,2748,48.18927001953125,-179.0050506591797,424.8786926269531,0.0062,0
2026-05-02 16:05:54.490,2749,48.165706634521484,-178.9189453125,424.87884521484375,0.0086,0
2026-05-02 16:05:55.496,2750,48.14207077026367,-178.8329315185547,424.8789978027344,0.0101,0
2026-05-02 16:05:56.493,2751,48.11836242675781,-178.74700927734375,424.8791198730469,0.0035,0
2026-05-02 16:05:57.497,2752,48.09458541870117,-178.66114807128906,424.8792419433594,0.0043,0
2026-05-02 16:05:58.503,2753,48.07073974609375,-178.5753936767578,424.87933349609375,0.0056,0
2026-05-02 16:05:59.508,2754,48.04682159423828,-178.48971557617188,424.8794250488281,0.0065,0
2026-05-02 16:06:00.514,2755,48.02283477783203,-178.4040985107422,424.8794860839844,0.0095,0
2026-05-02 16:06:01.527,2756,47.998779296875,-178.318603515625,424.87957763671875,0.0049,0
2026-05-02 16:06:02.534,2757,47.97465133666992,-178.23316955566406,424.8796081542969,0.0093,0
2026-05-02 16:06:03.532,2758,47.95045471191406,-178.1478271484375,424.879638671875,0.0022,0
2026-05-02 16:06:04.542,2759,47.92618942260742,-178.06256103515625,424.879638671875,0.0073,0
2026-05-02 16:06:05.545,2760,47.90185546875,-177.97738647460938,424.8796081542969,0.0085,0
2026-05-02 16:06:06.552,2761,47.87744903564453,-177.8922882080078,424.8796081542969,0.0076,0
2026-05-02 16:06:07.558,2762,47.85297775268555,-177.80728149414062,424.8795166015625,0.005,0
2026-05-02 16:06:08.611,2763,47.828433990478516,-177.72235107421875,424.87945556640625,0.0064,0
2026-05-02 16:06:09.613,2764,47.8038215637207,-177.6375274658203,424.87939453125,0.0058,0
2026-05-02 16:06:10.615,2765,47.779144287109375,-177.55276489257812,424.8793029785156,0.0065,0
2026-05-02 16:06:11.621,2766,47.75439453125,-177.4680938720703,424.87921142578125,0.011,0
2026-05-02 16:06:12.633,2767,47.729576110839844,-177.38351440429688,424.87908935546875,0.0078,0
2026-05-02 16:06:13.638,2768,47.70469284057617,-177.2990264892578,424.87896728515625,0.0072,0
2026-05-02 16:06:14.640,2769,47.67973327636719,-177.214599609375,424.8788146972656,0.0076,0
2026-05-02 16:06:15.645,2770,47.65471267700195,-177.13027954101562,424.8786315917969,0.0083,0
2026-05-02 16:06:16.649,2771,47.62961959838867,-177.04603576660156,424.87847900390625,0.0054,0
2026-05-02 16:06:17.653,2772,47.60446548461914,-176.9618682861328,424.87823486328125,0.0073,0
2026-05-02 16:06:18.660,2773,47.57923889160156,-176.87779235839844,424.8780212402344,0.0071,0
2026-05-02 16:06:19.657,2774,47.5539436340332,-176.79380798339844,424.8778076171875,0.0037,0
2026-05-02 16:06:20.663,2775,47.52858352661133,-176.70989990234375,424.8775634765625,0.0043,0
2026-05-02 16:06:21.669,2776,47.50315475463867,-176.62608337402344,424.8773193359375,0.0062,0
2026-05-02 16:06:22.670,2777,47.477657318115234,-176.54234313964844,424.8770446777344,0.0028,0
2026-05-02 16:06:23.671,2778,47.45209503173828,-176.45870971679688,424.8767395019531,0.002,0
2026-05-02 16:06:24.673,2779,47.42646408081055,-176.37513732910156,424.8764343261719,0.0024,0
2026-05-02 16:06:25.682,2780,47.40076446533203,-176.29165649414062,424.8761291503906,0.0079,0
2026-05-02 16:06:26.679,2781,47.375,-176.20828247070312,424.87579345703125,0.004,0
2026-05-02 16:06:27.681,2782,47.34917449951172,-176.12498474121094,424.87542724609375,0.0049,0
2026-05-02 16:06:28.682,2783,47.32327651977539,-176.04176330566406,424.87506103515625,0.0044,0
2026-05-02 16:06:29.683,2784,47.29730987548828,-175.9586181640625,424.87469482421875,0.0028,0
2026-05-02 16:06:30.689,2785,47.27128219604492,-175.87557983398438,424.8742980957031,0.0056,0
2026-05-02 16:06:31.695,2786,47.24518585205078,-175.79261779785156,424.8739013671875,0.0062,0
2026-05-02 16:06:32.700,2787,47.219024658203125,-175.70974731445312,424.87347412109375,0.0076,0
2026-05-02 16:06:33.701,2788,47.19279479980469,-175.62696838378906,424.8730163574219,0.0063,0
2026-05-02 16:06:34.706,2789,47.16650390625,-175.5442657470703,424.87255859375,0.0087,0
2026-05-02 16:06:35.706,2790,47.140140533447266,-175.46163940429688,424.8721008300781,0.0057,0
2026-05-02 16:06:36.706,2791,47.11371612548828,-175.3791046142578,424.8716125488281,0.0048,0
2026-05-02 16:06:37.712,2792,47.08722686767578,-175.29666137695312,424.8711242675781,0.0057,0
2026-05-02 16:06:38.718,2793,47.060672760009766,-175.21432495117188,424.87060546875,0.0077,0
2026-05-02 16:06:39.720,2794,47.034053802490234,-175.13204956054688,424.87005615234375,0.0051,0
2026-05-02 16:06:40.726,2795,47.00736618041992,-175.04986572265625,424.8695373535156,0.007,0
2026-05-02 16:06:41.727,2796,46.98061752319336,-174.9677734375,424.86895751953125,0.0054,0
2026-05-02 16:06:42.731,2797,46.953800201416016,-174.88575744628906,424.868408203125,0.0047,0
2026-05-02 16:06:43.735,2798,46.92692184448242,-174.80384826660156,424.8677978515625,0.0056,0
2026-05-02 16:06:44.740,2799,46.89997482299805,-174.7220001220703,424.8672180175781,0.0067,0
2026-05-02 16:06:45.747,2800,46.87296676635742,-174.6402587890625,424.8666076660156,0.0058,0
2026-05-02 16:06:46.749,2801,46.84589385986328,-174.55859375,424.865966796875,0.0057,0
2026-05-02 16:06:47.754,2802,46.818756103515625,-174.47702026367188,424.8653259277344,0.0093,0
2026-05-02 16:06:48.754,2803,46.79155349731445,-174.39553833007812,424.8646545410156,0.0054,0
2026-05-02 16:06:49.759,2804,46.76428985595703,-174.3141326904297,424.864013671875,0.0064,0
2026-05-02 16:06:50.763,2805,46.73695755004883,-174.23281860351562,424.8633117675781,0.0066,0
2026-05-02 16:06:51.765,2806,46.70956802368164,-174.15158081054688,424.8625793457031,0.0045,0
2026-05-02 16:06:52.767,2807,46.68211364746094,-174.07044982910156,424.86187744140625,0.0035,0
2026-05-02 16:06:53.777,2808,46.65459060668945,-173.9893798828125,424.86114501953125,0.0107,0
2026-05-02 16:06:54.777,2809,46.627010345458984,-173.90841674804688,424.86041259765625,0.0049,0
2026-05-02 16:06:55.821,2810,46.599365234375,-173.82754516601562,424.8596496582031,0.0407,0
2026-05-02 16:06:56.833,2811,46.5716552734375,-173.7467498779297,424.85888671875,0.007,0
2026-05-02 16:06:57.836,2812,46.54388427734375,-173.66604614257812,424.85809326171875,0.0056,0
2026-05-02 16:06:58.840,2813,46.51605224609375,-173.58543395996094,424.8572692871094,0.0063,0
2026-05-02 16:06:59.842,2814,46.48815155029297,-173.50489807128906,424.8564758300781,0.0068,0
2026-05-02 16:07:00.847,2815,46.4601936340332,-173.42445373535156,424.8556213378906,0.0102,0
2026-05-02 16:07:01.845,2816,46.43217086791992,-173.34410095214844,424.8547668457031,0.0058,0
2026-05-02 16:07:02.845,2817,46.40408706665039,-173.26382446289062,424.85394287109375,0.0054,0
2026-05-02 16:07:03.850,2818,46.375938415527344,-173.1836395263672,424.8530578613281,0.0051,0
2026-05-02 16:07:04.864,2819,46.34773254394531,-173.10354614257812,424.8521728515625,0.0099,0
2026-05-02 16:07:05.869,2820,46.319461822509766,-173.02354431152344,424.8512878417969,0.0081,0
2026-05-02 16:07:06.872,2821,46.29113006591797,-172.94363403320312,424.8503723144531,0.0063,0
2026-05-02 16:07:07.875,2822,46.26273727416992,-172.86378479003906,424.84942626953125,0.0075,0
2026-05-02 16:07:08.884,2823,46.23427963256836,-172.78404235839844,424.8485107421875,0.008,0
2026-05-02 16:07:09.885,2824,46.20576477050781,-172.70437622070312,424.8475341796875,0.0071,0
2026-05-02 16:07:10.894,2825,46.177188873291016,-172.6248016357422,424.8465576171875,0.0121,0
2026-05-02 16:07:11.891,2826,46.1485481262207,-172.5453338623047,424.8455810546875,0.0056,0
2026-05-02 16:07:12.897,2827,46.119850158691406,-172.4659423828125,424.8446044921875,0.0076,0
2026-05-02 16:07:13.899,2828,46.09109115600586,-172.38662719726562,424.8435974121094,0.0063,0
2026-05-02 16:07:14.909,2829,46.0622673034668,-172.30738830566406,424.8425598144531,0.0071,0
2026-05-02 16:07:15.916,2830,46.03338623046875,-172.22825622558594,424.8415222167969,0.0062,0
2026-05-02 16:07:16.920,2831,46.00444030761719,-172.1492156982422,424.84051513671875,0.0063,0
2026-05-02 16:07:17.922,2832,45.975440979003906,-172.0702667236328,424.8394470214844,0.0049,0
2026-05-02 16:07:18.930,2833,45.94637680053711,-171.99139404296875,424.8383483886719,0.0111,0
2026-05-02 16:07:19.927,2834,45.91725540161133,-171.91259765625,424.8372497558594,0.0054,0
2026-05-02 16:07:20.933,2835,45.88806915283203,-171.83389282226562,424.8361511230469,0.0075,0
2026-05-02 16:07:21.935,2836,45.858829498291016,-171.7552947998047,424.83502197265625,0.0059,0
2026-05-02 16:07:22.944,2837,45.829524993896484,-171.67677307128906,424.8338928222656,0.008,0
2026-05-02 16:07:23.947,2838,45.8001594543457,-171.5983428955078,424.8327941894531,0.0071,0
2026-05-02 16:07:24.953,2839,45.7707405090332,-171.51998901367188,424.8316345214844,0.0064,0
2026-05-02 16:07:25.954,2840,45.74126052856445,-171.4417266845703,424.8304443359375,0.0037,0
2026-05-02 16:07:26.966,2841,45.71171951293945,-171.36355590820312,424.82928466796875,0.0071,0
2026-05-02 16:07:27.964,2842,45.6821174621582,-171.28546142578125,424.82806396484375,0.0016,0
2026-05-02 16:07:28.972,2843,45.652462005615234,-171.2074737548828,424.8268737792969,0.0059,0
2026-05-02 16:07:29.973,2844,45.622745513916016,-171.1295623779297,424.8256530761719,0.0023,0
2026-05-02 16:07:30.976,2845,45.59296798706055,-171.05172729492188,424.82440185546875,0.0017,0
2026-05-02 16:07:31.980,2846,45.563133239746094,-170.9739990234375,424.8231506347656,0.0035,0
2026-05-02 16:07:32.987,2847,45.533241271972656,-170.89634704589844,424.8218994140625,0.0074,0
2026-05-02 16:07:33.985,2848,45.50328826904297,-170.81878662109375,424.82061767578125,0.0036,0
2026-05-02 16:07:34.992,2849,45.4732780456543,-170.74131774902344,424.8193359375,0.0064,0
2026-05-02 16:07:35.998,2850,45.44321060180664,-170.66390991210938,424.81805419921875,0.005,0
2026-05-02 16:07:37.005,2851,45.4130859375,-170.5866241455078,424.8167419433594,0.0063,0
2026-05-02 16:07:38.014,2852,45.352657318115234,-170.43228149414062,424.8140869140625,0.0091,0
2026-05-02 16:07:39.017,2853,45.322357177734375,-170.35523986816406,424.812744140625,0.0097,0
2026-05-02 16:07:40.025,2854,45.2920036315918,-170.27828979492188,424.8113708496094,0.0061,0
2026-05-02 16:07:41.035,2855,45.26158905029297,-170.20143127441406,424.80999755859375,0.009,0
2026-05-02 16:07:42.035,2856,45.231117248535156,-170.12464904785156,424.8086242675781,0.0058,0
2026-05-02 16:07:43.040,2857,45.20058822631836,-170.04795837402344,424.8072204589844,0.0056,0
2026-05-02 16:07:44.045,2858,45.17000198364258,-169.97134399414062,424.8058166503906,0.0073,0
2026-05-02 16:07:45.049,2859,45.13936233520508,-169.89483642578125,424.8044128417969,0.0063,0
2026-05-02 16:07:46.054,2860,45.10865783691406,-169.8184051513672,424.802978515625,0.0082,0
2026-05-02 16:07:47.062,2861,45.077903747558594,-169.7420654296875,424.8015441894531,0.0063,0
2026-05-02 16:07:48.067,2862,45.04709243774414,-169.66580200195312,424.800048828125,0.0036,0
2026-05-02 16:07:49.069,2863,45.0162239074707,-169.58963012695312,424.798583984375,0.0037,0
2026-05-02 16:07:50.075,2864,44.985294342041016,-169.51356506347656,424.7970886230469,0.0063,0
2026-05-02 16:07:51.088,2865,44.95431900024414,-169.43756103515625,424.7956237792969,0.0122,0
2026-05-02 16:07:52.084,2866,44.92327880859375,-169.36166381835938,424.7940979003906,0.006,0
2026-05-02 16:07:53.089,2867,44.89218521118164,-169.28582763671875,424.7926025390625,0.0087,0
2026-05-02 16:07:54.093,2868,44.86103820800781,-169.21009826660156,424.79107666015625,0.0087,0
2026-05-02 16:07:55.094,2869,44.829830169677734,-169.1344451904297,424.78948974609375,0.0058,0
2026-05-02 16:07:56.098,2870,44.7985725402832,-169.0588836669922,424.7879638671875,0.0059,0
2026-05-02 16:07:57.105,2871,44.76725387573242,-168.98341369628906,424.7864074707031,0.0059,0
2026-05-02 16:07:58.107,2872,44.73588562011719,-168.90802001953125,424.7848205566406,0.0062,0
2026-05-02 16:07:59.112,2873,44.70446014404297,-168.83273315429688,424.7832336425781,0.0055,0
2026-05-02 16:08:00.115,2874,44.6729736328125,-168.75750732421875,424.7816162109375,0.0052,0
2026-05-02 16:08:01.128,2875,44.641441345214844,-168.68238830566406,424.7799987792969,0.0067,0
2026-05-02 16:08:02.129,2876,44.60984802246094,-168.6073455810547,424.77838134765625,0.0051,0
2026-05-02 16:08:03.132,2877,44.57820129394531,-168.5323944091797,424.7767639160156,0.0059,0
2026-05-02 16:08:04.139,2878,44.54650115966797,-168.45751953125,424.77508544921875,0.0084,0
2026-05-02 16:08:05.138,2879,44.514747619628906,-168.3827362060547,424.7734375,0.0036,0
2026-05-02 16:08:06.141,2880,44.482940673828125,-168.3080291748047,424.77178955078125,0.0059,0
2026-05-02 16:08:07.144,2881,44.451072692871094,-168.23342895507812,424.77008056640625,0.0066,0
2026-05-02 16:08:08.143,2882,44.41915512084961,-168.15890502929688,424.7684020996094,0.0038,0
2026-05-02 16:08:09.148,2883,44.38718795776367,-168.08447265625,424.7666931152344,0.0072,0
2026-05-02 16:08:10.149,2884,44.355159759521484,-168.01011657714844,424.76495361328125,0.0052,0
2026-05-02 16:08:11.149,2885,44.323081970214844,-167.93585205078125,424.76324462890625,0.0033,0
2026-05-02 16:08:12.153,2886,44.29094696044922,-167.86166381835938,424.7615051269531,0.0023,0
2026-05-02 16:08:13.157,2887,44.25876235961914,-167.78758239746094,424.7597351074219,0.0019,0
2026-05-02 16:08:14.162,2888,44.22652053833008,-167.7135772705078,424.75799560546875,0.0019,0
2026-05-02 16:08:15.166,2889,44.1942253112793,-167.63966369628906,424.7562255859375,0.0022,0
2026-05-02 16:08:16.167,2890,44.16188049316406,-167.56581115722656,424.7544250488281,0.0024,0
2026-05-02 16:08:17.170,2891,44.12948226928711,-167.4920654296875,424.75262451171875,0.0035,0
2026-05-02 16:08:18.173,2892,44.09703063964844,-167.41839599609375,424.7508544921875,0.0036,0
2026-05-02 16:08:19.177,2893,44.06452560424805,-167.34481811523438,424.7490234375,0.0026,0
2026-05-02 16:08:20.179,2894,44.03196716308594,-167.27133178710938,424.7471923828125,0.0032,0
2026-05-02 16:08:21.182,2895,43.999359130859375,-167.1979217529297,424.7453308105469,0.003,0
2026-05-02 16:08:22.183,2896,43.966697692871094,-167.12460327148438,424.7434997558594,0.0031,0
2026-05-02 16:08:23.187,2897,43.93397903442383,-167.05137634277344,424.74163818359375,0.0039,0
2026-05-02 16:08:24.190,2898,43.90121078491211,-166.9782257080078,424.7397766113281,0.0043,0
2026-05-02 16:08:25.203,2899,43.86839294433594,-166.9051513671875,424.7378845214844,0.0024,0
2026-05-02 16:08:26.216,2900,43.83552169799805,-166.83216857910156,424.7359924316406,0.0084,0
2026-05-02 16:08:27.216,2901,43.80259704589844,-166.75927734375,424.7341003417969,0.0055,0
2026-05-02 16:08:28.220,2902,43.769622802734375,-166.68646240234375,424.732177734375,0.0065,0
2026-05-02 16:08:29.221,2903,43.73659896850586,-166.61375427246094,424.7302551269531,0.0056,0
2026-05-02 16:08:30.226,2904,43.70351791381836,-166.54110717773438,424.7283020019531,0.0065,0
2026-05-02 16:08:31.232,2905,43.670387268066406,-166.4685516357422,424.72637939453125,0.0107,0
2026-05-02 16:08:32.232,2906,43.63720703125,-166.39608764648438,424.7243957519531,0.009,0
2026-05-02 16:08:33.242,2907,43.60397720336914,-166.32369995117188,424.72247314453125,0.0074,0
2026-05-02 16:08:34.247,2908,43.57069396972656,-166.2513885498047,424.720458984375,0.0021,0
2026-05-02 16:08:35.251,2909,43.53736114501953,-166.17918395996094,424.718505859375,0.0037,0
2026-05-02 16:08:36.252,2910,43.50397491455078,-166.1070556640625,424.71649169921875,0.002,0
2026-05-02 16:08:37.270,2911,43.47053909301758,-166.03501892089844,424.7145080566406,0.0181,0
2026-05-02 16:08:38.261,2912,43.43705749511719,-165.9630584716797,424.71246337890625,0.0061,0
2026-05-02 16:08:39.265,2913,43.40351867675781,-165.89117431640625,424.71044921875,0.0049,0
2026-05-02 16:08:40.270,2914,43.36993408203125,-165.8193817138672,424.7084045410156,0.0069,0
2026-05-02 16:08:41.274,2915,43.3362922668457,-165.74766540527344,424.70635986328125,0.0049,0
2026-05-02 16:08:42.283,2916,43.302608489990234,-165.67604064941406,424.7043151855469,0.0106,0
2026-05-02 16:08:43.285,2917,43.26887130737305,-165.60450744628906,424.7022399902344,0.0109,0
2026-05-02 16:08:44.286,2918,43.235084533691406,-165.53305053710938,424.7001647949219,0.0053,0
2026-05-02 16:08:45.289,2919,43.20124816894531,-165.46168518066406,424.69805908203125,0.0056,0
2026-05-02 16:08:46.296,2920,43.167362213134766,-165.39039611816406,424.69598388671875,0.0082,0
2026-05-02 16:08:47.296,2921,43.133426666259766,-165.31919860839844,424.6938781738281,0.0056,0
2026-05-02 16:08:48.319,2922,43.09944152832031,-165.24807739257812,424.6917419433594,0.0098,0
2026-05-02 16:08:49.322,2923,43.06540298461914,-165.1770477294922,424.68963623046875,0.0074,0
2026-05-02 16:08:50.324,2924,43.03132247924805,-165.10609436035156,424.6875,0.0054,0
2026-05-02 16:08:51.327,2925,42.997188568115234,-165.03521728515625,424.6853332519531,0.005,0
2026-05-02 16:08:52.330,2926,42.96300506591797,-164.9644317626953,424.6831970214844,0.0045,0
2026-05-02 16:08:53.339,2927,42.928775787353516,-164.89373779296875,424.6810302734375,0.0089,0
2026-05-02 16:08:54.338,2928,42.89449691772461,-164.8231201171875,424.6788635253906,0.0053,0
2026-05-02 16:08:55.341,2929,42.86016845703125,-164.75259399414062,424.67669677734375,0.007,0
2026-05-02 16:08:56.351,2930,42.82579040527344,-164.68214416503906,424.67449951171875,0.0072,0
2026-05-02 16:08:57.351,2931,42.79136657714844,-164.61178588867188,424.6722717285156,0.0059,0
2026-05-02 16:08:58.354,2932,42.75689697265625,-164.54150390625,424.6700744628906,0.0058,0
2026-05-02 16:08:59.354,2933,42.722373962402344,-164.47129821777344,424.6678466796875,0.0038,0
2026-05-02 16:09:00.362,2934,42.68780517578125,-164.40118408203125,424.6656188964844,0.006,0
2026-05-02 16:09:01.366,2935,42.6531867980957,-164.33114624023438,424.6633605957031,0.0072,0
2026-05-02 16:09:02.363,2936,42.6185188293457,-164.2611846923828,424.6611633300781,0.0023,0
2026-05-02 16:09:03.368,2937,42.58380889892578,-164.19131469726562,424.65887451171875,0.0062,0
2026-05-02 16:09:04.369,2938,42.54904556274414,-164.1215362548828,424.6566162109375,0.0059,0
2026-05-02 16:09:05.369,2939,42.51424026489258,-164.0518341064453,424.65435791015625,0.002,0
2026-05-02 16:09:06.378,2940,42.47938537597656,-163.98220825195312,424.6520690917969,0.0026,0
2026-05-02 16:09:07.382,2941,42.444480895996094,-163.9126739501953,424.6497802734375,0.0022,0
2026-05-02 16:09:08.385,2942,42.40953063964844,-163.8432159423828,424.6474609375,0.0018,0
2026-05-02 16:09:09.391,2943,42.374534606933594,-163.77383422851562,424.6451416015625,0.0031,0
2026-05-02 16:09:10.399,2944,42.3394889831543,-163.70455932617188,424.6428527832031,0.002,0
2026-05-02 16:09:11.402,2945,42.30439758300781,-163.6353302001953,424.6405334472656,0.0017,0
2026-05-02 16:09:12.403,2946,42.26926040649414,-163.5662078857422,424.63818359375,0.0015,0
2026-05-02 16:09:13.404,2947,42.234073638916016,-163.49716186523438,424.6358337402344,0.0017,0
2026-05-02 16:09:14.406,2948,42.19884490966797,-163.42820739746094,424.6335144042969,0.0021,0
2026-05-02 16:09:15.409,2949,42.16356658935547,-163.3593292236328,424.6311340332031,0.0023,0
2026-05-02 16:09:16.411,2950,42.12824630737305,-163.29052734375,424.6287536621094,0.0021,0
2026-05-02 16:09:17.411,2951,42.09287643432617,-163.2218017578125,424.6263732910156,0.0021,0
2026-05-02 16:09:18.413,2952,42.05746078491211,-163.15316772460938,424.6239929199219,0.0022,0
2026-05-02 16:09:19.415,2953,42.02199935913086,-163.08462524414062,424.62158203125,0.0018,0
2026-05-02 16:09:20.417,2954,41.98649215698242,-163.01614379882812,424.61920166015625,0.0023,0
2026-05-02 16:09:21.418,2955,41.95093536376953,-162.94773864746094,424.6167907714844,0.0026,0
2026-05-02 16:09:22.419,2956,41.91533660888672,-162.8794403076172,424.6143798828125,0.0023,0
2026-05-02 16:09:23.421,2957,41.879695892333984,-162.8112030029297,424.6119384765625,0.0033,0
2026-05-02 16:09:24.422,2958,41.84400177001953,-162.74305725097656,424.6094970703125,0.0025,0
2026-05-02 16:09:25.423,2959,41.808265686035156,-162.67498779296875,424.6070556640625,0.0018,0
2026-05-02 16:09:26.427,2960,41.77248764038086,-162.60699462890625,424.6045837402344,0.0016,0
2026-05-02 16:09:27.428,2961,41.736663818359375,-162.53909301757812,424.6021423339844,0.002,0
2026-05-02 16:09:28.434,2962,41.70079040527344,-162.4712677001953,424.5997009277344,0.0018,0
2026-05-02 16:09:29.435,2963,41.664878845214844,-162.4035186767578,424.59722900390625,0.0017,0
2026-05-02 16:09:30.437,2964,41.6289176940918,-162.33584594726562,424.5947265625,0.0024,0
2026-05-02 16:09:31.438,2965,41.59291076660156,-162.26828002929688,424.59222412109375,0.0018,0
2026-05-02 16:09:32.439,2966,41.556861877441406,-162.2007598876953,424.5897521972656,0.0015,0
2026-05-02 16:09:33.441,2967,41.52076721191406,-162.13333129882812,424.58721923828125,0.0017,0
2026-05-02 16:09:34.444,2968,41.48463439941406,-162.0659942626953,424.584716796875,0.0018,0
2026-05-02 16:09:35.447,2969,41.448448181152344,-161.9987335205078,424.5821838378906,0.0017,0
2026-05-02 16:09:36.448,2970,41.41222381591797,-161.93154907226562,424.57965087890625,0.0018,0
2026-05-02 16:09:37.449,2971,41.37594985961914,-161.86444091796875,424.5771179199219,0.0019,0
2026-05-02 16:09:38.451,2972,41.339637756347656,-161.7974090576172,424.5745849609375,0.0017,0
2026-05-02 16:09:39.453,2973,41.30327606201172,-161.73048400878906,424.572021484375,0.0022,0
2026-05-02 16:09:40.455,2974,41.266876220703125,-161.66360473632812,424.5694580078125,0.0022,0
2026-05-02 16:09:41.455,2975,41.230430603027344,-161.59683227539062,424.56689453125,0.0019,0
2026-05-02 16:09:42.457,2976,41.19394302368164,-161.5301055908203,424.5643310546875,0.0021,0
2026-05-02 16:09:43.461,2977,41.15740966796875,-161.46348571777344,424.5617370605469,0.0022,0
2026-05-02 16:09:44.463,2978,41.12083435058594,-161.3969268798828,424.55914306640625,0.0024,0
2026-05-02 16:09:45.464,2979,41.0842170715332,-161.33045959472656,424.5565490722656,0.002,0
2026-05-02 16:09:46.464,2980,41.047550201416016,-161.26406860351562,424.553955078125,0.0018,0
2026-05-02 16:09:47.468,2981,41.01084518432617,-161.19776916503906,424.5513610839844,0.0026,0
2026-05-02 16:09:48.476,2982,40.974098205566406,-161.1315460205078,424.5487365722656,0.0029,0
2026-05-02 16:09:49.476,2983,40.93730926513672,-161.0653839111328,424.5461120605469,0.0022,0
2026-05-02 16:09:50.477,2984,40.900474548339844,-160.9993133544922,424.5434875488281,0.0018,0
2026-05-02 16:09:51.485,2985,40.86359786987305,-160.93331909179688,424.5408630371094,0.0028,0
2026-05-02 16:09:52.486,2986,40.82667922973633,-160.8673858642578,424.5382080078125,0.0017,0
2026-05-02 16:09:53.487,2987,40.78971862792969,-160.80154418945312,424.5355529785156,0.0025,0
2026-05-02 16:09:54.488,2988,40.752716064453125,-160.73577880859375,424.53289794921875,0.0017,0
2026-05-02 16:09:55.489,2989,40.71567153930664,-160.67010498046875,424.5302429199219,0.0017,0
2026-05-02 16:09:56.493,2990,40.678585052490234,-160.6044921875,424.527587890625,0.0017,0
2026-05-02 16:09:57.494,2991,40.641456604003906,-160.53897094726562,424.52490234375,0.0027,0
2026-05-02 16:09:58.496,2992,40.60428237915039,-160.47352600097656,424.522216796875,0.003,0
2026-05-02 16:09:59.496,2993,40.56707000732422,-160.40814208984375,424.51953125,0.0027,0
2026-05-02 16:10:00.498,2994,40.529815673828125,-160.3428497314453,424.516845703125,0.0026,0
2026-05-02 16:10:01.499,2995,40.49251937866211,-160.2776336669922,424.5141296386719,0.002,0
2026-05-02 16:10:02.501,2996,40.45518493652344,-160.21249389648438,424.5114440917969,0.0027,0
2026-05-02 16:10:03.511,2997,40.41780471801758,-160.14743041992188,424.50872802734375,0.0029,0
2026-05-02 16:10:04.528,2998,40.38038635253906,-160.0824432373047,424.5060119628906,0.0032,0
2026-05-02 16:10:05.531,2999,40.34292221069336,-160.0175323486328,424.5032958984375,0.0021,0
2026-05-02 16:10:06.533,3000,40.305419921875,-159.95269775390625,424.5005187988281,0.0019,0
2026-05-02 16:10:07.534,3001,40.267879486083984,-159.887939453125,424.497802734375,0.0016,0
2026-05-02 16:10:08.536,3002,40.23029327392578,-159.82327270507812,424.49505615234375,0.002,0
2026-05-02 16:10:09.537,3003,40.19266891479492,-159.7586669921875,424.4923095703125,0.0018,0
2026-05-02 16:10:10.539,3004,40.15500259399414,-159.6941375732422,424.48956298828125,0.0028,0
2026-05-02 16:10:11.539,3005,40.1172981262207,-159.6296844482422,424.4867858886719,0.002,0
2026-05-02 16:10:12.539,3006,40.079551696777344,-159.56532287597656,424.4840393066406,0.0017,0
2026-05-02 16:10:13.540,3007,40.04176712036133,-159.5010223388672,424.48126220703125,0.0021,0
2026-05-02 16:10:14.544,3008,40.003936767578125,-159.43679809570312,424.47845458984375,0.0023,0
2026-05-02 16:10:15.546,3009,39.966068267822266,-159.37265014648438,424.4756774902344,0.002,0
2026-05-02 16:10:16.546,3010,39.92816162109375,-159.30859375,424.472900390625,0.0018,0
2026-05-02 16:10:17.548,3011,39.89021682739258,-159.24459838867188,424.4700927734375,0.0025,0
2026-05-02 16:10:18.548,3012,39.852230072021484,-159.18067932128906,424.46728515625,0.0017,0
2026-05-02 16:10:19.549,3013,39.814205169677734,-159.11683654785156,424.4645080566406,0.002,0
2026-05-02 16:10:20.552,3014,39.7761344909668,-159.05307006835938,424.4617004394531,0.0036,0
2026-05-02 16:10:21.552,3015,39.73802947998047,-158.9893798828125,424.4588317871094,0.002,0
2026-05-02 16:10:22.554,3016,39.699886322021484,-158.92576599121094,424.4560241699219,0.0021,0
2026-05-02 16:10:23.558,3017,39.66170120239258,-158.86224365234375,424.4532165527344,0.0021,0
2026-05-02 16:10:24.563,3018,39.623477935791016,-158.79876708984375,424.45037841796875,0.0021,0
2026-05-02 16:10:25.565,3019,39.5852165222168,-158.73536682128906,424.4475402832031,0.0017,0
2026-05-02 16:10:26.566,3020,39.546913146972656,-158.67205810546875,424.4447021484375,0.0016,0
2026-05-02 16:10:27.567,3021,39.50857162475586,-158.60882568359375,424.44183349609375,0.0019,0
2026-05-02 16:10:28.569,3022,39.470191955566406,-158.545654296875,424.43896484375,0.0018,0
2026-05-02 16:10:29.573,3023,39.43177032470703,-158.48255920410156,424.4361267089844,0.0019,0
2026-05-02 16:10:30.573,3024,39.393314361572266,-158.41954040527344,424.4332580566406,0.0015,0
2026-05-02 16:10:31.576,3025,39.354820251464844,-158.3566131591797,424.430419921875,0.0021,0
2026-05-02 16:10:32.576,3026,39.3162841796875,-158.29373168945312,424.4275207519531,0.0017,0
2026-05-02 16:10:33.577,3027,39.277713775634766,-158.23094177246094,424.42462158203125,0.0021,0
2026-05-02 16:10:34.579,3028,39.239097595214844,-158.16822814941406,424.4217529296875,0.0024,0
2026-05-02 16:10:35.580,3029,39.2004508972168,-158.10557556152344,424.41888427734375,0.002,0
2026-05-02 16:10:36.581,3030,39.16176223754883,-158.0430145263672,424.41595458984375,0.0022,0
2026-05-02 16:10:37.582,3031,39.1230354309082,-157.98049926757812,424.4130859375,0.0018,0
2026-05-02 16:10:38.590,3032,39.08427429199219,-157.9180908203125,424.4101867675781,0.0022,0
2026-05-02 16:10:39.591,3033,39.04547119140625,-157.85572814941406,424.40728759765625,0.0018,0
2026-05-02 16:10:40.602,3034,39.00663375854492,-157.79344177246094,424.4043884277344,0.0021,0
2026-05-02 16:10:41.604,3035,38.96775817871094,-157.73123168945312,424.40142822265625,0.0021,0
2026-05-02 16:10:42.607,3036,38.9288444519043,-157.6691131591797,424.3985290527344,0.0021,0
2026-05-02 16:10:43.609,3037,38.889892578125,-157.6070556640625,424.3955993652344,0.0023,0
2026-05-02 16:10:44.611,3038,38.85090637207031,-157.54505920410156,424.3927001953125,0.0023,0
2026-05-02 16:10:45.614,3039,38.8118782043457,-157.483154296875,424.3897399902344,0.0041,0
2026-05-02 16:10:46.615,3040,38.7728157043457,-157.4213104248047,424.3868103027344,0.0017,0
2026-05-02 16:10:47.627,3041,38.73371124267578,-157.3595428466797,424.3838806152344,0.002,0
2026-05-02 16:10:48.632,3042,38.694576263427734,-157.2978515625,424.3809509277344,0.002,0
2026-05-02 16:10:49.636,3043,38.655399322509766,-157.23622131347656,424.3779602050781,0.0014,0
2026-05-02 16:10:50.642,3044,38.61619186401367,-157.17466735839844,424.3750305175781,0.0024,0
2026-05-02 16:10:51.644,3045,38.576942443847656,-157.11318969726562,424.3720703125,0.0032,0
2026-05-02 16:10:52.652,3046,38.53765869140625,-157.05178833007812,424.36907958984375,0.0022,0
2026-05-02 16:10:53.654,3047,38.49833679199219,-156.99044799804688,424.36614990234375,0.0023,0
2026-05-02 16:10:54.655,3048,38.458980560302734,-156.92918395996094,424.3631896972656,0.0021,0
2026-05-02 16:10:55.656,3049,38.419586181640625,-156.86798095703125,424.3602294921875,0.0018,0
2026-05-02 16:10:56.671,3050,38.380157470703125,-156.80686950683594,424.3572082519531,0.0025,0
2026-05-02 16:10:57.673,3051,38.34069061279297,-156.74581909179688,424.354248046875,0.0019,0
2026-05-02 16:10:58.675,3052,38.301185607910156,-156.68484497070312,424.3512878417969,0.0025,0
2026-05-02 16:10:59.675,3053,38.26165008544922,-156.62393188476562,424.3482666015625,0.0017,0
2026-05-02 16:11:00.677,3054,38.222076416015625,-156.56309509277344,424.34527587890625,0.0024,0
2026-05-02 16:11:01.681,3055,38.18246841430664,-156.50233459472656,424.3423156738281,0.0016,0
2026-05-02 16:11:02.684,3056,38.142822265625,-156.44163513183594,424.3393249511719,0.002,0
2026-05-02 16:11:03.686,3057,38.1031379699707,-156.38101196289062,424.3363037109375,0.0026,0
2026-05-02 16:11:04.692,3058,38.06342315673828,-156.32046508789062,424.33331298828125,0.0029,0
2026-05-02 16:11:05.693,3059,38.02367401123047,-156.25997924804688,424.330322265625,0.0019,0
2026-05-02 16:11:06.697,3060,37.983882904052734,-156.19956970214844,424.3272705078125,0.0021,0
2026-05-02 16:11:07.702,3061,37.944061279296875,-156.13922119140625,424.32427978515625,0.0031,0
2026-05-02 16:11:08.703,3062,37.90420150756836,-156.07894897460938,424.3212890625,0.0026,0
2026-05-02 16:11:09.705,3063,37.86431121826172,-156.0187530517578,424.3182373046875,0.0028,0
2026-05-02 16:11:10.705,3064,37.82438278198242,-155.9586181640625,424.3152160644531,0.0017,0
2026-05-02 16:11:11.708,3065,37.784423828125,-155.89854431152344,424.3122253417969,0.0021,0
2026-05-02 16:11:12.709,3066,37.744422912597656,-155.83856201171875,424.3091735839844,0.002,0
2026-05-02 16:11:13.712,3067,37.70439147949219,-155.7786407470703,424.30615234375,0.0021,0
2026-05-02 16:11:14.714,3068,37.66432189941406,-155.7187957763672,424.3031311035156,0.0023,0
2026-05-02 16:11:15.717,3069,37.62422180175781,-155.65899658203125,424.3000793457031,0.0019,0
2026-05-02 16:11:16.721,3070,37.58408737182617,-155.5992889404297,424.29705810546875,0.002,0
2026-05-02 16:11:17.727,3071,37.54391860961914,-155.53964233398438,424.29400634765625,0.0027,0
2026-05-02 16:11:18.728,3072,37.50371170043945,-155.4800567626953,424.29095458984375,0.0019,0
2026-05-02 16:11:19.730,3073,37.46347427368164,-155.42056274414062,424.2879333496094,0.0019,0
2026-05-02 16:11:20.734,3074,37.42320251464844,-155.36111450195312,424.2848815917969,0.0019,0
2026-05-02 16:11:21.735,3075,37.382896423339844,-155.3017578125,424.2818298339844,0.0016,0
2026-05-02 16:11:22.738,3076,37.342552185058594,-155.24244689941406,424.2787780761719,0.0022,0
2026-05-02 16:11:23.744,3077,37.302181243896484,-155.18321228027344,424.2757263183594,0.0051,0
2026-05-02 16:11:24.746,3078,37.26176834106445,-155.12403869628906,424.2726745605469,0.0019,0
2026-05-02 16:11:25.753,3079,37.22132873535156,-155.06495666503906,424.2696228027344,0.0021,0
2026-05-02 16:11:26.757,3080,37.180850982666016,-155.00592041015625,424.2665710449219,0.0023,0
2026-05-02 16:11:27.757,3081,37.140342712402344,-154.94696044921875,424.26348876953125,0.0018,0
2026-05-02 16:11:28.759,3082,37.09980010986328,-154.8880615234375,424.26043701171875,0.0017,0
2026-05-02 16:11:29.762,3083,37.059226989746094,-154.82923889160156,424.25738525390625,0.0019,0
2026-05-02 16:11:30.771,3084,37.018619537353516,-154.77049255371094,424.2542724609375,0.0033,0
2026-05-02 16:11:31.771,3085,36.97797393798828,-154.7117919921875,424.251220703125,0.0019,0
2026-05-02 16:11:32.788,3086,36.93729782104492,-154.65316772460938,424.2481689453125,0.0025,0
2026-05-02 16:11:33.791,3087,36.89659118652344,-154.5946044921875,424.2450866699219,0.0019,0
2026-05-02 16:11:34.793,3088,36.8558464050293,-154.5361328125,424.24200439453125,0.002,0
2026-05-02 16:11:35.796,3089,36.8150749206543,-154.4777069091797,424.23895263671875,0.0015,0
2026-05-02 16:11:36.797,3090,36.774269104003906,-154.41934204101562,424.23583984375,0.002,0
2026-05-02 16:11:37.799,3091,36.733428955078125,-154.36105346679688,424.2327880859375,0.0024,0
2026-05-02 16:11:38.800,3092,36.69255828857422,-154.30284118652344,424.22967529296875,0.0017,0
2026-05-02 16:11:39.806,3093,36.65165328979492,-154.24468994140625,424.22662353515625,0.0039,0
2026-05-02 16:11:40.807,3094,36.610713958740234,-154.18658447265625,424.2235412597656,0.0041,0
2026-05-02 16:11:41.806,3095,36.56974411010742,-154.12857055664062,424.2204284667969,0.0018,0
2026-05-02 16:11:42.809,3096,36.52874755859375,-154.07061767578125,424.21734619140625,0.0019,0
2026-05-02 16:11:43.812,3097,36.487709045410156,-154.0127410888672,424.21429443359375,0.0021,0
2026-05-02 16:11:44.824,3098,36.4466438293457,-153.9549102783203,424.211181640625,0.0034,0
2026-05-02 16:11:45.824,3099,36.405548095703125,-153.8971405029297,424.2080993652344,0.0027,0
2026-05-02 16:11:46.825,3100,36.364418029785156,-153.83944702148438,424.2049865722656,0.0021,0
2026-05-02 16:11:47.826,3101,36.32325744628906,-153.78182983398438,424.201904296875,0.0016,0
2026-05-02 16:11:48.827,3102,36.28206253051758,-153.72427368164062,424.1988220214844,0.002,0
2026-05-02 16:11:49.830,3103,36.240840911865234,-153.66676330566406,424.1957092285156,0.0018,0
2026-05-02 16:11:50.831,3104,36.199581146240234,-153.60934448242188,424.192626953125,0.0026,0
2026-05-02 16:11:51.831,3105,36.158294677734375,-153.55197143554688,424.1895446777344,0.002,0
2026-05-02 16:11:52.833,3106,36.116973876953125,-153.4946746826172,424.1864318847656,0.0023,0
2026-05-02 16:11:53.834,3107,36.075626373291016,-153.43743896484375,424.183349609375,0.0018,0
2026-05-02 16:11:54.836,3108,36.034244537353516,-153.38026428222656,424.1802062988281,0.0022,0
2026-05-02 16:11:55.841,3109,35.992828369140625,-153.32315063476562,424.1771240234375,0.0024,0
2026-05-02 16:11:56.842,3110,35.951385498046875,-153.26612854003906,424.1740417480469,0.002,0
2026-05-02 16:11:57.843,3111,35.909912109375,-153.2091522216797,424.1709289550781,0.0018,0
2026-05-02 16:11:58.844,3112,35.868404388427734,-153.1522216796875,424.1678466796875,0.0019,0
2026-05-02 16:11:59.846,3113,35.826866149902344,-153.0953826904297,424.1647644042969,0.002,0
2026-05-02 16:12:00.846,3114,35.785301208496094,-153.03860473632812,424.16162109375,0.002,0
2026-05-02 16:12:01.848,3115,35.74370193481445,-152.9818878173828,424.1585388183594,0.0021,0
2026-05-02 16:12:02.850,3116,35.70207214355469,-152.9252166748047,424.1554260253906,0.0023,0
2026-05-02 16:12:03.853,3117,35.66041564941406,-152.86862182617188,424.15234375,0.0027,0
2026-05-02 16:12:04.858,3118,35.61872100830078,-152.8120880126953,424.14923095703125,0.003,0
2026-05-02 16:12:05.859,3119,35.577003479003906,-152.75563049316406,424.1461181640625,0.002,0
2026-05-02 16:12:06.864,3120,35.53525161743164,-152.69923400878906,424.1430358886719,0.0045,0
2026-05-02 16:12:07.863,3121,35.49346923828125,-152.64288330078125,424.139892578125,0.0022,0
2026-05-02 16:12:08.864,3122,35.45166015625,-152.5866241455078,424.1368103027344,0.0024,0
2026-05-02 16:12:09.867,3123,35.40981674194336,-152.53041076660156,424.13372802734375,0.0026,0
2026-05-02 16:12:10.868,3124,35.367950439453125,-152.4742431640625,424.130615234375,0.0018,0
2026-05-02 16:12:11.882,3125,35.326045989990234,-152.41815185546875,424.12750244140625,0.0026,0
2026-05-02 16:12:12.886,3126,35.284114837646484,-152.3621368408203,424.1244201660156,0.0028,0
2026-05-02 16:12:13.886,3127,35.24215316772461,-152.30616760253906,424.1213073730469,0.0018,0
2026-05-02 16:12:14.888,3128,35.200164794921875,-152.25027465820312,424.11822509765625,0.0019,0
2026-05-02 16:12:15.895,3129,35.158145904541016,-152.19444274902344,424.1151123046875,0.0022,0
2026-05-02 16:12:16.896,3130,35.11609649658203,-152.138671875,424.11199951171875,0.0018,0
2026-05-02 16:12:17.898,3131,35.07402038574219,-152.08294677734375,424.1089172363281,0.0029,0
2026-05-02 16:12:18.899,3132,35.03190994262695,-152.0272979736328,424.1058044433594,0.0021,0
2026-05-02 16:12:19.902,3133,34.98977279663086,-151.97171020507812,424.10272216796875,0.0025,0
2026-05-02 16:12:20.902,3134,34.94760513305664,-151.9161834716797,424.0996398925781,0.0024,0
2026-05-02 16:12:21.903,3135,34.9054069519043,-151.8607177734375,424.0965270996094,0.0019,0
2026-05-02 16:12:22.904,3136,34.86318588256836,-151.80531311035156,424.09344482421875,0.0018,0
2026-05-02 16:12:23.909,3137,34.82093048095703,-151.7499542236328,424.09033203125,0.0021,0
2026-05-02 16:12:24.912,3138,34.778648376464844,-151.69468688964844,424.0872497558594,0.0023,0
2026-05-02 16:12:25.918,3139,34.73633575439453,-151.63946533203125,424.08416748046875,0.0044,0
2026-05-02 16:12:26.917,3140,34.69399642944336,-151.5843048095703,424.0810546875,0.0021,0
2026-05-02 16:12:27.919,3141,34.65162658691406,-151.52920532226562,424.0779724121094,0.0028,0
2026-05-02 16:12:28.918,3142,34.60922622680664,-151.4741668701172,424.07489013671875,0.0018,0
2026-05-02 16:12:29.920,3143,34.566802978515625,-151.419189453125,424.07177734375,0.0025,0
2026-05-02 16:12:30.920,3144,34.524349212646484,-151.36427307128906,424.0686950683594,0.0018,0
2026-05-02 16:12:31.921,3145,34.48186492919922,-151.30941772460938,424.06561279296875,0.0017,0
2026-05-02 16:12:32.922,3146,34.439353942871094,-151.25462341308594,424.0625305175781,0.002,0
2026-05-02 16:12:33.924,3147,34.39681625366211,-151.19989013671875,424.0594482421875,0.0021,0
2026-05-02 16:12:34.925,3148,34.354248046875,-151.1452178955078,424.05633544921875,0.0023,0
2026-05-02 16:12:35.927,3149,34.311649322509766,-151.09059143066406,424.05328369140625,0.003,0
2026-05-02 16:12:36.929,3150,34.26902770996094,-151.03604125976562,424.0502014160156,0.0019,0
2026-05-02 16:12:37.934,3151,34.226375579833984,-150.98153686523438,424.047119140625,0.0026,0
2026-05-02 16:12:38.959,3152,34.18369674682617,-150.92709350585938,424.0440368652344,0.0039,0
2026-05-02 16:12:39.958,3153,34.140987396240234,-150.8727264404297,424.04095458984375,0.0019,0
2026-05-02 16:12:40.963,3154,34.0982551574707,-150.8184051513672,424.03790283203125,0.002,0
2026-05-02 16:12:41.973,3155,34.05549240112305,-150.76414489746094,424.0348205566406,0.003,0
2026-05-02 16:12:42.973,3156,34.012699127197266,-150.7099609375,424.03173828125,0.0019,0
2026-05-02 16:12:43.973,3157,33.969879150390625,-150.6558074951172,424.0286865234375,0.0017,0
2026-05-02 16:12:44.978,3158,33.92703628540039,-150.6017303466797,424.025634765625,0.0024,0
2026-05-02 16:12:45.981,3159,33.8841667175293,-150.54771423339844,424.0225524902344,0.0026,0
2026-05-02 16:12:46.986,3160,33.84126663208008,-150.49374389648438,424.0195007324219,0.0022,0
2026-05-02 16:12:47.989,3161,33.798336029052734,-150.43983459472656,424.0164489746094,0.0019,0
2026-05-02 16:12:48.989,3162,33.7553825378418,-150.385986328125,424.01336669921875,0.0017,0
2026-05-02 16:12:49.990,3163,33.71240234375,-150.3321990966797,424.01031494140625,0.0021,0
2026-05-02 16:12:50.992,3164,33.669395446777344,-150.27847290039062,424.0072937011719,0.0016,0
2026-05-02 16:12:51.992,3165,33.62635803222656,-150.22479248046875,424.00421142578125,0.0016,0
2026-05-02 16:12:52.997,3166,33.58329391479492,-150.1711883544922,424.0011901855469,0.0019,0
2026-05-02 16:12:53.998,3167,33.54020690917969,-150.1176300048828,423.9981384277344,0.0021,0
2026-05-02 16:12:55.000,3168,33.497093200683594,-150.0641326904297,423.9950866699219,0.0021,0
2026-05-02 16:12:56.002,3169,33.453948974609375,-150.0106964111328,423.9920349121094,0.0036,0
2026-05-02 16:12:57.006,3170,33.367584228515625,-149.9039764404297,423.9859619140625,0.0025,0
2026-05-02 16:12:58.008,3171,33.324363708496094,-149.85072326660156,423.9829406738281,0.0016,0
2026-05-02 16:12:59.015,3172,33.28111267089844,-149.79750061035156,423.97991943359375,0.0034,0
2026-05-02 16:13:00.014,3173,33.23784255981445,-149.7443389892578,423.97686767578125,0.0025,0
2026-05-02 16:13:01.014,3174,33.194541931152344,-149.6912384033203,423.9738464355469,0.0017,0
2026-05-02 16:13:02.024,3175,33.151214599609375,-149.63819885253906,423.9708557128906,0.0026,0
2026-05-02 16:13:03.024,3176,33.10786056518555,-149.58522033691406,423.9678039550781,0.0016,0
2026-05-02 16:13:04.028,3177,33.06447982788086,-149.53228759765625,423.9648132324219,0.0021,0
2026-05-02 16:13:05.030,3178,33.021080017089844,-149.47943115234375,423.9617919921875,0.0025,0
2026-05-02 16:13:06.030,3179,32.97764587402344,-149.42660522460938,423.9587707519531,0.0021,0
2026-05-02 16:13:07.031,3180,32.93418884277344,-149.37384033203125,423.9557800292969,0.0024,0
2026-05-02 16:13:08.033,3181,32.890708923339844,-149.32115173339844,423.9527587890625,0.0024,0
2026-05-02 16:13:09.036,3182,32.847198486328125,-149.26849365234375,423.9497375488281,0.0018,0
2026-05-02 16:13:10.044,3183,32.80366897583008,-149.21591186523438,423.94677734375,0.0036,0
2026-05-02 16:13:11.044,3184,32.760108947753906,-149.1633758544922,423.94378662109375,0.0016,0
2026-05-02 16:13:12.061,3185,32.71652603149414,-149.11090087890625,423.9407958984375,0.003,0
2026-05-02 16:13:13.064,3186,32.67291259765625,-149.0584716796875,423.9377746582031,0.0019,0
2026-05-02 16:13:14.065,3187,32.62928009033203,-149.006103515625,423.934814453125,0.0022,0
2026-05-02 16:13:15.067,3188,32.58561706542969,-148.95379638671875,423.9318542480469,0.0024,0
2026-05-02 16:13:16.071,3189,32.54193115234375,-148.9015350341797,423.9288330078125,0.0034,0
2026-05-02 16:13:17.072,3190,32.49822235107422,-148.84933471679688,423.9258728027344,0.0023,0
2026-05-02 16:13:18.073,3191,32.45448303222656,-148.79718017578125,423.92291259765625,0.0016,0
2026-05-02 16:13:19.076,3192,32.41072463989258,-148.74510192871094,423.9199523925781,0.002,0
2026-05-02 16:13:20.077,3193,32.366939544677734,-148.69305419921875,423.9169921875,0.0019,0
2026-05-02 16:13:21.083,3194,32.32312774658203,-148.64108276367188,423.9140319824219,0.0022,0
2026-05-02 16:13:22.086,3195,32.279293060302734,-148.58914184570312,423.91107177734375,0.0021,0
2026-05-02 16:13:23.091,3196,32.23543167114258,-148.5372772216797,423.9081115722656,0.002,0
2026-05-02 16:13:24.093,3197,32.19154739379883,-148.48545837402344,423.9051818847656,0.0024,0
2026-05-02 16:13:25.095,3198,32.14763641357422,-148.43368530273438,423.9022216796875,0.0024,0
2026-05-02 16:13:26.096,3199,32.10370635986328,-148.38197326660156,423.8992919921875,0.0019,0
2026-05-02 16:13:27.101,3200,32.05974578857422,-148.330322265625,423.8963623046875,0.0053,0
2026-05-02 16:13:28.099,3201,32.01576232910156,-148.27870178222656,423.8934326171875,0.0019,0
2026-05-02 16:13:29.104,3202,31.971755981445312,-148.2271728515625,423.8905029296875,0.0021,0
2026-05-02 16:13:30.105,3203,31.92772674560547,-148.17567443847656,423.8876037597656,0.0018,0
2026-05-02 16:13:31.106,3204,31.883670806884766,-148.1242218017578,423.8846435546875,0.002,0
2026-05-02 16:13:32.107,3205,31.839590072631836,-148.0728302001953,423.8817443847656,0.0015,0
2026-05-02 16:13:33.109,3206,31.795486450195312,-148.02149963378906,423.87884521484375,0.0018,0
2026-05-02 16:13:34.112,3207,31.75135612487793,-147.97021484375,423.8759460449219,0.0039,0
2026-05-02 16:13:35.112,3208,31.70720672607422,-147.9189910888672,423.8730773925781,0.0017,0
2026-05-02 16:13:36.114,3209,31.66303253173828,-147.8677978515625,423.8701477050781,0.0019,0
2026-05-02 16:13:37.116,3210,31.618831634521484,-147.81668090820312,423.86724853515625,0.0019,0
2026-05-02 16:13:38.118,3211,31.574607849121094,-147.76560974121094,423.8643798828125,0.0018,0
2026-05-02 16:13:39.118,3212,31.530363082885742,-147.71458435058594,423.86151123046875,0.0019,0
2026-05-02 16:13:40.120,3213,31.486093521118164,-147.6636199951172,423.8586120605469,0.0019,0
2026-05-02 16:13:41.121,3214,31.44179916381836,-147.6127166748047,423.8557434082031,0.0019,0
2026-05-02 16:13:42.129,3215,31.39748191833496,-147.56185913085938,423.8528747558594,0.002,0
2026-05-02 16:13:43.136,3216,31.353139877319336,-147.51104736328125,423.85003662109375,0.0022,0
2026-05-02 16:13:44.139,3217,31.308774948120117,-147.4602813720703,423.84716796875,0.002,0
2026-05-02 16:13:45.141,3218,31.264389038085938,-147.40957641601562,423.84429931640625,0.0019,0
2026-05-02 16:13:46.142,3219,31.219974517822266,-147.3589324951172,423.8414611816406,0.0019,0
2026-05-02 16:13:47.143,3220,31.175540924072266,-147.30833435058594,423.838623046875,0.002,0
2026-05-02 16:13:48.144,3221,31.131086349487305,-147.2577667236328,423.8358154296875,0.0022,0
2026-05-02 16:13:49.146,3222,31.086605072021484,-147.207275390625,423.8329772949219,0.0017,0
2026-05-02 16:13:50.147,3223,31.042102813720703,-147.1568145751953,423.8301696777344,0.0025,0
2026-05-02 16:13:51.148,3224,30.997577667236328,-147.10643005371094,423.8273010253906,0.0019,0
2026-05-02 16:13:52.151,3225,30.953027725219727,-147.05609130859375,423.8244934082031,0.0019,0
2026-05-02 16:13:53.152,3226,30.908456802368164,-147.00579833984375,423.82171630859375,0.0023,0
2026-05-02 16:13:54.154,3227,30.863862991333008,-146.95555114746094,423.81890869140625,0.002,0
2026-05-02 16:13:55.155,3228,30.819244384765625,-146.9053497314453,423.81610107421875,0.0025,0
2026-05-02 16:13:56.156,3229,30.774606704711914,-146.85520935058594,423.8133239746094,0.0022,0
2026-05-02 16:13:57.160,3230,30.729942321777344,-146.80511474609375,423.8105163574219,0.0022,0
2026-05-02 16:13:58.164,3231,30.685256958007812,-146.7550811767578,423.8077392578125,0.0018,0
2026-05-02 16:13:59.164,3232,30.640548706054688,-146.70509338378906,423.8049621582031,0.0018,0
2026-05-02 16:14:00.168,3233,30.595821380615234,-146.6551513671875,423.8022155761719,0.0045,0
2026-05-02 16:14:01.166,3234,30.551067352294922,-146.60525512695312,423.7994384765625,0.0021,0
2026-05-02 16:14:02.170,3235,30.506296157836914,-146.555419921875,423.79669189453125,0.0021,0
2026-05-02 16:14:03.171,3236,30.46150016784668,-146.50563049316406,423.7939453125,0.0022,0
2026-05-02 16:14:04.173,3237,30.41667938232422,-146.4558868408203,423.79119873046875,0.0019,0
2026-05-02 16:14:05.173,3238,30.37183952331543,-146.4062042236328,423.7884826660156,0.0017,0
2026-05-02 16:14:06.174,3239,30.326974868774414,-146.35655212402344,423.78570556640625,0.0024,0
2026-05-02 16:14:07.186,3240,30.28209114074707,-146.30697631835938,423.7829895019531,0.0026,0
2026-05-02 16:14:08.187,3241,30.237186431884766,-146.25741577148438,423.7802734375,0.0019,0
2026-05-02 16:14:09.189,3242,30.192256927490234,-146.2079315185547,423.7775573730469,0.0025,0
2026-05-02 16:14:10.191,3243,30.147308349609375,-146.1584930419922,423.77484130859375,0.003,0
2026-05-02 16:14:11.200,3244,30.102336883544922,-146.10910034179688,423.77215576171875,0.0074,0
2026-05-02 16:14:12.200,3245,30.057344436645508,-146.0597381591797,423.76947021484375,0.0049,0
2026-05-02 16:14:13.204,3246,30.0123291015625,-146.0104522705078,423.76678466796875,0.0073,0
2026-05-02 16:14:14.204,3247,29.9672908782959,-145.96119689941406,423.76409912109375,0.0057,0
2026-05-02 16:14:15.207,3248,29.922231674194336,-145.91200256347656,423.76141357421875,0.0063,0
2026-05-02 16:14:16.216,3249,29.877153396606445,-145.86285400390625,423.7587585449219,0.0076,0
2026-05-02 16:14:17.220,3250,29.832054138183594,-145.81375122070312,423.756103515625,0.0065,0
2026-05-02 16:14:18.230,3251,29.78693389892578,-145.7646942138672,423.7534484863281,0.0113,0
2026-05-02 16:14:19.228,3252,29.741788864135742,-145.7156982421875,423.75079345703125,0.0064,0
2026-05-02 16:14:20.230,3253,29.696624755859375,-145.66673278808594,423.7481689453125,0.0053,0
2026-05-02 16:14:21.232,3254,29.651439666748047,-145.61781311035156,423.7455139160156,0.0062,0
2026-05-02 16:14:22.232,3255,29.606233596801758,-145.56895446777344,423.7428894042969,0.0041,0
2026-05-02 16:14:23.237,3256,29.561004638671875,-145.5201416015625,423.7402648925781,0.0078,0
2026-05-02 16:14:24.237,3257,29.515756607055664,-145.47137451171875,423.7376708984375,0.0061,0
2026-05-02 16:14:25.242,3258,29.470487594604492,-145.4226531982422,423.73504638671875,0.0081,0
2026-05-02 16:14:26.241,3259,29.425195693969727,-145.3739776611328,423.7324523925781,0.0056,0
2026-05-02 16:14:27.246,3260,29.379884719848633,-145.3253631591797,423.7298583984375,0.0079,0
2026-05-02 16:14:28.247,3261,29.334552764892578,-145.2767791748047,423.727294921875,0.0067,0
2026-05-02 16:14:29.251,3262,29.289199829101562,-145.22825622558594,423.7247009277344,0.006,0
2026-05-02 16:14:30.255,3263,29.24382781982422,-145.1797637939453,423.7221374511719,0.0071,0
2026-05-02 16:14:31.264,3264,29.19843292236328,-145.13133239746094,423.7195739746094,0.0069,0
2026-05-02 16:14:32.266,3265,29.153018951416016,-145.08294677734375,423.7170104980469,0.0061,0
2026-05-02 16:14:33.265,3266,29.107585906982422,-145.03460693359375,423.7144775390625,0.0039,0
2026-05-02 16:14:34.268,3267,29.062129974365234,-144.98629760742188,423.7119140625,0.0062,2
2026-05-02 16:14:34.348,3268,29.08116340637207,-144.96726989746094,423.7119140625,0.0053,2
2026-05-02 16:14:35.347,3269,29.054141998291016,-144.9005584716797,423.7093811035156,0.0016,2
2026-05-02 16:14:36.348,3270,29.018924713134766,-144.93760681152344,423.70684814453125,0.0019,2
2026-05-02 16:14:37.348,3271,28.983318328857422,-144.8993682861328,423.704345703125,0.002,2
2026-05-02 16:14:38.350,3272,28.949979782104492,-144.7237091064453,423.70184326171875,0.0021,2
2026-05-02 16:14:39.353,3273,28.911487579345703,-144.66856384277344,423.6993408203125,0.0026,2
2026-05-02 16:14:40.355,3274,28.878665924072266,-144.7871856689453,423.69683837890625,0.0043,2
2026-05-02 16:14:41.353,3275,28.843719482421875,-144.54917907714844,423.6943359375,0.0016,2
2026-05-02 16:14:42.357,3276,28.803287506103516,-144.7071075439453,423.6918640136719,0.0022,2
2026-05-02 16:14:43.359,3277,28.772945404052734,-144.43287658691406,423.68939208984375,0.0019,2
2026-05-02 16:14:44.361,3278,28.744003295898438,-144.36834716796875,423.68695068359375,0.0015,2
2026-05-02 16:14:45.373,3279,28.706714630126953,-144.31216430664062,423.68450927734375,0.0022,2
2026-05-02 16:14:46.374,3280,28.676889419555664,-144.24855041503906,423.6820373535156,0.0017,2
2026-05-02 16:14:47.380,3281,28.641845703125,-144.5350799560547,423.6795959472656,0.003,2
2026-05-02 16:14:48.381,3282,28.61164093017578,-144.12698364257812,423.67718505859375,0.0018,2
2026-05-02 16:14:49.382,3283,28.573209762573242,-144.07205200195312,423.67474365234375,0.0022,2
2026-05-02 16:14:50.383,3284,28.54640769958496,-144.00552368164062,423.6723327636719,0.0018,2
2026-05-02 16:14:51.388,3285,28.50971794128418,-143.9488983154297,423.6699523925781,0.0024,2
2026-05-02 16:14:52.389,3286,28.48084259033203,-144.3651123046875,423.66754150390625,0.0025,2
2026-05-02 16:14:53.396,3287,28.44974136352539,-143.8223114013672,423.6651611328125,0.0018,2
2026-05-02 16:14:54.398,3288,28.415088653564453,-144.2962188720703,423.66278076171875,0.0022,2
2026-05-02 16:14:55.399,3289,28.382556915283203,-143.7030487060547,423.660400390625,0.0021,2
2026-05-02 16:14:56.403,3290,28.351558685302734,-144.2298126220703,423.65802001953125,0.0027,2
2026-05-02 16:14:57.403,3291,28.318151473999023,-143.58111572265625,423.65570068359375,0.0015,2
2026-05-02 16:14:58.405,3292,28.287220001220703,-144.162841796875,423.6533508300781,0.0027,2
2026-05-02 16:14:59.410,3293,28.24921226501465,-144.1236114501953,423.6510009765625,0.0059,2
2026-05-02 16:15:00.409,3294,28.20825958251953,-143.4116668701172,423.648681640625,0.0023,2
2026-05-02 16:15:01.412,3295,28.1766357421875,-144.0487823486328,423.6463623046875,0.0043,2
2026-05-02 16:15:02.416,3296,28.140005111694336,-143.29379272460938,423.6440734863281,0.0038,2
2026-05-02 16:15:03.416,3297,28.104068756103516,-143.23672485351562,423.6417541503906,0.0027,2
2026-05-02 16:15:04.415,3298,28.076112747192383,-143.17169189453125,423.63946533203125,0.0018,2
2026-05-02 16:15:05.420,3299,28.037517547607422,-143.11732482910156,423.6371765136719,0.004,2
2026-05-02 16:15:06.420,3300,28.00994873046875,-143.87754821777344,423.6349182128906,0.0037,2
2026-05-02 16:15:07.424,3301,27.969234466552734,-143.8361053466797,423.6326599121094,0.0055,2
2026-05-02 16:15:08.425,3302,27.932811737060547,-142.9432830810547,423.6304016113281,0.0058,2
2026-05-02 16:15:09.424,3303,27.90038299560547,-142.88284301757812,423.6281433105469,0.0027,2
2026-05-02 16:15:10.430,3304,27.863800048828125,-143.72886657714844,423.62591552734375,0.0017,2
2026-05-02 16:15:12.444,3305,27.840572357177734,-142.75698852539062,423.6236877441406,0.0028,2
2026-05-02 16:15:13.451,3306,27.809066772460938,-142.69569396972656,423.6214599609375,0.005,2
2026-05-02 16:15:14.452,3307,27.769319534301758,-143.6331329345703,423.6192932128906,0.0033,2
2026-05-02 16:15:15.456,3308,27.74143409729004,-143.60494995117188,423.6170654296875,0.0059,2
2026-05-02 16:15:16.457,3309,27.70803451538086,-143.57131958007812,423.6148681640625,0.0053,2
2026-05-02 16:15:17.463,3310,27.680295944213867,-142.45352172851562,423.61273193359375,0.0056,2
2026-05-02 16:15:18.466,3311,27.646873474121094,-143.50985717773438,423.61053466796875,0.0047,2
2026-05-02 16:15:19.487,3312,27.60677719116211,-142.34173583984375,423.6083679199219,0.0043,2
2026-05-02 16:15:20.490,3313,27.573223114013672,-143.43617248535156,423.6062316894531,0.005,2
2026-05-02 16:15:21.493,3314,27.536508560180664,-143.39950561523438,423.6040954589844,0.006,2
2026-05-02 16:15:22.493,3315,27.507497787475586,-142.16319274902344,423.6019592285156,0.0048,2
2026-05-02 16:15:23.495,3316,27.479843139648438,-143.3431396484375,423.599853515625,0.0053,2
2026-05-02 16:15:24.494,3317,27.44804573059082,-143.31158447265625,423.59771728515625,0.0038,2
2026-05-02 16:15:25.497,3318,27.421316146850586,-141.97178649902344,423.5956115722656,0.004,2
2026-05-02 16:15:26.501,3319,27.38136100769043,-143.24557495117188,423.5935363769531,0.0067,2
2026-05-02 16:15:27.501,3320,27.343215942382812,-141.86495971679688,423.5914611816406,0.0042,2
2026-05-02 16:15:28.500,3321,27.30974578857422,-141.8059844970703,423.5893859863281,0.0028,2
2026-05-02 16:15:29.501,3322,27.278366088867188,-143.14401245117188,423.5873107910156,0.0035,2
2026-05-02 16:15:30.509,3323,27.239131927490234,-141.69180297851562,423.58526611328125,0.0059,2
2026-05-02 16:15:31.512,3324,27.2050724029541,-141.63348388671875,423.583251953125,0.0055,2
2026-05-02 16:15:32.514,3325,27.173431396484375,-143.04104614257812,423.5812072753906,0.0062,2
2026-05-02 16:15:33.515,3326,27.142108917236328,-143.01048278808594,423.5791931152344,0.0049,2
2026-05-02 16:15:34.521,3327,27.114643096923828,-142.9838409423828,423.5771789550781,0.0037,2
2026-05-02 16:15:35.534,3328,27.084320068359375,-142.95440673828125,423.5751953125,0.0059,2
2026-05-02 16:15:36.534,3329,27.05695343017578,-141.32012939453125,423.57318115234375,0.0052,2
2026-05-02 16:15:37.535,3330,27.01766586303711,-141.26718139648438,423.57122802734375,0.0045,2
2026-05-02 16:15:38.538,3331,26.97818374633789,-141.21446228027344,423.5692443847656,0.0062,2
2026-05-02 16:15:39.538,3332,26.943628311157227,-142.81781005859375,423.56732177734375,0.0055,2
2026-05-02 16:15:40.540,3333,26.914112091064453,-142.78945922851562,423.5653381347656,0.0056,2
2026-05-02 16:15:41.540,3334,26.877992630004883,-142.75457763671875,423.56341552734375,0.0046,2
2026-05-02 16:15:42.543,3335,26.83663558959961,-140.98741149902344,423.5614929199219,0.006,2
2026-05-02 16:15:43.544,3336,26.795825958251953,-140.93612670898438,423.5596008300781,0.0039,2
2026-05-02 16:15:44.548,3337,26.763107299804688,-140.87680053710938,423.55767822265625,0.0058,2
2026-05-02 16:15:45.547,3338,26.727067947387695,-140.82078552246094,423.5557861328125,0.0045,2
2026-05-02 16:15:46.552,3339,26.697721481323242,-142.5812530517578,423.55389404296875,0.0049,2
2026-05-02 16:15:47.553,3340,26.66774559020996,-140.69607543945312,423.5520324707031,0.0041,2
2026-05-02 16:15:48.555,3341,26.62602996826172,-142.51275634765625,423.5502014160156,0.0041,2
2026-05-02 16:15:49.561,3342,26.596216201782227,-142.484619140625,423.54833984375,0.0065,2
2026-05-02 16:15:50.562,3343,26.555767059326172,-140.53219604492188,423.5465087890625,0.0051,2
2026-05-02 16:15:51.562,3344,26.51869010925293,-142.4105987548828,423.544677734375,0.0031,2
2026-05-02 16:15:52.566,3345,26.48641014099121,-142.38015747070312,423.5428771972656,0.0059,2
2026-05-02 16:15:53.569,3346,26.447675704956055,-140.3646240234375,423.54107666015625,0.0041,2
2026-05-02 16:15:54.570,3347,26.4154052734375,-142.31298828125,423.5392761230469,0.004,2
2026-05-02 16:15:55.574,3348,26.387693405151367,-142.28729248046875,423.5375061035156,0.0057,2
2026-05-02 16:15:56.573,3349,26.35618019104004,-142.25782775878906,423.53570556640625,0.0022,2
2026-05-02 16:15:57.577,3350,26.325889587402344,-142.22964477539062,423.5339660644531,0.0044,2
2026-05-02 16:15:58.578,3351,26.286123275756836,-140.0671844482422,423.5322265625,0.0048,2
2026-05-02 16:15:59.585,3352,26.25543212890625,-142.16357421875,423.5304870605469,0.0038,2
2026-05-02 16:16:00.588,3353,26.223915100097656,-142.13433837890625,423.5287780761719,0.0055,2
2026-05-02 16:16:01.592,3354,26.190126419067383,-142.10287475585938,423.5270690917969,0.0056,2
2026-05-02 16:16:02.594,3355,26.15556526184082,-142.07069396972656,423.5253601074219,0.0051,2
2026-05-02 16:16:03.595,3356,26.127811431884766,-139.76705932617188,423.523681640625,0.0043,2
2026-05-02 16:16:04.597,3357,26.087862014770508,-139.7153778076172,423.5220031738281,0.0054,2
2026-05-02 16:16:05.595,3358,26.055946350097656,-139.6556854248047,423.5203552246094,0.0033,2
2026-05-02 16:16:06.598,3359,26.021203994750977,-141.94639587402344,423.5186767578125,0.004,2
2026-05-02 16:16:07.602,3360,25.979122161865234,-141.90695190429688,423.5170593261719,0.0058,2
2026-05-02 16:16:08.601,3361,25.947708129882812,-141.8782501220703,423.51544189453125,0.0045,2
2026-05-02 16:16:09.603,3362,25.9107608795166,-139.43467712402344,423.5138244628906,0.0047,2
2026-05-02 16:16:10.607,3363,25.871416091918945,-139.3825225830078,423.51220703125,0.0049,2
2026-05-02 16:16:11.609,3364,25.839204788208008,-139.32325744628906,423.5106201171875,0.0056,2
2026-05-02 16:16:12.606,3365,25.802715301513672,-139.26828002929688,423.509033203125,0.0015,2
2026-05-02 16:16:13.610,3366,25.763660430908203,-139.21592712402344,423.5074768066406,0.002,2
2026-05-02 16:16:14.611,3367,25.72191619873047,-141.66973876953125,423.50592041015625,0.002,2
2026-05-02 16:16:15.612,3368,25.68523597717285,-141.63612365722656,423.5043640136719,0.0018,2
2026-05-02 16:16:16.617,3369,25.645606994628906,-141.59962463378906,423.5028381347656,0.006,2
2026-05-02 16:16:17.624,3370,25.6091365814209,-141.5663299560547,423.5013427734375,0.0021,2
2026-05-02 16:16:18.628,3371,25.569913864135742,-138.95281982421875,423.49981689453125,0.0046,2
2026-05-02 16:16:19.630,3372,25.53103256225586,-141.4947052001953,423.49835205078125,0.0061,2
2026-05-02 16:16:20.630,3373,25.501066207885742,-138.83908081054688,423.4968566894531,0.0054,2
2026-05-02 16:16:21.632,3374,25.464740753173828,-141.4351043701172,423.495361328125,0.0049,2
2026-05-02 16:16:22.634,3375,25.429302215576172,-141.403076171875,423.4939270019531,0.0061,2
2026-05-02 16:16:23.635,3376,25.394195556640625,-138.67222595214844,423.49249267578125,0.0058,2
2026-05-02 16:16:24.636,3377,25.35297966003418,-138.62225341796875,423.4910583496094,0.0055,2
2026-05-02 16:16:25.642,3378,25.311403274536133,-138.57264709472656,423.4896545410156,0.0066,2
2026-05-02 16:16:26.642,3379,25.2729549407959,-138.51992797851562,423.4882507324219,0.0037,2
2026-05-02 16:16:27.642,3380,25.237016677856445,-141.2286834716797,423.4868469238281,0.0025,2
2026-05-02 16:16:28.646,3381,25.20433807373047,-141.19972229003906,423.4854736328125,0.0051,2
2026-05-02 16:16:29.648,3382,25.16489601135254,-141.16404724121094,423.484130859375,0.0056,2
2026-05-02 16:16:30.649,3383,25.13092803955078,-141.1339111328125,423.4827575683594,0.0043,2
2026-05-02 16:16:31.651,3384,25.092073440551758,-138.2453155517578,423.4814147949219,0.0057,2
2026-05-02 16:16:32.654,3385,25.05232810974121,-138.1940155029297,423.4801025390625,0.0069,2
2026-05-02 16:16:33.657,3386,25.022642135620117,-141.03738403320312,423.4787902832031,0.0041,2
2026-05-02 16:16:34.658,3387,24.986045837402344,-138.07827758789062,423.47747802734375,0.004,2
2026-05-02 16:16:35.662,3388,24.947153091430664,-140.97000122070312,423.4761962890625,0.005,2
2026-05-02 16:16:36.662,3389,24.913419723510742,-140.9403839111328,423.47491455078125,0.0045,2
2026-05-02 16:16:37.664,3390,24.88387680053711,-137.90757751464844,423.4736633300781,0.0047,2
2026-05-02 16:16:38.666,3391,24.841806411743164,-140.8771514892578,423.472412109375,0.0047,2
2026-05-02 16:16:39.671,3392,24.810617446899414,-137.7990264892578,423.47119140625,0.0065,2
2026-05-02 16:16:40.671,3393,24.779064178466797,-140.822998046875,423.469970703125,0.0047,2
2026-05-02 16:16:41.675,3394,24.744897842407227,-140.79318237304688,423.46875,0.0062,2
2026-05-02 16:16:42.676,3395,24.706676483154297,-137.63040161132812,423.4675598144531,0.0046,2
2026-05-02 16:16:43.678,3396,24.66640281677246,-137.57986450195312,423.46636962890625,0.0061,2
2026-05-02 16:16:44.678,3397,24.632816314697266,-140.69447326660156,423.4652099609375,0.0055,2
2026-05-02 16:16:45.680,3398,24.59928321838379,-137.4654083251953,423.46405029296875,0.0061,2
2026-05-02 16:16:46.681,3399,24.565834045410156,-137.40809631347656,423.46295166015625,0.0051,2
2026-05-02 16:16:47.683,3400,24.53502082824707,-140.6104736328125,423.4618225097656,0.0055,2
2026-05-02 16:16:48.686,3401,24.49663543701172,-137.29583740234375,423.460693359375,0.0056,2
2026-05-02 16:16:49.687,3402,24.465890884399414,-140.55078125,423.4595947265625,0.0061,2
2026-05-02 16:16:50.687,3403,24.437910079956055,-137.17318725585938,423.45849609375,0.0055,2
2026-05-02 16:16:51.693,3404,24.402381896972656,-137.11805725097656,423.4574279785156,0.0079,2
2026-05-02 16:16:52.691,3405,24.37147331237793,-137.05831909179688,423.45635986328125,0.005,2
2026-05-02 16:16:53.693,3406,24.338632583618164,-140.44296264648438,423.4553527832031,0.0063,2
2026-05-02 16:16:54.699,3407,24.302410125732422,-140.4116973876953,423.4543151855469,0.0048,2
2026-05-02 16:16:55.701,3408,24.26117515563965,-136.8968048095703,423.45330810546875,0.0048,2
2026-05-02 16:16:56.713,3409,24.228639602661133,-136.83877563476562,423.4523010253906,0.0048,2
2026-05-02 16:16:57.719,3410,24.19278907775879,-136.78408813476562,423.4513244628906,0.0022,2
2026-05-02 16:16:58.722,3411,24.16360855102539,-140.29327392578125,423.4503479003906,0.0043,2
2026-05-02 16:16:59.725,3412,24.122175216674805,-136.6736602783203,423.4493713378906,0.0052,2
2026-05-02 16:17:00.727,3413,24.09429359436035,-136.61105346679688,423.44842529296875,0.006,2
2026-05-02 16:17:01.726,3414,24.054088592529297,-136.560791015625,423.447509765625,0.0043,2
2026-05-02 16:17:02.729,3415,24.026002883911133,-140.1767578125,423.44659423828125,0.0058,2
2026-05-02 16:17:03.729,3416,23.995296478271484,-136.43870544433594,423.4456787109375,0.0047,2
2026-05-02 16:17:04.731,3417,23.964550018310547,-140.12612915039062,423.44482421875,0.0047,2
2026-05-02 16:17:05.731,3418,23.9317626953125,-140.09881591796875,423.4439392089844,0.0035,2
2026-05-02 16:17:06.736,3419,23.89487648010254,-140.0674591064453,423.4430847167969,0.0065,2
2026-05-02 16:17:07.736,3420,23.861820220947266,-136.21063232421875,423.4422607421875,0.0053,2
2026-05-02 16:17:08.739,3421,23.832496643066406,-140.01625061035156,423.44140625,0.0049,2
2026-05-02 16:17:09.742,3422,23.79214859008789,-139.98155212402344,423.4405822753906,0.0039,2
2026-05-02 16:17:10.749,3423,23.75130844116211,-139.94642639160156,423.4398193359375,0.0058,2
2026-05-02 16:17:11.749,3424,23.72303581237793,-139.92388916015625,423.4389953613281,0.0048,2
2026-05-02 16:17:12.751,3425,23.68402862548828,-139.8906707763672,423.4382629394531,0.0055,2
2026-05-02 16:17:13.760,3426,23.646455764770508,-135.8842315673828,423.4375,0.0048,2
2026-05-02 16:17:14.765,3427,23.61066436767578,-139.8290252685547,423.4367370605469,0.005,2
2026-05-02 16:17:15.767,3428,23.581220626831055,-139.8054962158203,423.43603515625,0.0048,2
2026-05-02 16:17:16.769,3429,23.54921531677246,-139.77944946289062,423.435302734375,0.005,2
2026-05-02 16:17:17.773,3430,23.520000457763672,-139.75624084472656,423.43463134765625,0.0055,2
2026-05-02 16:17:18.775,3431,23.490921020507812,-135.58880615234375,423.4339294433594,0.0061,2
2026-05-02 16:17:19.782,3432,23.454607009887695,-135.53497314453125,423.43328857421875,0.0046,2
2026-05-02 16:17:20.782,3433,23.4221248626709,-139.67665100097656,423.4326171875,0.0034,2
2026-05-02 16:17:21.787,3434,23.392133712768555,-139.65284729003906,423.4320068359375,0.0056,2
2026-05-02 16:17:22.788,3435,23.3577880859375,-135.3614959716797,423.4313659667969,0.005,2
2026-05-02 16:17:23.793,3436,23.319087982177734,-135.31011962890625,423.4307861328125,0.0062,2
2026-05-02 16:17:24.795,3437,23.290904998779297,-139.57040405273438,423.43017578125,0.0052,2
2026-05-02 16:17:25.797,3438,23.262271881103516,-135.18685913085938,423.4295959472656,0.0067,2
2026-05-02 16:17:26.796,3439,23.22243881225586,-139.51467895507812,423.42901611328125,0.0036,2
2026-05-02 16:17:27.799,3440,23.180522918701172,-135.08860778808594,423.4284973144531,0.0061,2
2026-05-02 16:17:28.801,3441,23.148670196533203,-139.4538116455078,423.427978515625,0.0051,2
2026-05-02 16:17:29.804,3442,23.112747192382812,-139.42442321777344,423.4274597167969,0.006,2
2026-05-02 16:17:30.806,3443,23.078657150268555,-139.3968963623047,423.4269714355469,0.0063,2
2026-05-02 16:17:31.802,3444,23.037208557128906,-134.87210083007812,423.4264831542969,0.0024,2
2026-05-02 16:17:32.809,3445,23.00124168395996,-134.81817626953125,423.4259948730469,0.004,2
2026-05-02 16:17:33.810,3446,22.959613800048828,-139.2977752685547,423.4255676269531,0.0036,2
2026-05-02 16:17:34.809,3447,22.921802520751953,-139.26669311523438,423.42510986328125,0.0024,2
2026-05-02 16:17:35.813,3448,22.891788482666016,-134.6580047607422,423.4247131347656,0.0019,2
2026-05-02 16:17:36.824,3449,22.85093879699707,-134.60899353027344,423.42431640625,0.0058,2
2026-05-02 16:17:37.824,3450,22.812814712524414,-139.17813110351562,423.4239196777344,0.0052,2
2026-05-02 16:17:38.826,3451,22.769479751586914,-139.14169311523438,423.42352294921875,0.0057,2
2026-05-02 16:17:39.831,3452,22.731828689575195,-139.1109619140625,423.4231872558594,0.0051,2
2026-05-02 16:17:40.831,3453,22.70242691040039,-134.39834594726562,423.4228515625,0.0037,2
2026-05-02 16:17:41.835,3454,22.671167373657227,-139.06430053710938,423.42254638671875,0.0061,2
2026-05-02 16:17:42.836,3455,22.63104820251465,-139.03121948242188,423.4222106933594,0.0044,2
2026-05-02 16:17:43.837,3456,22.5967960357666,-134.23475646972656,423.4219055175781,0.0042,2
2026-05-02 16:17:44.847,3457,22.56376838684082,-134.17808532714844,423.4216613769531,0.0058,2
2026-05-02 16:17:45.848,3458,22.523136138916016,-134.1290283203125,423.42138671875,0.0056,2
2026-05-02 16:17:46.849,3459,22.48481559753418,-134.0776824951172,423.4211120605469,0.0051,2
2026-05-02 16:17:47.853,3460,22.455148696899414,-134.01768493652344,423.4208984375,0.006,2
2026-05-02 16:17:48.854,3461,22.423748016357422,-138.86708068847656,423.4206848144531,0.0058,2
2026-05-02 16:17:49.859,3462,22.392290115356445,-138.8429412841797,423.4205017089844,0.008,2
2026-05-02 16:17:50.870,3463,22.35891342163086,-138.81692504882812,423.4203186035156,0.0067,2
2026-05-02 16:17:51.870,3464,22.323144912719727,-138.78857421875,423.420166015625,0.0051,2
2026-05-02 16:17:52.874,3465,22.28331184387207,-133.74151611328125,423.4200134277344,0.0057,2
2026-05-02 16:17:53.874,3466,22.25083351135254,-138.731201171875,423.41986083984375,0.0037,2
2026-05-02 16:17:54.875,3467,22.210311889648438,-138.69821166992188,423.41973876953125,0.0037,2
2026-05-02 16:17:55.879,3468,22.170915603637695,-133.58529663085938,423.4196472167969,0.0067,2
2026-05-02 16:17:56.879,3469,22.13571548461914,-138.63877868652344,423.4195861816406,0.0053,2
2026-05-02 16:17:57.880,3470,22.10597038269043,-133.47125244140625,423.41949462890625,0.005,2
2026-05-02 16:17:58.882,3471,22.064376831054688,-138.582763671875,423.4194641113281,0.0046,2
2026-05-02 16:17:59.884,3472,22.023601531982422,-138.54971313476562,423.41943359375,0.0031,2
2026-05-02 16:18:00.885,3473,21.980161666870117,-133.3286895751953,423.4194030761719,0.003,2
2026-05-02 16:18:01.887,3474,21.94806671142578,-133.27137756347656,423.4194030761719,0.003,2
2026-05-02 16:18:02.890,3475,21.915164947509766,-133.21485900878906,423.41943359375,0.0051,2
2026-05-02 16:18:03.891,3476,21.872554779052734,-138.42991638183594,423.4194641113281,0.0048,2
2026-05-02 16:18:04.902,3477,21.839092254638672,-133.11215209960938,423.4195251464844,0.0054,2
2026-05-02 16:18:05.905,3478,21.79697608947754,-133.06492614746094,423.4195861816406,0.0056,2
2026-05-02 16:18:06.906,3479,21.762807846069336,-133.00973510742188,423.4196472167969,0.0055,2
2026-05-02 16:18:07.910,3480,21.723726272583008,-138.3129425048828,423.4197692871094,0.0035,2
2026-05-02 16:18:08.913,3481,21.69049644470215,-132.90341186523438,423.41986083984375,0.0048,2
2026-05-02 16:18:09.915,3482,21.65195655822754,-132.8526611328125,423.4200439453125,0.0052,2
2026-05-02 16:18:10.924,3483,21.567407608032227,-132.75865173339844,423.42034912109375,0.004,2
2026-05-02 16:18:11.927,3484,21.529455184936523,-132.7073516845703,423.4205322265625,0.007,2
2026-05-02 16:18:12.928,3485,21.50031852722168,-138.13844299316406,423.42071533203125,0.0064,2
2026-05-02 16:18:13.927,3486,21.470720291137695,-132.58763122558594,423.4209289550781,0.0038,2
2026-05-02 16:18:14.930,3487,21.436511993408203,-138.09121704101562,423.4211730957031,0.0049,2
2026-05-02 16:18:15.933,3488,21.39410400390625,-138.05715942382812,423.42144775390625,0.0061,2
2026-05-02 16:18:16.932,3489,21.352426528930664,-132.43836975097656,423.4217224121094,0.004,2
2026-05-02 16:18:17.933,3490,21.30956268310547,-137.98941040039062,423.4219970703125,0.0043,2
2026-05-02 16:18:18.937,3491,21.27615737915039,-132.33633422851562,423.42230224609375,0.0051,2
2026-05-02 16:18:19.937,3492,21.243881225585938,-137.94070434570312,423.4226379394531,0.0044,2
2026-05-02 16:18:20.942,3493,21.201040267944336,-132.2332000732422,423.4229736328125,0.0052,2
2026-05-02 16:18:21.941,3494,21.16478729248047,-132.1803741455078,423.42333984375,0.0039,2
2026-05-02 16:18:22.946,3495,21.129053115844727,-137.8515625,423.4237060546875,0.0019,2
2026-05-02 16:18:23.952,3496,21.09734344482422,-132.0696563720703,423.4241027832031,0.0063,2
2026-05-02 16:18:24.948,3497,21.05524253845215,-137.79507446289062,423.42449951171875,0.0018,2
2026-05-02 16:18:25.950,3498,21.01689338684082,-137.76541137695312,423.4249267578125,0.002,2
2026-05-02 16:18:26.955,3499,20.974197387695312,-131.92568969726562,423.4253845214844,0.0034,2
2026-05-02 16:18:27.960,3500,20.936750411987305,-131.87411499023438,423.42584228515625,0.0019,2
2026-05-02 16:18:28.965,3501,20.907154083251953,-137.6820068359375,423.4263000488281,0.0021,2
2026-05-02 16:18:29.968,3502,20.869361877441406,-137.65306091308594,423.42681884765625,0.003,2
2026-05-02 16:18:30.969,3503,20.8277587890625,-131.7161865234375,423.4273376464844,0.0023,2
2026-05-02 16:18:31.972,3504,20.797569274902344,-137.5990753173828,423.4278869628906,0.003,2
2026-05-02 16:18:33.022,3505,20.76304817199707,-131.60301208496094,423.42840576171875,0.0049,2
2026-05-02 16:18:34.024,3506,20.731760025024414,-131.54537963867188,423.4289855957031,0.0053,2
2026-05-02 16:18:35.026,3507,20.697006225585938,-137.5254364013672,423.4295654296875,0.0057,2
2026-05-02 16:18:36.028,3508,20.656963348388672,-137.49444580078125,423.43017578125,0.0066,2
2026-05-02 16:18:37.036,3509,20.61610984802246,-131.39434814453125,423.4308166503906,0.006,2
2026-05-02 16:18:38.040,3510,20.58709716796875,-131.33450317382812,423.4314270019531,0.0071,2
2026-05-02 16:18:39.041,3511,20.544769287109375,-131.28797912597656,423.4320983886719,0.0054,2
2026-05-02 16:18:40.043,3512,20.50229263305664,-131.2416229248047,423.4327697753906,0.0064,2
2026-05-02 16:18:41.046,3513,20.458768844604492,-131.19631958007812,423.4334716796875,0.0055,2
2026-05-02 16:18:42.045,3514,20.427183151245117,-131.13909912109375,423.4341735839844,0.0029,2
2026-05-02 16:18:43.047,3515,20.39499855041504,-131.08250427246094,423.4349060058594,0.0041,2
2026-05-02 16:18:44.048,3516,20.357437133789062,-131.0312957763672,423.4356689453125,0.0039,2
2026-05-02 16:18:45.053,3517,20.325407028198242,-130.97454833984375,423.4364318847656,0.0066,2
2026-05-02 16:18:46.053,3518,20.287569046020508,-130.92364501953125,423.4372253417969,0.0049,2
2026-05-02 16:18:47.055,3519,20.243865966796875,-130.8786163330078,423.43798828125,0.0047,2
2026-05-02 16:18:48.058,3520,20.20985221862793,-137.15855407714844,423.4388427734375,0.0055,2
2026-05-02 16:18:49.058,3521,20.16975975036621,-137.1279296875,423.439697265625,0.0038,2
2026-05-02 16:18:50.061,3522,20.126121520996094,-130.730224609375,423.4405212402344,0.006,2
2026-05-02 16:18:51.062,3523,20.089664459228516,-130.67800903320312,423.44140625,0.0054,2
2026-05-02 16:18:52.063,3524,20.050159454345703,-130.6288604736328,423.44232177734375,0.0059,2
2026-05-02 16:18:53.065,3525,20.016305923461914,-130.5740509033203,423.4432067871094,0.0054,2
2026-05-02 16:18:54.073,3526,19.983774185180664,-130.5179443359375,423.44415283203125,0.0038,2
2026-05-02 16:18:55.075,3527,19.950469970703125,-130.46261596679688,423.4450988769531,0.0053,2
2026-05-02 16:18:56.079,3528,19.918174743652344,-136.943603515625,423.4460754394531,0.0046,2
2026-05-02 16:18:57.088,3529,19.881542205810547,-136.91671752929688,423.4470520019531,0.0053,2
2026-05-02 16:18:58.088,3530,19.840856552124023,-130.30645751953125,423.44805908203125,0.0046,2
2026-05-02 16:18:59.093,3531,19.800273895263672,-136.85501098632812,423.4490966796875,0.0053,2
2026-05-02 16:19:00.094,3532,19.762561798095703,-136.82711791992188,423.45013427734375,0.005,2
2026-05-02 16:19:01.096,3533,19.733306884765625,-130.1483154296875,423.4512023925781,0.0057,2
2026-05-02 16:19:02.096,3534,19.689453125,-130.1036376953125,423.4522399902344,0.0048,2
2026-05-02 16:19:03.097,3535,19.655458450317383,-136.7497100830078,423.4533386230469,0.0044,2
2026-05-02 16:19:04.103,3536,19.62330436706543,-136.72750854492188,423.4544677734375,0.0051,2
2026-05-02 16:19:05.104,3537,19.587844848632812,-136.7020263671875,423.45562744140625,0.0036,2
2026-05-02 16:19:06.106,3538,19.54671859741211,-129.8923797607422,423.456787109375,0.005,2
2026-05-02 16:19:07.107,3539,19.515108108520508,-129.8355255126953,423.45794677734375,0.0038,2
2026-05-02 16:19:08.107,3540,19.471654891967773,-129.79052734375,423.4591369628906,0.0037,2
2026-05-02 16:19:09.115,3541,19.436342239379883,-129.73741149902344,423.4603576660156,0.0047,2
2026-05-02 16:19:10.116,3542,19.39670181274414,-136.56126403808594,423.4615478515625,0.0048,2
2026-05-02 16:19:11.114,3543,19.35804557800293,-129.63885498046875,423.4627990722656,0.0022,2
2026-05-02 16:19:12.118,3544,19.31769371032715,-129.5908203125,423.4640808105469,0.0018,2
2026-05-02 16:19:13.121,3545,19.283681869506836,-129.5364227294922,423.4653625488281,0.0015,2
2026-05-02 16:19:14.122,3546,19.24062728881836,-136.446044921875,423.4666748046875,0.0016,2
2026-05-02 16:19:15.124,3547,19.19976234436035,-129.44361877441406,423.4679870605469,0.0018,2
2026-05-02 16:19:16.126,3548,19.167316436767578,-136.393310546875,423.4693298339844,0.0016,2
2026-05-02 16:19:17.127,3549,19.136823654174805,-136.3731689453125,423.4707336425781,0.0017,2
2026-05-02 16:19:18.132,3550,19.095060348510742,-136.34178161621094,423.47210693359375,0.0022,2
2026-05-02 16:19:19.134,3551,19.057817459106445,-136.31494140625,423.4735107421875,0.0024,2
2026-05-02 16:19:20.134,3552,19.019813537597656,-129.18194580078125,423.47491455078125,0.0019,2
2026-05-02 16:19:21.137,3553,18.979806900024414,-136.25782775878906,423.4763488769531,0.0025,2
2026-05-02 16:19:22.141,3554,18.943246841430664,-129.08193969726562,423.4778137207031,0.0021,2
2026-05-02 16:19:23.141,3555,18.913440704345703,-136.2124481201172,423.4792785644531,0.002,2
2026-05-02 16:19:24.143,3556,18.8813533782959,-136.19091796875,423.48077392578125,0.0019,2
2026-05-02 16:19:25.145,3557,18.84186363220215,-128.9185791015625,423.4822998046875,0.0018,2
2026-05-02 16:19:26.150,3558,18.800941467285156,-136.13168334960938,423.4838562011719,0.0016,2
2026-05-02 16:19:27.158,3559,18.763044357299805,-136.1044158935547,423.48541259765625,0.0015,2
2026-05-02 16:19:28.163,3560,18.72617530822754,-128.76962280273438,423.4869689941406,0.0017,2
2026-05-02 16:19:29.168,3561,18.692947387695312,-136.05567932128906,423.4885559082031,0.002,2
2026-05-02 16:19:30.170,3562,18.66323471069336,-136.03668212890625,423.49017333984375,0.0014,2
2026-05-02 16:19:31.194,3563,18.626174926757812,-128.60508728027344,423.4918212890625,0.0021,2
2026-05-02 16:19:32.196,3564,18.592594146728516,-135.987548828125,423.49346923828125,0.0018,2
2026-05-02 16:19:33.196,3565,18.55344581604004,-135.95921325683594,423.4951477050781,0.0016,2
2026-05-02 16:19:34.198,3566,18.51450538635254,-135.9310760498047,423.4968566894531,0.0022,2
2026-05-02 16:19:35.197,3567,18.480772018432617,-135.908203125,423.49853515625,0.0016,2
2026-05-02 16:19:36.198,3568,18.440853118896484,-128.3497772216797,423.5002746582031,0.0016,2
2026-05-02 16:19:37.199,3569,18.405698776245117,-135.85491943359375,423.5020446777344,0.0018,2
2026-05-02 16:19:38.201,3570,18.366500854492188,-135.82666015625,423.5038146972656,0.0014,2
2026-05-02 16:19:39.204,3571,18.331138610839844,-128.1952362060547,423.5055847167969,0.0027,2
2026-05-02 16:19:40.208,3572,18.29339599609375,-135.7755126953125,423.5074157714844,0.0027,2
2026-05-02 16:19:41.211,3573,18.2587890625,-135.75192260742188,423.50921630859375,0.0018,2
2026-05-02 16:19:42.215,3574,18.219497680664062,-128.04275512695312,423.5111083984375,0.0017,2
2026-05-02 16:19:43.216,3575,18.185527801513672,-135.7007598876953,423.512939453125,0.002,2
2026-05-02 16:19:44.217,3576,18.14972496032715,-127.93648529052734,423.51483154296875,0.0014,2
2026-05-02 16:19:45.218,3577,18.114213943481445,-135.65167236328125,423.5167541503906,0.0023,2
2026-05-02 16:19:46.221,3578,18.084386825561523,-135.63299560546875,423.5186767578125,0.0016,2
2026-05-02 16:19:47.225,3579,18.052976608276367,-127.7692642211914,423.5206298828125,0.0018,2
2026-05-02 16:19:48.225,3580,18.01300811767578,-135.58399963378906,423.5225830078125,0.0012,2
2026-05-02 16:19:49.227,3581,17.981428146362305,-127.66488647460938,423.52459716796875,0.0015,2
2026-05-02 16:19:50.227,3582,17.951744079589844,-135.54519653320312,423.5265808105469,0.0015,2
2026-05-02 16:19:51.229,3583,17.91558074951172,-127.55485534667969,423.52862548828125,0.0025,2
2026-05-02 16:19:52.234,3584,17.885509490966797,-135.50155639648438,423.53070068359375,0.0019,2
2026-05-02 16:19:53.237,3585,17.841346740722656,-127.4532699584961,423.5327453613281,0.0026,2
2026-05-02 16:19:54.239,3586,17.809322357177734,-135.4480438232422,423.53485107421875,0.0015,2
2026-05-02 16:19:55.241,3587,17.775516510009766,-127.34329986572266,423.53692626953125,0.0022,2
2026-05-02 16:19:56.241,3588,17.743574142456055,-135.40509033203125,423.5390625,0.0019,2
2026-05-02 16:19:57.244,3589,17.707368850708008,-135.3803253173828,423.5412292480469,0.0017,2
2026-05-02 16:19:58.245,3590,17.66680908203125,-127.18842315673828,423.5433654785156,0.0017,2
2026-05-02 16:19:59.249,3591,17.624767303466797,-135.32064819335938,423.54559326171875,0.0018,2
2026-05-02 16:20:00.250,3592,17.5880069732666,-127.09153747558594,423.54779052734375,0.0022,2
2026-05-02 16:20:01.260,3593,17.543758392333984,-135.26268005371094,423.5500183105469,0.0016,2
2026-05-02 16:20:02.264,3594,17.506000518798828,-135.23646545410156,423.5522766113281,0.0038,2
2026-05-02 16:20:03.268,3595,17.472820281982422,-135.21487426757812,423.5545349121094,0.0058,2
2026-05-02 16:20:04.268,3596,17.44017219543457,-126.88812255859375,423.5568542480469,0.0019,2
2026-05-02 16:20:05.275,3597,17.399269104003906,-126.84125518798828,423.55914306640625,0.0059,2
2026-05-02 16:20:06.281,3598,17.365312576293945,-135.14224243164062,423.56146240234375,0.0061,2
2026-05-02 16:20:07.281,3599,17.329313278198242,-135.117919921875,423.5638427734375,0.0046,2
2026-05-02 16:20:08.280,3600,17.29664421081543,-126.68061828613281,423.56622314453125,0.0013,2
2026-05-02 16:20:09.285,3601,17.261825561523438,-126.62767791748047,423.568603515625,0.004,2
2026-05-02 16:20:10.283,3602,17.229461669921875,-126.57231140136719,423.5710144042969,0.0014,2
2026-05-02 16:20:11.286,3603,17.198057174682617,-135.0336151123047,423.57342529296875,0.0018,2
2026-05-02 16:20:12.290,3604,17.16657829284668,-126.45978546142578,423.5758972167969,0.002,2
2026-05-02 16:20:13.293,3605,17.127676010131836,-126.41098022460938,423.578369140625,0.0018,2
2026-05-02 16:20:14.295,3606,17.09442710876465,-126.35652923583984,423.58087158203125,0.0029,2
2026-05-02 16:20:15.296,3607,17.05324363708496,-134.9361114501953,423.5834045410156,0.002,2
2026-05-02 16:20:16.300,3608,17.018173217773438,-134.91294860839844,423.5859375,0.0035,2
2026-05-02 16:20:17.301,3609,16.974700927734375,-134.88137817382812,423.5885009765625,0.0037,2
2026-05-02 16:20:18.301,3610,16.940053939819336,-134.85865783691406,423.591064453125,0.0017,2
2026-05-02 16:20:19.306,3611,16.907337188720703,-134.83790588378906,423.5936584472656,0.002,2
2026-05-02 16:20:20.310,3612,16.871057510375977,-134.81361389160156,423.5962829589844,0.0023,2
2026-05-02 16:20:21.310,3613,16.828487396240234,-134.78305053710938,423.59893798828125,0.0017,2
2026-05-02 16:20:22.311,3614,16.784141540527344,-125.96568298339844,423.6015930175781,0.002,2
2026-05-02 16:20:23.312,3615,16.748741149902344,-134.7273712158203,423.6042785644531,0.0018,2
2026-05-02 16:20:24.316,3616,16.714502334594727,-125.86013793945312,423.6069641113281,0.0017,2
2026-05-02 16:20:25.319,3617,16.681873321533203,-125.8051986694336,423.6097106933594,0.0021,2
2026-05-02 16:20:26.321,3618,16.64945411682129,-125.75003814697266,423.6124267578125,0.0018,2
2026-05-02 16:20:27.325,3619,16.61363983154297,-134.6406707763672,423.6152038574219,0.0038,2
2026-05-02 16:20:28.324,3620,16.5689640045166,-125.6554183959961,423.6180114746094,0.0022,2
2026-05-02 16:20:29.329,3621,16.52694320678711,-125.60990142822266,423.6208190917969,0.002,2
2026-05-02 16:20:30.330,3622,16.48687171936035,-134.5504608154297,423.6236267089844,0.0015,2
2026-05-02 16:20:31.334,3623,16.45207977294922,-134.5279083251953,423.6264953613281,0.0023,2
2026-05-02 16:20:32.341,3624,16.419719696044922,-125.4545669555664,423.6293640136719,0.0023,2
2026-05-02 16:20:33.342,3625,16.38839340209961,-134.4887237548828,423.63226318359375,0.0016,2
2026-05-02 16:20:34.343,3626,16.345003128051758,-125.35427856445312,423.6351623535156,0.0021,2
2026-05-02 16:20:35.343,3627,16.311481475830078,-125.30032348632812,423.6380920410156,0.0017,2
2026-05-02 16:20:36.343,3628,16.277645111083984,-125.2467041015625,423.64105224609375,0.0015,2
2026-05-02 16:20:37.344,3629,16.247493743896484,-134.39710998535156,423.64404296875,0.0014,2
2026-05-02 16:20:38.347,3630,16.20844268798828,-125.14096069335938,423.64703369140625,0.0022,2
2026-05-02 16:20:39.347,3631,16.166519165039062,-125.09544372558594,423.6500244140625,0.0016,2
2026-05-02 16:20:40.347,3632,16.130308151245117,-134.31710815429688,423.6531066894531,0.0014,2
2026-05-02 16:20:41.349,3633,16.09756851196289,-124.9895248413086,423.6561584472656,0.0022,2
2026-05-02 16:20:42.350,3634,16.06201934814453,-124.93767547607422,423.6592102050781,0.0024,2
2026-05-02 16:20:43.349,3635,16.024032592773438,-134.24819946289062,423.6623229980469,0.0017,2
2026-05-02 16:20:44.352,3636,15.980155944824219,-124.84471130371094,423.6654357910156,0.0034,2
2026-05-02 16:20:45.356,3637,15.936043739318848,-124.80143737792969,423.6685791015625,0.0023,2
2026-05-02 16:20:46.358,3638,15.899633407592773,-134.16134643554688,423.6717529296875,0.0023,2
2026-05-02 16:20:47.358,3639,15.867453575134277,-134.14173889160156,423.6749267578125,0.0017,2
2026-05-02 16:20:48.360,3640,15.826536178588867,-124.64881896972656,423.67816162109375,0.0029,2
2026-05-02 16:20:49.366,3641,15.79598331451416,-134.09544372558594,423.6813659667969,0.0027,2
2026-05-02 16:20:50.365,3642,15.755921363830566,-134.0679931640625,423.68463134765625,0.0017,2
2026-05-02 16:20:51.368,3643,15.715307235717773,-134.0400390625,423.6878967285156,0.0017,2
2026-05-02 16:20:52.424,3644,15.673728942871094,-124.45225524902344,423.69122314453125,0.002,2
2026-05-02 16:20:53.425,3645,15.642122268676758,-124.39653778076172,423.69451904296875,0.0018,2
2026-05-02 16:20:54.440,3646,15.60173511505127,-133.9644775390625,423.6978454589844,0.0031,2
2026-05-02 16:20:55.443,3647,15.567712783813477,-133.94317626953125,423.70123291015625,0.0018,2
2026-05-02 16:20:56.450,3648,15.52330493927002,-124.25344848632812,423.70458984375,0.002,2
2026-05-02 16:20:57.453,3649,15.481688499450684,-133.8826446533203,423.7080078125,0.0018,2
2026-05-02 16:20:58.456,3650,15.44198989868164,-133.855712890625,423.7113952636719,0.0034,2
2026-05-02 16:20:59.458,3651,15.403423309326172,-133.82994079589844,423.7148742675781,0.0018,2
2026-05-02 16:21:00.459,3652,15.366802215576172,-124.06084442138672,423.7183532714844,0.0021,2
2026-05-02 16:21:01.463,3653,15.333559036254883,-133.78570556640625,423.7218017578125,0.0018,2
2026-05-02 16:21:02.466,3654,15.298372268676758,-123.95476531982422,423.7253112792969,0.0022,2
2026-05-02 16:21:03.469,3655,15.261811256408691,-123.90409088134766,423.7288513183594,0.0016,2
2026-05-02 16:21:04.472,3656,15.218201637268066,-123.8604736328125,423.7323913574219,0.0038,2
2026-05-02 16:21:05.474,3657,15.177650451660156,-123.81380462646484,423.7359619140625,0.0018,2
2026-05-02 16:21:06.479,3658,15.134750366210938,-123.76947784423828,423.73956298828125,0.0018,2
2026-05-02 16:21:07.485,3659,15.1036958694458,-133.6332244873047,423.7431945800781,0.0018,2
2026-05-02 16:21:08.488,3660,15.071412086486816,-133.61390686035156,423.746826171875,0.002,2
2026-05-02 16:21:09.493,3661,15.032988548278809,-133.58843994140625,423.75048828125,0.0017,2
2026-05-02 16:21:10.497,3662,14.998013496398926,-133.56646728515625,423.754150390625,0.0021,2
2026-05-02 16:21:11.498,3663,14.965295791625977,-123.50300598144531,423.75787353515625,0.002,2
2026-05-02 16:21:12.504,3664,14.929228782653809,-123.45188903808594,423.7615966796875,0.0019,2
2026-05-02 16:21:13.508,3665,14.88826847076416,-123.40568542480469,423.7653503417969,0.0047,2
2026-05-02 16:21:14.513,3666,14.858064651489258,-133.47866821289062,423.7691345214844,0.0063,2
2026-05-02 16:21:15.513,3667,14.81307315826416,-133.44676208496094,423.7729187011719,0.0052,2
2026-05-02 16:21:16.514,3668,14.769619941711426,-123.2629165649414,423.7767333984375,0.0051,2
2026-05-02 16:21:17.516,3669,14.730069160461426,-133.38998413085938,423.780517578125,0.0047,2
2026-05-02 16:21:18.529,3670,14.690376281738281,-123.16791534423828,423.7843933105469,0.007,2
2026-05-02 16:21:19.525,3671,14.656527519226074,-133.34271240234375,423.78826904296875,0.0021,2
2026-05-02 16:21:20.537,3672,14.62222957611084,-123.06185150146484,423.79217529296875,0.0056,2
2026-05-02 16:21:21.537,3673,14.581599235534668,-133.2941436767578,423.79608154296875,0.0048,2
2026-05-02 16:21:22.535,3674,14.540204048156738,-122.96967315673828,423.8000183105469,0.0024,2
2026-05-02 16:21:23.537,3675,14.503750801086426,-122.91905212402344,423.8039855957031,0.0035,2
2026-05-02 16:21:24.541,3676,14.463075637817383,-122.87264251708984,423.8080139160156,0.0053,2
2026-05-02 16:21:25.546,3677,14.430835723876953,-133.19630432128906,423.81201171875,0.0031,2
2026-05-02 16:21:26.550,3678,14.399270057678223,-122.7623291015625,423.8160400390625,0.0051,2
2026-05-02 16:21:27.549,3679,14.363158226013184,-122.71137237548828,423.820068359375,0.0032,2
2026-05-02 16:21:28.563,3680,14.319718360900879,-133.12503051757812,423.82415771484375,0.007,2
2026-05-02 16:21:29.566,3681,14.285731315612793,-133.10435485839844,423.8282470703125,0.0039,2
2026-05-02 16:21:30.575,3682,14.249248504638672,-122.56417083740234,423.8323669433594,0.0065,2
2026-05-02 16:21:31.574,3683,14.210938453674316,-133.0562286376953,423.83648681640625,0.0047,2
2026-05-02 16:21:32.575,3684,14.179966926574707,-133.03863525390625,423.8406677246094,0.0041,2
2026-05-02 16:21:33.578,3685,14.136996269226074,-122.41536712646484,423.8448486328125,0.0057,2
2026-05-02 16:21:34.590,3686,14.10633373260498,-132.9917755126953,423.84906005859375,0.0053,2
2026-05-02 16:21:35.592,3687,14.06790542602539,-122.31046295166016,423.853271484375,0.0063,2
2026-05-02 16:21:36.594,3688,14.034317970275879,-132.94659423828125,423.8575439453125,0.0056,2
2026-05-02 16:21:37.595,3689,13.990052223205566,-132.915771484375,423.86181640625,0.0052,2
2026-05-02 16:21:38.594,3690,13.947718620300293,-122.16969299316406,423.8660888671875,0.0028,2
2026-05-02 16:21:39.597,3691,13.90960693359375,-132.8622589111328,423.8703918457031,0.004,2
2026-05-02 16:21:40.600,3692,13.8776216506958,-122.06586456298828,423.874755859375,0.0043,2
2026-05-02 16:21:41.599,3693,13.833525657653809,-122.02299499511719,423.87908935546875,0.0019,2
2026-05-02 16:21:42.604,3694,13.802313804626465,-132.79547119140625,423.8835144042969,0.0013,2
2026-05-02 16:21:43.611,3695,13.768027305603027,-121.91460418701172,423.8879089355469,0.0056,2
2026-05-02 16:21:44.614,3696,13.731571197509766,-121.86412048339844,423.8923034667969,0.0051,2
2026-05-02 16:21:45.614,3697,13.689537048339844,-121.81922912597656,423.89678955078125,0.0018,2
2026-05-02 16:21:46.620,3698,13.658689498901367,-132.70606994628906,423.9012451171875,0.0067,2
2026-05-02 16:21:47.626,3699,13.619351387023926,-121.71556854248047,423.9057312011719,0.0057,2
2026-05-02 16:21:48.627,3700,13.578843116760254,-132.65341186523438,423.9102478027344,0.0047,2
2026-05-02 16:21:49.627,3701,13.534443855285645,-121.62667083740234,423.914794921875,0.0033,2
2026-05-02 16:21:50.634,3702,13.493760108947754,-132.5955810546875,423.9193420410156,0.0062,2
2026-05-02 16:21:51.635,3703,13.452459335327148,-121.53485870361328,423.9239196777344,0.0049,2
2026-05-02 16:21:52.635,3704,13.420165061950684,-132.54930114746094,423.92852783203125,0.004,2
2026-05-02 16:21:53.647,3705,13.379396438598633,-132.52220153808594,423.93316650390625,0.009,2
2026-05-02 16:21:54.648,3706,13.339162826538086,-132.49566650390625,423.93780517578125,0.0057,2
2026-05-02 16:21:55.649,3707,13.299778938293457,-132.469970703125,423.9424743652344,0.0049,2
2026-05-02 16:21:56.651,3708,13.26501178741455,-121.2879409790039,423.9471435546875,0.0045,2
2026-05-02 16:21:57.653,3709,13.22386646270752,-132.4215087890625,423.9518737792969,0.0052,2
2026-05-02 16:21:58.659,3710,13.188896179199219,-121.19035339355469,423.9566345214844,0.0042,2
2026-05-02 16:21:59.696,3711,13.153924942016602,-132.3790740966797,423.96136474609375,0.0077,2
2026-05-02 16:22:00.699,3712,13.110239028930664,-132.34915161132812,423.9661560058594,0.0049,2
2026-05-02 16:22:01.712,3713,13.075797080993652,-132.32847595214844,423.9709777832031,0.0063,2
2026-05-02 16:22:02.714,3714,13.030646324157715,-132.29713439941406,423.97576904296875,0.0044,2
2026-05-02 16:22:03.717,3715,12.988226890563965,-120.95686340332031,423.9806213378906,0.0046,2
2026-05-02 16:22:04.719,3716,12.95654582977295,-120.90172576904297,423.9855041503906,0.0061,2
2026-05-02 16:22:05.723,3717,12.9254732131958,-132.23341369628906,423.99041748046875,0.0052,2
2026-05-02 16:22:06.725,3718,12.891434669494629,-132.21324157714844,423.99530029296875,0.0053,2
2026-05-02 16:22:07.726,3719,12.856237411499023,-120.74163055419922,424.000244140625,0.0049,2
2026-05-02 16:22:08.728,3720,12.820959091186523,-120.69010925292969,424.0052185058594,0.0038,2
2026-05-02 16:22:09.733,3721,12.787976264953613,-132.15138244628906,424.01019287109375,0.0034,2
2026-05-02 16:22:10.736,3722,12.745097160339355,-132.12240600585938,424.01519775390625,0.0054,2
2026-05-02 16:22:11.742,3723,12.707584381103516,-132.0988006591797,424.0202331542969,0.0063,2
2026-05-02 16:22:12.743,3724,12.676942825317383,-132.0820770263672,424.0252685546875,0.0057,2
2026-05-02 16:22:13.745,3725,12.644628524780273,-132.06370544433594,424.03033447265625,0.005,2
2026-05-02 16:22:14.753,3726,12.605562210083008,-132.03857421875,424.0354309082031,0.007,2
2026-05-02 16:22:15.751,3727,12.571318626403809,-120.3323745727539,424.0405578613281,0.0022,2
2026-05-02 16:22:16.751,3728,12.538820266723633,-131.999755859375,424.0456848144531,0.0015,2
2026-05-02 16:22:17.752,3729,12.502703666687012,-131.97763061523438,424.05084228515625,0.0018,2
2026-05-02 16:22:18.753,3730,12.46778678894043,-120.17567443847656,424.0560302734375,0.0015,2
2026-05-02 16:22:19.756,3731,12.435264587402344,-120.1214599609375,424.0612487792969,0.0038,2
2026-05-02 16:22:20.756,3732,12.391444206237793,-120.07855987548828,424.06646728515625,0.0026,2
2026-05-02 16:22:21.764,3733,12.346473693847656,-131.87742614746094,424.07171630859375,0.0047,2
2026-05-02 16:22:22.766,3734,12.304872512817383,-119.99169158935547,424.0769958496094,0.0044,2
2026-05-02 16:22:23.767,3735,12.271744728088379,-119.9381103515625,424.082275390625,0.0041,2
2026-05-02 16:22:24.766,3736,12.234082221984863,-131.8071746826172,424.08758544921875,0.0025,2
2026-05-02 16:22:25.770,3737,12.20065689086914,-119.83577728271484,424.0929260253906,0.0038,2
2026-05-02 16:22:26.774,3738,12.157364845275879,-119.79238891601562,424.09832763671875,0.0042,2
2026-05-02 16:22:27.774,3739,12.121074676513672,-119.74197387695312,424.10369873046875,0.0028,2
2026-05-02 16:22:28.778,3740,12.07749080657959,-131.70692443847656,424.1091003417969,0.0059,2
2026-05-02 16:22:29.779,3741,12.036067008972168,-131.67962646484375,424.1145324707031,0.0051,2
2026-05-02 16:22:30.782,3742,11.997769355773926,-119.6052474975586,424.1199951171875,0.0047,2
2026-05-02 16:22:31.782,3743,11.952676773071289,-119.56364440917969,424.1254577636719,0.0047,2
2026-05-02 16:22:32.784,3744,11.910887718200684,-131.59683227539062,424.1309814453125,0.0039,2
2026-05-02 16:22:33.786,3745,11.871803283691406,-119.47119903564453,424.1365051269531,0.0049,2
2026-05-02 16:22:34.791,3746,11.829968452453613,-131.5442352294922,424.14202880859375,0.0059,2
2026-05-02 16:22:35.798,3747,11.796119689941406,-119.3735580444336,424.1475830078125,0.005,2
2026-05-02 16:22:36.798,3748,11.756926536560059,-131.4995574951172,424.1531982421875,0.0035,2
2026-05-02 16:22:37.809,3749,11.712464332580566,-131.4692840576172,424.1588134765625,0.0073,2
2026-05-02 16:22:38.809,3750,11.673542022705078,-131.444580078125,424.1644287109375,0.0052,2
2026-05-02 16:22:39.815,3751,11.633593559265137,-131.41883850097656,424.17010498046875,0.0059,2
2026-05-02 16:22:40.818,3752,11.596333503723145,-131.3957977294922,424.17578125,0.0044,2
2026-05-02 16:22:41.822,3753,11.564862251281738,-131.37857055664062,424.18145751953125,0.0053,2
2026-05-02 16:22:42.823,3754,11.520659446716309,-131.3485870361328,424.18719482421875,0.0021,2
2026-05-02 16:22:43.825,3755,11.480435371398926,-118.99618530273438,424.19293212890625,0.004,2
2026-05-02 16:22:44.829,3756,11.44054889678955,-118.94944763183594,424.19873046875,0.0017,2
2026-05-02 16:22:45.833,3757,11.396102905273438,-131.26681518554688,424.2044982910156,0.0017,2
2026-05-02 16:22:46.833,3758,11.35871410369873,-118.85806274414062,424.2103271484375,0.0016,2
2026-05-02 16:22:47.835,3759,11.316190719604492,-118.81398010253906,424.2161560058594,0.002,2
2026-05-02 16:22:48.836,3760,11.276274681091309,-131.1898651123047,424.22198486328125,0.0019,2
2026-05-02 16:22:49.844,3761,11.24471378326416,-118.71226501464844,424.2279052734375,0.0031,2
2026-05-02 16:22:50.863,3762,11.203763961791992,-131.14596557617188,424.23382568359375,0.0067,2
2026-05-02 16:22:51.861,3763,11.163911819458008,-131.1204376220703,424.2397155761719,0.0037,2
2026-05-02 16:22:52.864,3764,11.122817993164062,-118.57440948486328,424.2456970214844,0.0049,2
2026-05-02 16:22:53.867,3765,11.08480167388916,-118.52584838867188,424.25164794921875,0.006,2
2026-05-02 16:22:54.874,3766,11.044404029846191,-118.47966003417969,424.2576599121094,0.0056,2
2026-05-02 16:22:55.872,3767,11.009256362915039,-131.02316284179688,424.2636413574219,0.0028,2
2026-05-02 16:22:56.876,3768,10.965254783630371,-118.38567352294922,424.2696838378906,0.0048,2
2026-05-02 16:22:57.880,3769,10.920543670654297,-118.34382629394531,424.2757568359375,0.0015,2
2026-05-02 16:22:58.891,3770,10.888001441955566,-130.9450225830078,424.2818298339844,0.0072,2
2026-05-02 16:22:59.891,3771,10.855731964111328,-130.92713928222656,424.2879638671875,0.0055,2
2026-05-02 16:23:00.910,3772,10.82162857055664,-118.18306732177734,424.2940979003906,0.005,2
2026-05-02 16:23:01.913,3773,10.78307819366455,-118.13506317138672,424.3002624511719,0.0035,2
2026-05-02 16:23:02.916,3774,10.738652229309082,-118.09294128417969,424.306396484375,0.0047,2
2026-05-02 16:23:03.917,3775,10.69715404510498,-118.04789733886719,424.3126220703125,0.0052,2
2026-05-02 16:23:04.919,3776,10.664846420288086,-117.9936752319336,424.31884765625,0.0054,2
2026-05-02 16:23:05.921,3777,10.625624656677246,-130.7835235595703,424.3251037597656,0.0064,2
2026-05-02 16:23:06.921,3778,10.5803804397583,-130.75271606445312,424.3313293457031,0.0054,2
2026-05-02 16:23:07.928,3779,10.538734436035156,-130.72552490234375,424.3376159667969,0.0056,2
2026-05-02 16:23:08.929,3780,10.507676124572754,-117.80471801757812,424.34393310546875,0.0045,2
2026-05-02 16:23:09.936,3781,10.475789070129395,-130.69149780273438,424.35028076171875,0.0044,2
2026-05-02 16:23:10.941,3782,10.380119323730469,-130.62477111816406,424.363037109375,0.0049,2
2026-05-02 16:23:11.943,3783,10.341153144836426,-130.60028076171875,424.3694152832031,0.0057,2
2026-05-02 16:23:12.943,3784,10.309861183166504,-130.58348083496094,424.3758544921875,0.0051,2
2026-05-02 16:23:13.952,3785,10.269603729248047,-130.55772399902344,424.3822937011719,0.0063,2
2026-05-02 16:23:14.953,3786,10.23633098602295,-130.5389404296875,424.3887634277344,0.0061,2
2026-05-02 16:23:15.953,3787,10.198674201965332,-130.5157928466797,424.395263671875,0.0047,2
2026-05-02 16:23:16.968,3788,10.16418743133545,-130.49583435058594,424.40179443359375,0.0082,2
2026-05-02 16:23:17.966,3789,10.124469757080078,-130.4706268310547,424.4083251953125,0.0054,2
2026-05-02 16:23:18.968,3790,10.082070350646973,-117.27874755859375,424.4148864746094,0.0054,2
2026-05-02 16:23:19.968,3791,10.040823936462402,-130.41604614257812,424.42144775390625,0.0018,2
2026-05-02 16:23:20.969,3792,10.009899139404297,-130.399658203125,424.4280700683594,0.0018,2
2026-05-02 16:23:21.973,3793,9.979253768920898,-130.38356018066406,424.4346923828125,0.0053,2
2026-05-02 16:23:22.975,3794,9.943524360656738,-117.07135009765625,424.44134521484375,0.0052,2
2026-05-02 16:23:23.978,3795,9.90878677368164,-117.01962280273438,424.447998046875,0.0055,2
2026-05-02 16:23:24.976,3796,9.873712539672852,-130.3217010498047,424.4547119140625,0.0035,2
2026-05-02 16:23:25.980,3797,9.833734512329102,-116.9217300415039,424.46142578125,0.0049,2
2026-05-02 16:23:26.983,3798,9.793551445007324,-130.2706756591797,424.4681701660156,0.0054,2
2026-05-02 16:23:27.989,3799,9.75373649597168,-116.82878112792969,424.4749450683594,0.0077,2
2026-05-02 16:23:28.988,3800,9.72157096862793,-130.2278594970703,424.4817199707031,0.0053,2
2026-05-02 16:23:29.991,3801,9.687382698059082,-116.72220611572266,424.488525390625,0.0018,2
2026-05-02 16:23:30.995,3802,9.643092155456543,-130.17857360839844,424.4953308105469,0.0054,2
2026-05-02 16:23:31.997,3803,9.603167533874512,-130.15322875976562,424.5022277832031,0.0048,2
2026-05-02 16:23:32.996,3804,9.56046199798584,-130.1251220703125,424.50909423828125,0.0029,2
2026-05-02 16:23:33.997,3805,9.515127182006836,-116.54863739013672,424.5159912109375,0.0029,2
2026-05-02 16:23:35.006,3806,9.475589752197266,-130.06947326660156,424.5229187011719,0.0061,2
2026-05-02 16:23:36.006,3807,9.440709114074707,-116.45015716552734,424.52984619140625,0.0055,2
2026-05-02 16:23:37.009,3808,9.403312683105469,-130.0264434814453,424.53680419921875,0.0063,2
2026-05-02 16:23:38.013,3809,9.362692832946777,-130.00045776367188,424.5438232421875,0.0042,2
2026-05-02 16:23:39.016,3810,9.322821617126465,-116.30870819091797,424.5508117675781,0.0057,2
2026-05-02 16:23:40.020,3811,9.283244132995605,-129.9502716064453,424.557861328125,0.0055,2
2026-05-02 16:23:41.022,3812,9.238265037536621,-116.22039031982422,424.5649108886719,0.0056,2
2026-05-02 16:23:42.025,3813,9.199799537658691,-116.17241668701172,424.5719909667969,0.0042,2
2026-05-02 16:23:43.028,3814,9.159421920776367,-129.87039184570312,424.5791015625,0.0052,2
2026-05-02 16:23:44.030,3815,9.121636390686035,-116.07771301269531,424.5862121582031,0.0057,2
2026-05-02 16:23:45.034,3816,9.083023071289062,-129.8232879638672,424.5933837890625,0.0055,2
2026-05-02 16:23:46.040,3817,9.044489860534668,-129.79940795898438,424.60052490234375,0.0064,2
2026-05-02 16:23:47.043,3818,9.0111665725708,-129.78076171875,424.6077575683594,0.0028,2
2026-05-02 16:23:48.048,3819,8.96934700012207,-115.88429260253906,424.61492919921875,0.0068,2
2026-05-02 16:23:49.047,3820,8.936935424804688,-129.73587036132812,424.6221923828125,0.0029,2
2026-05-02 16:23:50.056,3821,8.905777931213379,-129.71937561035156,424.6294250488281,0.0047,2
2026-05-02 16:23:51.057,3822,8.873947143554688,-129.7022247314453,424.63671875,0.0057,2
2026-05-02 16:23:52.068,3823,8.84312629699707,-115.66482543945312,424.64404296875,0.0054,2
2026-05-02 16:23:53.076,3824,8.806536674499512,-129.66416931152344,424.6513671875,0.0046,2
2026-05-02 16:23:54.075,3825,8.767436981201172,-129.6397705078125,424.6587219238281,0.002,2
2026-05-02 16:23:55.081,3826,8.73380184173584,-115.5149154663086,424.6661071777344,0.0054,2
2026-05-02 16:23:56.085,3827,8.700201034545898,-115.46210479736328,424.6734924316406,0.0048,2
2026-05-02 16:23:57.083,3828,8.658998489379883,-115.4168930053711,424.680908203125,0.0017,2
2026-05-02 16:23:58.096,3829,8.62060260772705,-115.3688735961914,424.6883544921875,0.007,2
2026-05-02 16:23:59.094,3830,8.576302528381348,-115.32676696777344,424.69580078125,0.0025,2
2026-05-02 16:24:00.097,3831,8.531667709350586,-115.28500366210938,424.7032775878906,0.005,2
2026-05-02 16:24:01.101,3832,8.488073348999023,-115.24217987060547,424.7108154296875,0.0059,2
2026-05-02 16:24:02.100,3833,8.443328857421875,-115.20053100585938,424.7183532714844,0.0038,2
2026-05-02 16:24:03.103,3834,8.402929306030273,-115.15453338623047,424.7258605957031,0.0049,2
2026-05-02 16:24:04.113,3835,8.357863426208496,-129.377197265625,424.73345947265625,0.0052,2
2026-05-02 16:24:05.114,3836,8.321771621704102,-129.35581970214844,424.7410583496094,0.0053,2
2026-05-02 16:24:06.114,3837,8.281455993652344,-115.01679229736328,424.7486877441406,0.0037,2
2026-05-02 16:24:07.114,3838,8.243026733398438,-129.3065185546875,424.7563171386719,0.0031,2
2026-05-02 16:24:08.118,3839,8.208510398864746,-129.28671264648438,424.76397705078125,0.0036,2
2026-05-02 16:24:09.120,3840,8.166074752807617,-129.25900268554688,424.77166748046875,0.0042,2
2026-05-02 16:24:10.121,3841,8.135475158691406,-114.81718444824219,424.7793884277344,0.0027,2
2026-05-02 16:24:11.127,3842,8.096000671386719,-114.77027130126953,424.7871398925781,0.0035,2
2026-05-02 16:24:12.130,3843,8.063910484313965,-129.2010040283203,424.79486083984375,0.0059,2
2026-05-02 16:24:13.132,3844,8.026845932006836,-114.66664123535156,424.8026428222656,0.0058,2
2026-05-02 16:24:14.133,3845,7.995954513549805,-129.1625213623047,424.8104248046875,0.0052,2
2026-05-02 16:24:15.137,3846,7.9540181159973145,-129.13531494140625,424.8182373046875,0.0065,2
2026-05-02 16:24:16.137,3847,7.915248870849609,-114.5190658569336,424.8260803222656,0.0039,2
2026-05-02 16:24:17.139,3848,7.880611419677734,-114.4673080444336,424.8339538574219,0.005,2
2026-05-02 16:24:18.138,3849,7.849778652191162,-114.41175079345703,424.8418884277344,0.0026,2
2026-05-02 16:24:19.142,3850,7.812587261199951,-114.36256408691406,424.84979248046875,0.0041,2
2026-05-02 16:24:20.145,3851,7.773717880249023,-129.02867126464844,424.85772705078125,0.0025,2
2026-05-02 16:24:21.145,3852,7.742822647094727,-129.01251220703125,424.86566162109375,0.0017,2
2026-05-02 16:24:22.148,3853,7.705916404724121,-128.99034118652344,424.8736267089844,0.0025,2
2026-05-02 16:24:23.152,3854,7.673177242279053,-114.15641784667969,424.8816223144531,0.0021,2
2026-05-02 16:24:24.155,3855,7.639153957366943,-128.9530487060547,424.8896484375,0.0029,2
2026-05-02 16:24:25.162,3856,7.602094650268555,-114.05472564697266,424.8976745605469,0.0055,2
2026-05-02 16:24:26.164,3857,7.566108226776123,-114.00433349609375,424.9057922363281,0.0052,2
2026-05-02 16:24:27.166,3858,7.523319721221924,-113.96073150634766,424.9138488769531,0.0056,2
2026-05-02 16:24:28.171,3859,7.481316089630127,-113.91635131835938,424.9219665527344,0.0066,2
2026-05-02 16:24:29.170,3860,7.447871208190918,-128.83546447753906,424.9300842285156,0.0048,2
2026-05-02 16:24:30.172,3861,7.405490875244141,-113.81941223144531,424.9382629394531,0.0053,2
2026-05-02 16:24:31.173,3862,7.366908073425293,-128.7839813232422,424.9464416503906,0.004,2
2026-05-02 16:24:32.173,3863,7.330469131469727,-113.72166442871094,424.9546203613281,0.0042,2
2026-05-02 16:24:33.171,3864,7.298503875732422,-128.7450408935547,424.96282958984375,0.0015,2
2026-05-02 16:24:34.178,3865,7.260143280029297,-128.72142028808594,424.9710998535156,0.0063,2
2026-05-02 16:24:35.179,3866,7.2159833908081055,-113.57699584960938,424.9793701171875,0.0049,2
2026-05-02 16:24:36.183,3867,7.170793533325195,-128.66152954101562,424.9876708984375,0.0053,2
2026-05-02 16:24:37.192,3868,7.128951549530029,-128.6344451904297,424.9959716796875,0.0061,2
2026-05-02 16:24:38.193,3869,7.097826957702637,-113.43598937988281,425.0043029785156,0.005,2
2026-05-02 16:24:39.200,3870,7.053557872772217,-113.39389038085938,425.0126647949219,0.0055,2
2026-05-02 16:24:40.201,3871,7.015400409698486,-113.34565734863281,425.0210266113281,0.005,2
2026-05-02 16:24:41.213,3872,6.979516983032227,-128.54393005371094,425.0294494628906,0.0058,2
2026-05-02 16:24:42.218,3873,6.940231800079346,-128.51937866210938,425.037841796875,0.0046,2
2026-05-02 16:24:43.227,3874,6.898839473724365,-128.4927215576172,425.0462951660156,0.0063,2
2026-05-02 16:24:44.234,3875,6.868243217468262,-128.47683715820312,425.05474853515625,0.0054,2
2026-05-02 16:24:45.234,3876,6.826623916625977,-128.449951171875,425.0632629394531,0.005,2
2026-05-02 16:24:46.239,3877,6.790826797485352,-128.4288787841797,425.0717468261719,0.0058,2
2026-05-02 16:24:47.240,3878,6.7514729499816895,-128.4042510986328,425.0802917480469,0.0044,2
2026-05-02 16:24:48.242,3879,6.714103698730469,-128.381591796875,425.0888366699219,0.0052,2
2026-05-02 16:24:49.249,3880,6.675732612609863,-112.90785217285156,425.097412109375,0.0074,2
2026-05-02 16:24:50.252,3881,6.64006233215332,-112.85713195800781,425.1059875488281,0.0058,2
2026-05-02 16:24:51.252,3882,6.604898929595947,-128.31654357910156,425.1146240234375,0.0046,2
2026-05-02 16:24:52.255,3883,6.562985420227051,-128.2893524169922,425.123291015625,0.0061,2
2026-05-02 16:24:53.255,3884,6.526922702789307,-112.71109771728516,425.1319274902344,0.0047,2
2026-05-02 16:24:54.257,3885,6.482128620147705,-128.2379150390625,425.140625,0.0053,2
2026-05-02 16:24:55.256,3886,6.437976837158203,-112.62725830078125,425.14935302734375,0.0035,2
2026-05-02 16:24:56.260,3887,6.405426502227783,-112.57341766357422,425.1580505371094,0.0038,2
2026-05-02 16:24:57.267,3888,6.374303817749023,-112.51814270019531,425.16680908203125,0.0081,2
2026-05-02 16:24:58.271,3889,6.342325687408447,-128.15692138671875,425.17559814453125,0.0059,2
2026-05-02 16:24:59.273,3890,6.29768180847168,-128.12698364257812,425.18438720703125,0.0057,2
2026-05-02 16:25:00.277,3891,6.253936290740967,-128.09793090820312,425.19317626953125,0.006,2
2026-05-02 16:25:01.286,3892,6.214942455291748,-112.3319320678711,425.2020263671875,0.007,2
2026-05-02 16:25:02.284,3893,6.1726202964782715,-112.287841796875,425.21087646484375,0.0022,2
2026-05-02 16:25:03.292,3894,6.129787445068359,-128.01783752441406,425.21978759765625,0.0056,2
2026-05-02 16:25:04.299,3895,6.0855488777160645,-127.98828125,425.22869873046875,0.0021,2
2026-05-02 16:25:05.305,3896,6.040142059326172,-112.16112518310547,425.2375793457031,0.0057,2
2026-05-02 16:25:06.306,3897,6.005655288696289,-112.10921478271484,425.24652099609375,0.005,2
2026-05-02 16:25:07.310,3898,5.966985702514648,-112.06147003173828,425.2554931640625,0.006,2
2026-05-02 16:25:08.311,3899,5.928773403167725,-112.0132827758789,425.2644958496094,0.0047,2
2026-05-02 16:25:09.312,3900,5.887469291687012,-111.96818542480469,425.2735290527344,0.005,2
2026-05-02 16:25:10.319,3901,5.8507466316223145,-111.91850280761719,425.2825622558594,0.006,2
2026-05-02 16:25:11.324,3902,5.808856964111328,-127.81429290771484,425.2915954589844,0.0028,2
2026-05-02 16:25:12.326,3903,5.7672343254089355,-111.82918548583984,425.3006896972656,0.0027,2
2026-05-02 16:25:13.333,3904,5.730294227600098,-127.7650375366211,425.3097839355469,0.0061,2
2026-05-02 16:25:14.333,3905,5.694185733795166,-127.74357604980469,425.31890869140625,0.0032,2
2026-05-02 16:25:15.336,3906,5.65080451965332,-127.71483612060547,425.3280334472656,0.0017,2
2026-05-02 16:25:16.340,3907,5.60629415512085,-111.64447784423828,425.33721923828125,0.0035,2
2026-05-02 16:25:17.345,3908,5.572468280792236,-127.665771484375,425.3464050292969,0.0059,2
2026-05-02 16:25:18.350,3909,5.53507661819458,-111.54286193847656,425.3555908203125,0.0053,2
2026-05-02 16:25:19.349,3910,5.4972758293151855,-111.49423217773438,425.36480712890625,0.0035,2
2026-05-02 16:25:20.353,3911,5.46011209487915,-111.44497680664062,425.3740539550781,0.0039,2
2026-05-02 16:25:21.355,3912,5.427410125732422,-127.5792007446289,425.3833312988281,0.0033,2
2026-05-02 16:25:22.364,3913,5.3926825523376465,-127.55909729003906,425.39263916015625,0.0067,2
2026-05-02 16:25:23.366,3914,5.357576847076416,-127.5385971069336,425.4019470214844,0.0039,2
2026-05-02 16:25:24.366,3915,5.322563648223877,-127.51819610595703,425.4112854003906,0.0036,2
2026-05-02 16:25:25.383,3916,5.285671710968018,-127.49589538574219,425.420654296875,0.0049,2
2026-05-02 16:25:26.381,3917,5.2416300773620605,-111.14486694335938,425.4300231933594,0.0016,2
2026-05-02 16:25:27.387,3918,5.209064483642578,-127.4484634399414,425.43939208984375,0.0048,2
2026-05-02 16:25:28.389,3919,5.174353122711182,-111.03926849365234,425.4488525390625,0.0037,2
2026-05-02 16:25:29.395,3920,5.13746976852417,-127.40603637695312,425.4582824707031,0.0055,2
2026-05-02 16:25:30.400,3921,5.095299243927002,-110.94544982910156,425.4677429199219,0.0059,2
2026-05-02 16:25:31.400,3922,5.060715198516846,-127.35842895507812,425.47723388671875,0.0047,2
2026-05-02 16:25:32.406,3923,5.0267133712768555,-127.3389892578125,425.48675537109375,0.0049,2
2026-05-02 16:25:33.408,3924,4.990227699279785,-110.79117584228516,425.49627685546875,0.0042,2
2026-05-02 16:25:34.415,3925,4.949094295501709,-110.74586486816406,425.50579833984375,0.0054,2
2026-05-02 16:25:35.419,3926,4.910192966461182,-110.69830322265625,425.515380859375,0.005,2
2026-05-02 16:25:36.423,3927,4.873379230499268,-127.24384307861328,425.52496337890625,0.0052,2
2026-05-02 16:25:37.423,3928,4.828886985778809,-127.21387481689453,425.53460693359375,0.0043,2
2026-05-02 16:25:38.439,3929,4.792393207550049,-110.55674743652344,425.5442199707031,0.006,2
2026-05-02 16:25:39.453,3930,4.7609148025512695,-110.50174713134766,425.5538635253906,0.0063,2
2026-05-02 16:25:40.452,3931,4.718592643737793,-127.14715576171875,425.5635681152344,0.0014,2
2026-05-02 16:25:41.459,3932,4.6835198402404785,-127.1265869140625,425.5732421875,0.007,2
2026-05-02 16:25:42.458,3933,4.648514747619629,-127.10608673095703,425.5829772949219,0.0051,2
2026-05-02 16:25:43.469,3934,4.607335567474365,-110.30945587158203,425.59271240234375,0.0052,2
2026-05-02 16:25:44.469,3935,4.569917678833008,-110.2603988647461,425.60247802734375,0.004,2
2026-05-02 16:25:45.472,3936,4.536789417266846,-110.20704650878906,425.61224365234375,0.0061,2
2026-05-02 16:25:46.476,3937,4.4929704666137695,-110.16439056396484,425.6220703125,0.0051,2
2026-05-02 16:25:47.478,3938,4.457978248596191,-126.98796081542969,425.6318664550781,0.0052,2
2026-05-02 16:25:48.479,3939,4.413077354431152,-126.95751953125,425.6417236328125,0.0054,2
2026-05-02 16:25:49.479,3940,4.378907680511475,-110.01899719238281,425.6515808105469,0.0024,2
2026-05-02 16:25:50.483,3941,4.3404316902160645,-126.91377258300781,425.6614685058594,0.0052,2
2026-05-02 16:25:51.484,3942,4.303665637969971,-126.8914566040039,425.67138671875,0.0034,2
2026-05-02 16:25:52.486,3943,4.259842872619629,-109.87857818603516,425.6813049316406,0.0044,2
2026-05-02 16:25:53.490,3944,4.218991756439209,-126.83563995361328,425.6912536621094,0.0062,2
2026-05-02 16:25:54.496,3945,4.185685157775879,-109.77972412109375,425.70123291015625,0.0063,2
2026-05-02 16:25:55.499,3946,4.148683071136475,-126.79415130615234,425.7112121582031,0.0034,2
2026-05-02 16:25:56.505,3947,4.111201286315918,-109.68119049072266,425.7212219238281,0.0065,2
2026-05-02 16:25:57.506,3948,4.06631326675415,-109.63956451416016,425.73126220703125,0.004,2
2026-05-02 16:25:58.512,3949,4.0235700607299805,-126.71222686767578,425.7413024902344,0.0075,2
2026-05-02 16:25:59.511,3950,3.992053508758545,-126.6950912475586,425.7513732910156,0.003,2
2026-05-02 16:26:00.516,3951,3.957303285598755,-109.48902130126953,425.761474609375,0.0038,2
2026-05-02 16:26:01.520,3952,3.924138069152832,-126.65592193603516,425.7716064453125,0.0049,2
2026-05-02 16:26:02.518,3953,3.8836729526519775,-109.38958740234375,425.7817077636719,0.0017,2
2026-05-02 16:26:03.524,3954,3.8464672565460205,-109.34027099609375,425.7918701171875,0.0062,2
2026-05-02 16:26:04.524,3955,3.808837413787842,-109.2913589477539,425.80206298828125,0.0054,2
2026-05-02 16:26:05.526,3956,3.7691948413848877,-126.55834197998047,425.812255859375,0.0063,2
2026-05-02 16:26:06.527,3957,3.7268691062927246,-109.20024871826172,425.8224792480469,0.0053,2
2026-05-02 16:26:07.530,3958,3.6829781532287598,-109.1575927734375,425.8327331542969,0.005,2
2026-05-02 16:26:08.541,3959,3.643402576446533,-126.47550201416016,425.84295654296875,0.0069,2
2026-05-02 16:26:09.543,3960,3.6028146743774414,-126.44920349121094,425.8532409667969,0.0064,2
2026-05-02 16:26:10.542,3961,3.5695736408233643,-109.01133728027344,425.8635559082031,0.0033,2
2026-05-02 16:26:11.558,3962,3.5372049808502197,-126.41216278076172,425.8738708496094,0.0047,2
2026-05-02 16:26:12.558,3963,3.497549533843994,-126.38677215576172,425.88421630859375,0.0029,2
2026-05-02 16:26:13.563,3964,3.4531571865081787,-126.35664367675781,425.8945617675781,0.0064,2
2026-05-02 16:26:14.564,3965,3.4100534915924072,-108.82459259033203,425.90496826171875,0.0057,2
2026-05-02 16:26:15.569,3966,3.3777077198028564,-108.77037048339844,425.91534423828125,0.0069,2
2026-05-02 16:26:16.570,3967,3.334157705307007,-108.72733306884766,425.92578125,0.0055,2
2026-05-02 16:26:17.570,3968,3.2982490062713623,-108.6766586303711,425.93621826171875,0.004,2
2026-05-02 16:26:18.579,3969,3.2659661769866943,-126.24060821533203,425.9466857910156,0.0046,2
2026-05-02 16:26:19.581,3970,3.235492706298828,-108.56624603271484,425.9571533203125,0.0049,2
2026-05-02 16:26:20.586,3971,3.1916797161102295,-126.19473266601562,425.9676513671875,0.0067,2
2026-05-02 16:26:21.587,3972,3.1473400592803955,-126.16456604003906,425.9781799316406,0.006,2
2026-05-02 16:26:22.587,3973,3.111862897872925,-108.43006896972656,425.9887390136719,0.0052,2
2026-05-02 16:26:23.589,3974,3.076146125793457,-126.12171173095703,425.9992980957031,0.0049,2
2026-05-02 16:26:24.591,3975,3.0326755046844482,-108.3360366821289,426.0098876953125,0.0058,2
2026-05-02 16:26:25.598,3976,2.9898416996002197,-126.06371307373047,426.0205078125,0.0077,2
2026-05-02 16:26:26.597,3977,2.9562270641326904,-126.04423522949219,426.0311279296875,0.0054,2
2026-05-02 16:26:27.599,3978,2.9125266075134277,-126.0146484375,426.041748046875,0.0055,2
2026-05-02 16:26:28.601,3979,2.872734785079956,-108.14949798583984,426.05242919921875,0.0069,2
2026-05-02 16:26:29.602,3980,2.834933042526245,-108.10066223144531,426.0630798339844,0.0051,2
2026-05-02 16:26:30.604,3981,2.80265474319458,-108.04630279541016,426.0738220214844,0.006,2
2026-05-02 16:26:31.604,3982,2.7653520107269287,-125.92386627197266,426.08453369140625,0.0045,2
2026-05-02 16:26:32.609,3983,2.7346489429473877,-107.94102478027344,426.09527587890625,0.0055,2
2026-05-02 16:26:33.611,3984,2.6908674240112305,-125.87750244140625,426.10601806640625,0.0062,2
2026-05-02 16:26:34.613,3985,2.6496992111206055,-107.85267639160156,426.1168518066406,0.0061,2
2026-05-02 16:26:35.612,3986,2.61877703666687,-107.79692077636719,426.12762451171875,0.0034,2
2026-05-02 16:26:36.616,3987,2.578526020050049,-107.75051879882812,426.1384582519531,0.0062,2
2026-05-02 16:26:37.618,3988,2.5417473316192627,-107.70062255859375,426.1493225097656,0.0064,2
2026-05-02 16:26:38.619,3989,2.5056803226470947,-125.76244354248047,426.16015625,0.0038,2
2026-05-02 16:26:39.622,3990,2.4708614349365234,-107.59815979003906,426.1710205078125,0.0046,2
2026-05-02 16:26:40.624,3991,2.4371232986450195,-107.54521179199219,426.18194580078125,0.0046,2
2026-05-02 16:26:41.629,3992,2.3966963291168213,-107.49895477294922,426.19287109375,0.0036,2
2026-05-02 16:26:42.635,3993,2.3555991649627686,-107.45336151123047,426.2038269042969,0.0067,2
2026-05-02 16:26:43.634,3994,2.320533514022827,-125.64714050292969,426.21478271484375,0.0047,2
2026-05-02 16:26:44.643,3995,2.2817156314849854,-107.35383605957031,426.2257385253906,0.0052,2
2026-05-02 16:26:45.645,3996,2.245934247970581,-125.60038757324219,426.23675537109375,0.0064,2
2026-05-02 16:26:46.644,3997,2.206425428390503,-107.25570678710938,426.2477722167969,0.0046,2
2026-05-02 16:26:47.652,3998,2.175647497177124,-107.19977569580078,426.2588195800781,0.0057,2
2026-05-02 16:26:48.653,3999,2.1381609439849854,-107.1505355834961,426.2698669433594,0.0055,2
2026-05-02 16:26:49.654,4000,2.093773126602173,-125.50379180908203,426.2809753417969,0.0055,2
2026-05-02 16:26:50.658,4001,2.058565378189087,-107.05667877197266,426.29205322265625,0.0039,2
2026-05-02 16:26:51.660,4002,2.0261855125427246,-107.0023193359375,426.30316162109375,0.0054,2
2026-05-02 16:26:52.663,4003,1.98989999294281,-125.44145965576172,426.3143005371094,0.0058,2
2026-05-02 16:26:53.661,4004,1.957915186882019,-125.42329406738281,426.3254699707031,0.0035,2
2026-05-02 16:26:54.662,4005,1.9158730506896973,-125.39505767822266,426.3366394042969,0.0033,2
2026-05-02 16:26:55.669,4006,1.8765274286270142,-125.36952209472656,426.34783935546875,0.006,2
2026-05-02 16:26:56.671,4007,1.836032748222351,-125.34280395507812,426.35906982421875,0.0057,2
2026-05-02 16:26:57.671,4008,1.7974085807800293,-106.7105484008789,426.3702697753906,0.0053,2
2026-05-02 16:26:58.672,4009,1.756746768951416,-106.66444396972656,426.38153076171875,0.005,2
2026-05-02 16:26:59.676,4010,1.7163183689117432,-106.61808013916016,426.392822265625,0.0051,2
2026-05-02 16:27:00.676,4011,1.679349422454834,-125.24111938476562,426.4040832519531,0.0043,2
2026-05-02 16:27:01.678,4012,1.636907935142517,-106.52391052246094,426.4154052734375,0.0044,2
2026-05-02 16:27:02.686,4013,1.6013447046279907,-106.4726791381836,426.4267578125,0.0049,2
2026-05-02 16:27:03.688,4014,1.5663326978683472,-125.1692123413086,426.4380798339844,0.0049,2
2026-05-02 16:27:04.693,4015,1.524194598197937,-106.376220703125,426.4494323730469,0.0055,2
2026-05-02 16:27:05.692,4016,1.490793228149414,-106.32279968261719,426.4608459472656,0.0033,2
2026-05-02 16:27:06.694,4017,1.4529043436050415,-106.27387237548828,426.4722595214844,0.0022,2
2026-05-02 16:27:07.695,4018,1.408400297164917,-106.23155212402344,426.483642578125,0.0027,2
2026-05-02 16:27:08.700,4019,1.3659024238586426,-125.0370101928711,426.4950866699219,0.0022,2
2026-05-02 16:27:09.703,4020,1.3252898454666138,-125.010009765625,426.5065612792969,0.0038,2
2026-05-02 16:27:10.704,4021,1.2945036888122559,-124.9928207397461,426.51806640625,0.0027,2
2026-05-02 16:27:11.706,4022,1.2547746896743774,-106.0378189086914,426.5295715332031,0.0022,2
2026-05-02 16:27:12.706,4023,1.223178505897522,-124.9486312866211,426.54107666015625,0.0015,2
2026-05-02 16:27:13.708,4024,1.1815037727355957,-105.93737030029297,426.5525817871094,0.0024,2
2026-05-02 16:27:14.714,4025,1.1455841064453125,-105.88642120361328,426.56414794921875,0.0018,2
2026-05-02 16:27:15.716,4026,1.1040730476379395,-124.8701171875,426.5757141113281,0.0031,2
2026-05-02 16:27:16.719,4027,1.073509931564331,-124.85307312011719,426.5873107910156,0.0035,2
2026-05-02 16:27:17.719,4028,1.0321251153945923,-105.73924255371094,426.59893798828125,0.0028,2
2026-05-02 16:27:18.726,4029,0.9998679757118225,-124.80638885498047,426.6105651855469,0.0047,2
2026-05-02 16:27:19.727,4030,0.9602803587913513,-124.78025817871094,426.6222229003906,0.0044,2
2026-05-02 16:27:20.725,4031,0.9178696870803833,-124.75128936767578,426.6338806152344,0.0014,2
2026-05-02 16:27:21.727,4032,0.8871361613273621,-124.73397827148438,426.64556884765625,0.0016,2
2026-05-02 16:27:22.729,4033,0.8451100587844849,-124.70535278320312,426.65728759765625,0.0029,2
2026-05-02 16:27:23.731,4034,0.8087886571884155,-124.68243408203125,426.66900634765625,0.004,2
2026-05-02 16:27:24.734,4035,0.7760891318321228,-105.38688659667969,426.68072509765625,0.0066,2
2026-05-02 16:27:25.734,4036,0.7437192797660828,-124.64411163330078,426.6925048828125,0.0043,2
2026-05-02 16:27:26.735,4037,0.703906238079071,-124.61764526367188,426.70428466796875,0.0036,2
2026-05-02 16:27:27.737,4038,0.665763258934021,-105.23638153076172,426.716064453125,0.0046,2
2026-05-02 16:27:28.741,4039,0.6248323917388916,-105.19034576416016,426.7278747558594,0.0057,2
2026-05-02 16:27:29.743,4040,0.5875480771064758,-124.54124450683594,426.7397155761719,0.0042,2
2026-05-02 16:27:30.748,4041,0.5557106733322144,-105.08554077148438,426.7515563964844,0.0074,2
2026-05-02 16:27:31.749,4042,0.5112220048904419,-124.49147033691406,426.763427734375,0.0057,2
2026-05-02 16:27:32.749,4043,0.4692613184452057,-104.99803161621094,426.7752990722656,0.0043,2
2026-05-02 16:27:33.752,4044,0.42478272318840027,-104.95551300048828,426.7872314453125,0.0063,2
2026-05-02 16:27:34.757,4045,0.3804243206977844,-124.40039825439453,426.79913330078125,0.0052,2
2026-05-02 16:27:35.760,4046,0.3360961079597473,-124.3692626953125,426.81109619140625,0.0054,2
2026-05-02 16:27:36.763,4047,0.2992594540119171,-104.82002258300781,426.8230285644531,0.0056,2
2026-05-02 16:27:37.766,4048,0.25492364168167114,-124.31444549560547,426.8349914550781,0.0054,2
2026-05-02 16:27:38.777,4049,0.21426093578338623,-104.73097229003906,426.84698486328125,0.0065,2
2026-05-02 16:27:39.780,4050,0.1770840287208557,-104.68110656738281,426.8590393066406,0.0054,2
2026-05-02 16:27:40.781,4051,0.1382014900445938,-104.6329574584961,426.8710632324219,0.0053,2
2026-05-02 16:27:41.784,4052,0.09736134111881256,-104.58674621582031,426.8830871582031,0.0045,2
2026-05-02 16:27:42.786,4053,0.05356942117214203,-124.17869567871094,426.8951416015625,0.0047,2
2026-05-02 16:27:43.790,4054,0.020421963185071945,-124.15860748291016,426.9072570800781,0.0057,2
2026-05-02 16:27:44.790,4055,-0.01817992702126503,-104.44110870361328,426.9193420410156,0.0058,2
2026-05-02 16:27:45.794,4056,-0.06012086942791939,-104.39596557617188,426.93145751953125,0.0055,2
2026-05-02 16:27:46.797,4057,-0.10180073976516724,-124.07547760009766,426.943603515625,0.0065,2
2026-05-02 16:27:47.798,4058,-0.137055903673172,-124.05323028564453,426.95574951171875,0.0061,2
2026-05-02 16:27:48.799,4059,-0.1812722235918045,-124.02198791503906,426.9679260253906,0.006,2
2026-05-02 16:27:49.801,4060,-0.225611612200737,-104.21308135986328,426.9801330566406,0.0058,2
2026-05-02 16:27:50.801,4061,-0.25915640592575073,-123.97000122070312,426.9923095703125,0.005,2
2026-05-02 16:27:51.808,4062,-0.29881298542022705,-104.11204528808594,427.0045166015625,0.0062,2
2026-05-02 16:27:52.809,4063,-0.3419685661792755,-104.06806182861328,427.01678466796875,0.0046,2
2026-05-02 16:27:53.811,4064,-0.3779095411300659,-123.88996887207031,427.0290222167969,0.0058,2
2026-05-02 16:27:54.812,4065,-0.40868809819221497,-123.87206268310547,427.04132080078125,0.0051,2
2026-05-02 16:27:55.822,4066,-0.45326998829841614,-103.91793823242188,427.0535888671875,0.0072,2
2026-05-02 16:27:56.824,4067,-0.49037808179855347,-123.81605529785156,427.06591796875,0.0057,2
2026-05-02 16:27:57.823,4068,-0.5262730717658997,-123.79297637939453,427.0782470703125,0.0031,2
2026-05-02 16:27:58.824,4069,-0.56899493932724,-123.76305389404297,427.0906066894531,0.0027,2
2026-05-02 16:27:59.825,4070,-0.6062710285186768,-123.7385482788086,427.1029357910156,0.0031,2
2026-05-02 16:28:00.832,4071,-0.647379994392395,-123.71019744873047,427.1153564453125,0.0042,2
2026-05-02 16:28:01.834,4072,-0.68364417552948,-123.6866683959961,427.1277160644531,0.005,2
2026-05-02 16:28:02.837,4073,-0.7199292182922363,-123.66310119628906,427.14013671875,0.0054,2
2026-05-02 16:28:03.838,4074,-0.7566788792610168,-123.63905334472656,427.1525573730469,0.0041,2
2026-05-02 16:28:04.841,4075,-0.7891192436218262,-103.46905517578125,427.1650085449219,0.0066,2
2026-05-02 16:28:05.840,4076,-0.8239737749099731,-123.59709930419922,427.1774597167969,0.003,2
2026-05-02 16:28:06.846,4077,-0.8683537244796753,-123.56536102294922,427.1899719238281,0.0039,2
2026-05-02 16:28:07.846,4078,-0.8987909555435181,-123.54754638671875,427.20245361328125,0.003,2
2026-05-02 16:28:08.848,4079,-0.9364434480667114,-123.52249145507812,427.2149658203125,0.0041,2
2026-05-02 16:28:09.848,4080,-0.9734865427017212,-123.49803161621094,427.2275085449219,0.0041,2
2026-05-02 16:28:10.850,4081,-1.0071879625320435,-123.47689819335938,427.24005126953125,0.0043,2
2026-05-02 16:28:11.852,4082,-1.0407711267471313,-103.10992431640625,427.25262451171875,0.0054,2
2026-05-02 16:28:12.857,4083,-1.0827747583389282,-103.06462860107422,427.26519775390625,0.0073,2
2026-05-02 16:28:13.857,4084,-1.124480128288269,-103.01904296875,427.27777099609375,0.0057,2
2026-05-02 16:28:14.858,4085,-1.1611026525497437,-123.37301635742188,427.2904052734375,0.0055,2
2026-05-02 16:28:15.859,4086,-1.1941108703613281,-102.91404724121094,427.30303955078125,0.0056,2
2026-05-02 16:28:16.862,4087,-1.2271203994750977,-123.3319091796875,427.315673828125,0.0055,2
2026-05-02 16:28:17.866,4088,-1.2668967247009277,-102.81217956542969,427.3283386230469,0.0063,2
2026-05-02 16:28:18.862,4089,-1.296934962272644,-102.75487518310547,427.3410339355469,0.0017,2
2026-05-02 16:28:19.864,4090,-1.3304800987243652,-102.70106506347656,427.3537292480469,0.0018,2
2026-05-02 16:28:20.870,4091,-1.3641258478164673,-123.24445343017578,427.3664245605469,0.005,2
2026-05-02 16:28:21.874,4092,-1.403682827949524,-123.21723175048828,427.379150390625,0.0052,2
2026-05-02 16:28:22.877,4093,-1.440875768661499,-102.54936218261719,427.39190673828125,0.0065,2
2026-05-02 16:28:23.879,4094,-1.4741878509521484,-123.17133331298828,427.4046630859375,0.0054,2
2026-05-02 16:28:24.880,4095,-1.5138646364212036,-123.14393615722656,427.4174499511719,0.0056,2
2026-05-02 16:28:25.882,4096,-1.5482540130615234,-123.12179565429688,427.43023681640625,0.0057,2
2026-05-02 16:28:26.883,4097,-1.58051335811615,-102.33940887451172,427.44305419921875,0.0052,2
2026-05-02 16:28:27.886,4098,-1.6207478046417236,-102.2922134399414,427.45587158203125,0.0049,2
2026-05-02 16:28:28.889,4099,-1.6564780473709106,-102.24051666259766,427.4687194824219,0.0055,2
2026-05-02 16:28:29.890,4100,-1.6975648403167725,-123.02127075195312,427.4815673828125,0.0046,2
2026-05-02 16:28:30.892,4101,-1.7275612354278564,-102.13671112060547,427.49444580078125,0.0063,2
2026-05-02 16:28:31.895,4102,-1.759925365447998,-102.08161926269531,427.5073547363281,0.0067,2
2026-05-02 16:28:32.899,4103,-1.7946439981460571,-102.02887725830078,427.520263671875,0.0095,2
2026-05-02 16:28:33.896,4104,-1.8255529403686523,-122.94171142578125,427.53314208984375,0.0039,2
2026-05-02 16:28:34.896,4105,-1.8579013347625732,-122.92142486572266,427.54608154296875,0.0029,2
2026-05-02 16:28:35.904,4106,-1.8977991342544556,-101.86956787109375,427.5590515136719,0.005,2
2026-05-02 16:28:36.903,4107,-1.929200530052185,-122.8741683959961,427.572021484375,0.0026,2
2026-05-02 16:28:37.910,4108,-1.9667848348617554,-101.76354217529297,427.5849914550781,0.0057,2
2026-05-02 16:28:38.911,4109,-2.0478670597076416,-101.66956329345703,427.6109924316406,0.0053,2
2026-05-02 16:28:39.911,4110,-2.0808777809143066,-122.77029418945312,427.6240234375,0.0037,2
2026-05-02 16:28:40.918,4111,-2.12430477142334,-101.57090759277344,427.6370849609375,0.0066,2
2026-05-02 16:28:41.920,4112,-2.1684367656707764,-122.70649719238281,427.650146484375,0.0058,2
2026-05-02 16:28:42.921,4113,-2.2117459774017334,-122.67504119873047,427.6632080078125,0.0054,2
2026-05-02 16:28:43.926,4114,-2.248574733734131,-101.43246459960938,427.6763000488281,0.0045,2
2026-05-02 16:28:44.928,4115,-2.2828662395477295,-101.37916564941406,427.6894226074219,0.006,2
2026-05-02 16:28:45.928,4116,-2.317227602005005,-101.325927734375,427.70257568359375,0.0041,2
2026-05-02 16:28:46.938,4117,-2.3482131958007812,-122.58573150634766,427.7156982421875,0.0065,2
2026-05-02 16:28:47.938,4118,-2.3902883529663086,-101.2237548828125,427.7288513183594,0.0055,2
2026-05-02 16:28:48.939,4119,-2.422497510910034,-101.1683349609375,427.74200439453125,0.0048,2
2026-05-02 16:28:49.942,4120,-2.458805561065674,-122.51025390625,427.75518798828125,0.0065,2
2026-05-02 16:28:50.941,4121,-2.499333620071411,-122.48139190673828,427.7684020996094,0.004,2
2026-05-02 16:28:51.945,4122,-2.529161214828491,-101.01205444335938,427.7815856933594,0.0047,2
2026-05-02 16:28:52.949,4123,-2.5669219493865967,-122.43704986572266,427.7948303222656,0.0049,2
2026-05-02 16:28:53.950,4124,-2.6017954349517822,-122.41375732421875,427.8080749511719,0.0051,2
2026-05-02 16:28:54.951,4125,-2.6358749866485596,-100.85572052001953,427.82135009765625,0.0055,2
2026-05-02 16:28:55.963,4126,-2.6714468002319336,-122.3672103881836,427.8345947265625,0.0046,2
2026-05-02 16:28:56.964,4127,-2.7091376781463623,-122.34103393554688,427.847900390625,0.0054,2
2026-05-02 16:28:57.971,4128,-2.7438933849334717,-100.70060729980469,427.8611755371094,0.0054,2
2026-05-02 16:28:58.970,4129,-2.7797253131866455,-100.64871215820312,427.87451171875,0.0034,2
2026-05-02 16:28:59.972,4130,-2.821178436279297,-100.6024169921875,427.8878479003906,0.0042,2
2026-05-02 16:29:00.976,4131,-2.8540382385253906,-122.24193572998047,427.90118408203125,0.0063,2
2026-05-02 16:29:01.976,4132,-2.886827230453491,-100.4925537109375,427.91455078125,0.0054,2
2026-05-02 16:29:02.981,4133,-2.9236934185028076,-100.44164276123047,427.9279479980469,0.006,2
2026-05-02 16:29:03.989,4134,-2.9560725688934326,-100.38623809814453,427.9413146972656,0.0058,2
2026-05-02 16:29:04.989,4135,-2.9979825019836426,-100.34034729003906,427.9547119140625,0.0058,2
2026-05-02 16:29:05.991,4136,-3.037637710571289,-122.11502075195312,427.9681396484375,0.0054,2
2026-05-02 16:29:06.995,4137,-3.0714356899261475,-100.2381820678711,427.9815673828125,0.0055,2
2026-05-02 16:29:07.997,4138,-3.1053881645202637,-122.06976318359375,427.9950256347656,0.0054,2
2026-05-02 16:29:08.999,4139,-3.139529228210449,-122.04682922363281,428.00848388671875,0.005,2
2026-05-02 16:29:10.007,4140,-3.1727616786956787,-100.07599639892578,428.02197265625,0.0057,2
2026-05-02 16:29:11.009,4141,-3.2130398750305176,-100.0284194946289,428.0354309082031,0.0056,2
2026-05-02 16:29:12.009,4142,-3.2499799728393555,-121.96985626220703,428.0489501953125,0.0043,2
2026-05-02 16:29:13.009,4143,-3.2857658863067627,-99.9253921508789,428.0624694824219,0.0028,2
2026-05-02 16:29:14.013,4144,-3.318953275680542,-121.9230728149414,428.07598876953125,0.0053,2
2026-05-02 16:29:15.019,4145,-3.359069585800171,-121.89400482177734,428.08953857421875,0.0058,2
2026-05-02 16:29:16.019,4146,-3.402264356613159,-121.86183166503906,428.10308837890625,0.0056,2
2026-05-02 16:29:17.019,4147,-3.4399614334106445,-99.72795104980469,428.11669921875,0.0041,2
2026-05-02 16:29:18.021,4148,-3.483733892440796,-121.80233764648438,428.1302490234375,0.0044,2
2026-05-02 16:29:19.023,4149,-3.527334451675415,-121.7696762084961,428.14385986328125,0.005,2
2026-05-02 16:29:20.025,4150,-3.5588488578796387,-121.74907684326172,428.157470703125,0.0061,2
2026-05-02 16:29:21.030,4151,-3.5966455936431885,-121.72216796875,428.17108154296875,0.005,2
2026-05-02 16:29:22.034,4152,-3.6403872966766357,-121.68929290771484,428.18475341796875,0.0066,2
2026-05-02 16:29:23.034,4153,-3.672532320022583,-121.66798400878906,428.1983947753906,0.0043,2
2026-05-02 16:29:24.035,4154,-3.713308572769165,-99.38550567626953,428.2120666503906,0.0019,2
2026-05-02 16:29:25.040,4155,-3.745145797729492,-121.61695861816406,428.2257385253906,0.0055,2
2026-05-02 16:29:26.043,4156,-3.7833669185638428,-121.5895004272461,428.2394714355469,0.0049,2
2026-05-02 16:29:27.044,4157,-3.821176290512085,-99.22928619384766,428.2531433105469,0.0039,2
2026-05-02 16:29:28.049,4158,-3.8508074283599854,-99.1708755493164,428.2668762207031,0.0051,2
2026-05-02 16:29:29.050,4159,-3.8849499225616455,-121.52000427246094,428.2806396484375,0.005,2
2026-05-02 16:29:30.052,4160,-3.9176793098449707,-99.06160736083984,428.29437255859375,0.0055,2
2026-05-02 16:29:31.060,4161,-3.9472734928131104,-99.00311279296875,428.3081359863281,0.0069,2
2026-05-02 16:29:32.060,4162,-3.983001232147217,-121.45379638671875,428.3218994140625,0.0018,2
2026-05-02 16:29:33.064,4163,-4.018122673034668,-121.42922973632812,428.3357238769531,0.005,2
2026-05-02 16:29:34.065,4164,-4.049321174621582,-121.40856170654297,428.3494873046875,0.0057,2
2026-05-02 16:29:35.067,4165,-4.08465051651001,-121.38373565673828,428.3633117675781,0.0062,2
2026-05-02 16:29:36.068,4166,-4.1176862716674805,-98.73291778564453,428.3771667480469,0.0036,2
2026-05-02 16:29:37.070,4167,-4.159278392791748,-98.68635559082031,428.3909912109375,0.0033,2
2026-05-02 16:29:38.073,4168,-4.200546741485596,-98.63945007324219,428.40484619140625,0.0043,2
2026-05-02 16:29:39.079,4169,-4.24021577835083,-98.5909423828125,428.4187316894531,0.0061,2
2026-05-02 16:29:40.080,4170,-4.27536153793335,-98.53789520263672,428.4325866699219,0.0049,2
2026-05-02 16:29:41.082,4171,-4.304825782775879,-121.22595977783203,428.4465026855469,0.0055,2
2026-05-02 16:29:42.082,4172,-4.344510555267334,-98.43062591552734,428.4604187011719,0.0039,2
2026-05-02 16:29:43.086,4173,-4.3779497146606445,-121.17339324951172,428.47430419921875,0.0057,2
2026-05-02 16:29:44.086,4174,-4.410317420959473,-98.31996154785156,428.4882507324219,0.0036,2
2026-05-02 16:29:45.093,4175,-4.445061683654785,-121.1267318725586,428.502197265625,0.0052,2
2026-05-02 16:29:46.094,4176,-4.476118087768555,-121.1058578491211,428.51611328125,0.0039,2
2026-05-02 16:29:47.097,4177,-4.516129016876221,-98.16096496582031,428.53009033203125,0.0042,2
2026-05-02 16:29:48.107,4178,-4.546660900115967,-98.10321044921875,428.5440979003906,0.0054,2
2026-05-02 16:29:49.107,4179,-4.577329158782959,-121.03499603271484,428.55810546875,0.0045,2
2026-05-02 16:29:50.108,4180,-4.608222484588623,-97.98814392089844,428.57208251953125,0.0045,2
2026-05-02 16:29:51.109,4181,-4.646496295928955,-120.98592376708984,428.5860900878906,0.0051,2
2026-05-02 16:29:52.110,4182,-4.681573390960693,-97.88482666015625,428.6001281738281,0.0048,2
2026-05-02 16:29:53.111,4183,-4.711683750152588,-97.82658386230469,428.61419677734375,0.0047,2
2026-05-02 16:29:54.113,4184,-4.7494425773620605,-97.7759780883789,428.6282043457031,0.0046,2
2026-05-02 16:29:55.115,4185,-4.780198574066162,-97.71835327148438,428.64227294921875,0.004,2
2026-05-02 16:29:56.117,4186,-4.818143367767334,-97.66790008544922,428.6563720703125,0.0046,2
2026-05-02 16:29:57.118,4187,-4.85395622253418,-120.83799743652344,428.67047119140625,0.0037,2
2026-05-02 16:29:58.121,4188,-4.889377117156982,-120.81238555908203,428.6845703125,0.0055,2
2026-05-02 16:29:59.123,4189,-4.922382831573486,-120.78915405273438,428.6986999511719,0.0047,2
2026-05-02 16:30:00.125,4190,-4.965021133422852,-97.4610824584961,428.7127990722656,0.0052,2
2026-05-02 16:30:01.125,4191,-5.006832122802734,-120.72418975830078,428.7269287109375,0.0046,2
2026-05-02 16:30:02.128,4192,-5.046881675720215,-97.36602020263672,428.7410888671875,0.0058,2
2026-05-02 16:30:03.130,4193,-5.082671642303467,-120.66768646240234,428.7552490234375,0.0053,2
2026-05-02 16:30:04.130,4194,-5.1123151779174805,-120.64766693115234,428.7694396972656,0.0043,2
2026-05-02 16:30:05.133,4195,-5.142426013946533,-120.62715148925781,428.78363037109375,0.0065,2
2026-05-02 16:30:06.137,4196,-5.178530693054199,-97.1436538696289,428.7978210449219,0.0043,2
2026-05-02 16:30:07.137,4197,-5.216527462005615,-97.09310913085938,428.81201171875,0.0037,2
2026-05-02 16:30:08.138,4198,-5.252103328704834,-120.54606628417969,428.82623291015625,0.0028,2
2026-05-02 16:30:09.140,4199,-5.287738800048828,-120.51988983154297,428.8404541015625,0.0042,2
2026-05-02 16:30:10.143,4200,-5.318911075592041,-96.92980194091797,428.85467529296875,0.0053,2
2026-05-02 16:30:11.141,4201,-5.353639125823975,-96.87593841552734,428.86895751953125,0.0022,2
2026-05-02 16:30:12.149,4202,-5.383061408996582,-120.45276641845703,428.8832092285156,0.0068,2
2026-05-02 16:30:13.153,4203,-5.42413330078125,-120.42103576660156,428.8974914550781,0.0056,2
2026-05-02 16:30:14.151,4204,-5.455193519592285,-120.39927673339844,428.9117736816406,0.0032,2
2026-05-02 16:30:15.157,4205,-5.4927659034729,-96.66056823730469,428.9260559082031,0.0038,2
2026-05-02 16:30:16.159,4206,-5.527604579925537,-120.34536743164062,428.94036865234375,0.0036,2
2026-05-02 16:30:17.162,4207,-5.5687713623046875,-120.31340789794922,428.9546813964844,0.0051,2
2026-05-02 16:30:18.166,4208,-5.600890636444092,-120.29045104980469,428.9690246582031,0.005,2
2026-05-02 16:30:19.168,4209,-5.643581390380859,-96.4566650390625,428.9833679199219,0.0047,2
2026-05-02 16:30:20.171,4210,-5.677530288696289,-96.40190124511719,428.9977111816406,0.0062,2
2026-05-02 16:30:21.181,4211,-5.720836162567139,-96.35647583007812,429.0120849609375,0.0076,2
2026-05-02 16:30:22.180,4212,-5.7592339515686035,-120.16844940185547,429.0264587402344,0.0034,2
2026-05-02 16:30:23.184,4213,-5.791455268859863,-120.14523315429688,429.04083251953125,0.0047,2
2026-05-02 16:30:24.187,4214,-5.83482027053833,-96.2042007446289,429.05523681640625,0.0053,2
2026-05-02 16:30:25.188,4215,-5.8747992515563965,-96.1553955078125,429.06964111328125,0.0055,2
2026-05-02 16:30:26.187,4216,-5.904417037963867,-96.0962142944336,429.0840759277344,0.0036,2
2026-05-02 16:30:27.192,4217,-5.937628746032715,-96.04061126708984,429.0984802246094,0.0049,2
2026-05-02 16:30:28.192,4218,-5.970101833343506,-120.01107788085938,429.1129150390625,0.0037,2
2026-05-02 16:30:29.192,4219,-6.000247955322266,-119.98973083496094,429.12738037109375,0.0024,2
2026-05-02 16:30:30.193,4220,-6.034704685211182,-95.87117004394531,429.1418151855469,0.0022,2
2026-05-02 16:30:31.198,4221,-6.075257778167725,-95.8228530883789,429.1562805175781,0.0062,2
2026-05-02 16:30:32.194,4222,-6.107767581939697,-95.7664794921875,429.1707458496094,0.0014,2
2026-05-02 16:30:33.199,4223,-6.139877796173096,-119.88493347167969,429.18524169921875,0.0054,2
2026-05-02 16:30:34.199,4224,-6.173074722290039,-95.65397644042969,429.1997375488281,0.004,2
2026-05-02 16:30:35.206,4225,-6.204010486602783,-95.59598541259766,429.2142639160156,0.0073,2
2026-05-02 16:30:36.211,4226,-6.236344814300537,-119.81422424316406,429.2287902832031,0.0044,2
2026-05-02 16:30:37.217,4227,-6.274438381195068,-95.48851776123047,429.2433166503906,0.005,2
2026-05-02 16:30:38.218,4228,-6.313999176025391,-95.43910217285156,429.2578430175781,0.0053,2
2026-05-02 16:30:39.227,4229,-6.3525872230529785,-119.72342681884766,429.2723693847656,0.0056,2
2026-05-02 16:30:40.235,4230,-6.39138126373291,-95.3385009765625,429.28692626953125,0.0057,2
2026-05-02 16:30:41.236,4231,-6.434567451477051,-95.29267120361328,429.301513671875,0.0058,2
2026-05-02 16:30:42.237,4232,-6.465373516082764,-119.63574981689453,429.31610107421875,0.0057,2
2026-05-02 16:30:43.241,4233,-6.499945163726807,-119.60948181152344,429.3306579589844,0.006,2
2026-05-02 16:30:44.251,4234,-6.5421037673950195,-119.57559204101562,429.3452453613281,0.0045,2
2026-05-02 16:30:45.253,4235,-6.5797929763793945,-119.54612731933594,429.35986328125,0.0056,2
2026-05-02 16:30:46.252,4236,-6.609715461730957,-119.5243911743164,429.3744812011719,0.0041,2
2026-05-02 16:30:47.259,4237,-6.6388983726501465,-94.96260070800781,429.38909912109375,0.006,2
2026-05-02 16:30:48.257,4238,-6.673344612121582,-94.90792083740234,429.4037170410156,0.0025,2
2026-05-02 16:30:49.260,4239,-6.708101272583008,-94.85354614257812,429.4183654785156,0.0053,2
2026-05-02 16:30:50.264,4240,-6.750916004180908,-94.80721282958984,429.43304443359375,0.0046,2
2026-05-02 16:30:51.272,4241,-6.785778999328613,-119.38874053955078,429.44769287109375,0.0035,2
2026-05-02 16:30:52.273,4242,-6.818138599395752,-119.36434936523438,429.46234130859375,0.003,2
2026-05-02 16:30:53.274,4243,-6.860044956207275,-94.64879608154297,429.4770202636719,0.0029,2
2026-05-02 16:30:54.278,4244,-6.889330863952637,-94.5888671875,429.4917297363281,0.0022,2
2026-05-02 16:30:55.280,4245,-6.925398826599121,-119.28077697753906,429.50640869140625,0.0039,2
2026-05-02 16:30:56.281,4246,-6.96388578414917,-119.25010681152344,429.5211181640625,0.0032,2
2026-05-02 16:30:57.285,4247,-7.006612777709961,-119.21516418457031,429.5358581542969,0.0057,2
2026-05-02 16:30:58.285,4248,-7.047298908233643,-119.18222045898438,429.5505676269531,0.0045,2
2026-05-02 16:30:59.287,4249,-7.077459335327148,-119.15977478027344,429.5652770996094,0.0049,2
2026-05-02 16:31:00.286,4250,-7.112358570098877,-94.27630615234375,429.58001708984375,0.0029,2
2026-05-02 16:31:01.290,4251,-7.149986743927002,-94.224609375,429.59478759765625,0.0065,2
2026-05-02 16:31:02.290,4252,-7.178814888000488,-119.08130645751953,429.6095275878906,0.0045,2
2026-05-02 16:31:03.293,4253,-7.212131023406982,-119.0555419921875,429.6242980957031,0.0056,2
2026-05-02 16:31:04.294,4254,-7.252245903015137,-94.0588150024414,429.6390686035156,0.0045,2
2026-05-02 16:31:05.292,4255,-7.2955827713012695,-94.01275634765625,429.6538391113281,0.0017,2
2026-05-02 16:31:06.295,4256,-7.324732303619385,-93.95249938964844,429.6686706542969,0.0034,2
2026-05-02 16:31:07.300,4257,-7.362249374389648,-118.93524169921875,429.6834411621094,0.0064,2
2026-05-02 16:31:08.307,4258,-7.403266906738281,-93.8521957397461,429.6982421875,0.0061,2
2026-05-02 16:31:09.312,4259,-7.437005519866943,-93.7964859008789,429.71307373046875,0.0069,2
2026-05-02 16:31:10.311,4260,-7.4785966873168945,-93.74861907958984,429.7278747558594,0.003,2
2026-05-02 16:31:11.316,4261,-7.508497714996338,-118.81819152832031,429.7427062988281,0.0049,2
2026-05-02 16:31:12.321,4262,-7.547707557678223,-118.78619384765625,429.757568359375,0.0061,2
2026-05-02 16:31:13.332,4263,-7.578977108001709,-118.76207733154297,429.77239990234375,0.0043,2
2026-05-02 16:31:14.335,4264,-7.616204738616943,-93.5281982421875,429.7872619628906,0.0049,2
2026-05-02 16:31:15.337,4265,-7.650551795959473,-118.70470428466797,429.8021240234375,0.0054,2
2026-05-02 16:31:16.339,4266,-7.684240341186523,-118.67806243896484,429.8169860839844,0.0039,2
2026-05-02 16:31:17.346,4267,-7.723603248596191,-93.36690521240234,429.8318786621094,0.0043,2
2026-05-02 16:31:18.351,4268,-7.758988380432129,-118.61727905273438,429.84674072265625,0.0053,2
2026-05-02 16:31:19.351,4269,-7.796005725860596,-93.26010131835938,429.8616638183594,0.0017,2
2026-05-02 16:31:20.352,4270,-7.8242716789245605,-93.19874572753906,429.8765563964844,0.0016,2
2026-05-02 16:31:21.360,4271,-7.860152244567871,-118.53675842285156,429.8914794921875,0.006,2
2026-05-02 16:31:22.360,4272,-7.8935370445251465,-93.08869171142578,429.9063720703125,0.0042,2
2026-05-02 16:31:23.360,4273,-7.931499481201172,-118.47896575927734,429.92132568359375,0.0026,2
2026-05-02 16:31:24.389,4274,-7.968818664550781,-92.98460388183594,429.9362487792969,0.0056,2
2026-05-02 16:31:25.391,4275,-8.001791954040527,-92.92786407470703,429.9512023925781,0.0056,2
2026-05-02 16:31:26.393,4276,-8.042054176330566,-92.8783950805664,429.96612548828125,0.0055,2
2026-05-02 16:31:27.395,4277,-8.080066680908203,-92.82666015625,429.9810485839844,0.0041,2
2026-05-02 16:31:28.397,4278,-8.120417594909668,-118.32322692871094,429.99603271484375,0.0045,2
2026-05-02 16:31:29.400,4279,-8.159400939941406,-118.2907485961914,430.010986328125,0.0057,2
2026-05-02 16:31:30.402,4280,-8.200815200805664,-92.6780776977539,430.0259704589844,0.0069,2
2026-05-02 16:31:31.402,4281,-8.235597610473633,-92.62303161621094,430.0409240722656,0.0051,2
2026-05-02 16:31:32.404,4282,-8.266345024108887,-92.56395721435547,430.0559387207031,0.0056,2
2026-05-02 16:31:33.402,4283,-8.308764457702637,-92.51652526855469,430.0709228515625,0.0021,2
2026-05-02 16:31:34.405,4284,-8.35028076171875,-118.13179016113281,430.0859375,0.0041,2
2026-05-02 16:31:35.408,4285,-8.385519027709961,-92.41352081298828,430.1009521484375,0.0054,2
2026-05-02 16:31:36.420,4286,-8.423168182373047,-118.07137298583984,430.1159362792969,0.0056,2
2026-05-02 16:31:37.423,4287,-8.461578369140625,-92.30976867675781,430.1309814453125,0.0058,2
2026-05-02 16:31:38.424,4288,-8.489714622497559,-92.24797058105469,430.14599609375,0.0038,2
2026-05-02 16:31:39.427,4289,-8.525246620178223,-92.19355010986328,430.1610412597656,0.0028,2
2026-05-02 16:31:40.433,4290,-8.559442520141602,-117.95953369140625,430.1760559082031,0.0052,2
2026-05-02 16:31:41.441,4291,-8.596675872802734,-92.08502197265625,430.1911315917969,0.0046,2
2026-05-02 16:31:42.442,4292,-8.635729789733887,-117.89519500732422,430.2061767578125,0.0045,2
2026-05-02 16:31:43.441,4293,-8.66471004486084,-91.9730224609375,430.2212219238281,0.0025,2
2026-05-02 16:31:44.448,4294,-8.705397605895996,-91.92366790771484,430.23626708984375,0.0068,2
2026-05-02 16:31:45.447,4295,-8.736544609069824,-117.81200408935547,430.2513732910156,0.0047,2
2026-05-02 16:31:46.451,4296,-8.767457962036133,-117.78687286376953,430.2664489746094,0.0053,2
2026-05-02 16:31:47.454,4297,-8.809372901916504,-91.75740814208984,430.2815246582031,0.0067,2
2026-05-02 16:31:48.455,4298,-8.848803520202637,-117.71694946289062,430.296630859375,0.0055,2
2026-05-02 16:31:49.454,4299,-8.879941940307617,-117.69146728515625,430.31170654296875,0.003,2
2026-05-02 16:31:50.461,4300,-8.917047500610352,-91.59468841552734,430.3268127441406,0.0058,2
2026-05-02 16:31:51.460,4301,-8.959701538085938,-117.62287902832031,430.3419189453125,0.0039,2
2026-05-02 16:31:52.464,4302,-8.991764068603516,-117.59632873535156,430.3570251464844,0.0045,2
2026-05-02 16:31:53.467,4303,-9.026571273803711,-117.56700134277344,430.3721618652344,0.006,2
2026-05-02 16:31:54.469,4304,-9.060857772827148,-91.37772369384766,430.38726806640625,0.0059,2
2026-05-02 16:31:55.473,4305,-9.101433753967285,-117.50294494628906,430.40240478515625,0.0056,2
2026-05-02 16:31:56.471,4306,-9.140969276428223,-91.27733612060547,430.41754150390625,0.0028,2
2026-05-02 16:31:57.479,4307,-9.181012153625488,-117.43399810791016,430.4326477050781,0.0065,2
2026-05-02 16:31:58.478,4308,-9.21838665008545,-91.17417907714844,430.44781494140625,0.0042,2
2026-05-02 16:31:59.484,4309,-9.254541397094727,-117.37092590332031,430.4629821777344,0.0061,2
2026-05-02 16:32:00.485,4310,-9.28607177734375,-91.06121826171875,430.4781188964844,0.0049,2
2026-05-02 16:32:01.486,4311,-9.319526672363281,-117.31620788574219,430.4932861328125,0.0052,2
2026-05-02 16:32:02.488,4312,-9.36221694946289,-90.95664978027344,430.5084228515625,0.0052,2
2026-05-02 16:32:03.491,4313,-9.404875755310059,-117.24093627929688,430.52362060546875,0.0056,2
2026-05-02 16:32:04.502,4314,-9.43682861328125,-117.21395111083984,430.5387878417969,0.008,2
2026-05-02 16:32:05.501,4315,-9.46814250946045,-90.79135131835938,430.553955078125,0.005,2
2026-05-02 16:32:06.509,4316,-9.508376121520996,-117.15221405029297,430.56915283203125,0.0045,2
2026-05-02 16:32:07.511,4317,-9.53793716430664,-117.12748718261719,430.5843505859375,0.0052,2
2026-05-02 16:32:08.511,4318,-9.57310676574707,-90.62493133544922,430.5995178222656,0.0037,2
2026-05-02 16:32:09.513,4319,-9.604663848876953,-90.56598663330078,430.61474609375,0.003,2
2026-05-02 16:32:10.519,4320,-9.643787384033203,-90.51458740234375,430.62994384765625,0.0024,2
2026-05-02 16:32:11.525,4321,-9.674095153808594,-90.45436096191406,430.6451416015625,0.0067,2
2026-05-02 16:32:12.534,4322,-9.70880126953125,-90.39850616455078,430.6603698730469,0.0064,2
2026-05-02 16:32:13.542,4323,-9.74539852142334,-90.34452819824219,430.67559814453125,0.0061,2
2026-05-02 16:32:14.546,4324,-9.7843656539917,-90.29290008544922,430.6908264160156,0.0042,2
2026-05-02 16:32:15.563,4325,-9.822487831115723,-90.24040222167969,430.7060241699219,0.002,2
2026-05-02 16:32:16.566,4326,-9.864727020263672,-90.1920166015625,430.72125244140625,0.0035,2
2026-05-02 16:32:17.570,4327,-9.895119667053223,-116.81605529785156,430.73651123046875,0.0061,2
2026-05-02 16:32:18.574,4328,-9.923921585083008,-116.79156494140625,430.7517395019531,0.0063,2
2026-05-02 16:32:19.573,4329,-9.957869529724121,-90.01313018798828,430.7669677734375,0.0034,2
2026-05-02 16:32:20.613,4330,-9.992080688476562,-116.73188781738281,430.7822265625,0.0049,2
2026-05-02 16:32:21.618,4331,-10.028879165649414,-89.90269470214844,430.7974548339844,0.0064,2
2026-05-02 16:32:22.618,4332,-10.063275337219238,-116.66898345947266,430.8127136230469,0.005,2
2026-05-02 16:32:23.620,4333,-10.09875774383545,-89.79106140136719,430.8280029296875,0.0052,2
2026-05-02 16:32:24.622,4334,-10.13031005859375,-89.73181915283203,430.84326171875,0.0052,2
2026-05-02 16:32:25.622,4335,-10.170488357543945,-116.57383728027344,430.8585205078125,0.0046,2
2026-05-02 16:32:26.633,4336,-10.203418731689453,-116.5448226928711,430.873779296875,0.0057,2
2026-05-02 16:32:27.653,4337,-10.231697082519531,-116.52042388916016,430.8890686035156,0.0096,2
2026-05-02 16:32:28.647,4338,-10.268302917480469,-89.5064468383789,430.90435791015625,0.0027,2
2026-05-02 16:32:29.653,4339,-10.296072959899902,-89.44332885742188,430.91961669921875,0.0017,2
2026-05-02 16:32:30.654,4340,-10.324392318725586,-89.3807373046875,430.9349060058594,0.0019,2
2026-05-02 16:32:31.654,4341,-10.3628511428833,-89.32826232910156,430.9501953125,0.0018,2
2026-05-02 16:32:32.658,4342,-10.399237632751465,-116.37152099609375,430.9654541015625,0.0023,2
2026-05-02 16:32:33.660,4343,-10.430447578430176,-116.34388732910156,430.98077392578125,0.0026,2
2026-05-02 16:32:34.665,4344,-10.465116500854492,-116.312744140625,430.9960632324219,0.002,2
2026-05-02 16:32:35.670,4345,-10.50609302520752,-89.10758209228516,431.0113830566406,0.0052,2
2026-05-02 16:32:36.668,4346,-10.539328575134277,-89.04978942871094,431.0266418457031,0.0026,2
2026-05-02 16:32:37.672,4347,-10.575201988220215,-116.21294403076172,431.0419616699219,0.003,2
2026-05-02 16:32:38.674,4348,-10.604097366333008,-116.1873779296875,431.0572814941406,0.0036,2
2026-05-02 16:32:39.678,4349,-10.642671585083008,-88.87992095947266,431.0726013183594,0.0027,2
2026-05-02 16:32:40.679,4350,-10.681949615478516,-88.82809448242188,431.0879211425781,0.0021,2
2026-05-02 16:32:41.686,4351,-10.710373878479004,-116.09077453613281,431.10321044921875,0.0046,2
2026-05-02 16:32:42.688,4352,-10.738555908203125,-88.70240020751953,431.1185302734375,0.0039,2
2026-05-02 16:32:43.697,4353,-10.777338981628418,-88.65001678466797,431.1338806152344,0.0043,2
2026-05-02 16:32:44.701,4354,-10.813692092895508,-88.59517669677734,431.1492004394531,0.0056,2
2026-05-02 16:32:45.698,4355,-10.847138404846191,-115.9661865234375,431.1645202636719,0.0017,2
2026-05-02 16:32:46.703,4356,-10.878412246704102,-88.47744750976562,431.1798400878906,0.0042,2
2026-05-02 16:32:47.707,4357,-10.9096097946167,-115.90949249267578,431.1951904296875,0.0058,2
2026-05-02 16:32:48.708,4358,-10.939797401428223,-88.35629272460938,431.2105407714844,0.0056,2
2026-05-02 16:32:49.709,4359,-10.978281021118164,-88.30348205566406,431.225830078125,0.0052,2
2026-05-02 16:32:50.709,4360,-11.01986026763916,-115.80752563476562,431.2411804199219,0.0042,2
2026-05-02 16:32:51.713,4361,-11.056815147399902,-115.77322387695312,431.25653076171875,0.0059,2
2026-05-02 16:32:52.716,4362,-11.09461784362793,-88.14579010009766,431.2718811035156,0.0046,2
2026-05-02 16:32:53.719,4363,-11.123499870300293,-88.08329772949219,431.2872314453125,0.0037,2
2026-05-02 16:32:54.722,4364,-11.162747383117676,-88.03113555908203,431.30255126953125,0.0048,2
2026-05-02 16:32:55.723,4365,-11.199454307556152,-115.64067077636719,431.3179016113281,0.0045,2
2026-05-02 16:32:56.728,4366,-11.233041763305664,-87.91857147216797,431.333251953125,0.0053,2
2026-05-02 16:32:57.729,4367,-11.260869979858398,-115.58397674560547,431.3486328125,0.0053,2
2026-05-02 16:32:58.730,4368,-11.296283721923828,-87.79884338378906,431.3639831542969,0.0055,2
2026-05-02 16:32:59.735,4369,-11.337666511535645,-87.74872589111328,431.3793029785156,0.0044,2
2026-05-02 16:33:00.737,4370,-11.370403289794922,-87.68992614746094,431.3946838378906,0.0054,2
2026-05-02 16:33:01.739,4371,-11.398587226867676,-87.62655639648438,431.4100341796875,0.0056,2
2026-05-02 16:33:02.739,4372,-11.43171501159668,-87.56810760498047,431.4254150390625,0.0044,2
2026-05-02 16:33:03.745,4373,-11.471403121948242,-87.51620483398438,431.44073486328125,0.0063,2
2026-05-02 16:33:04.760,4374,-11.502918243408203,-115.3567886352539,431.45611572265625,0.0046,2
2026-05-02 16:33:05.762,4375,-11.538804054260254,-87.40034484863281,431.47149658203125,0.0052,2
2026-05-02 16:33:06.769,4376,-11.579700469970703,-115.28376007080078,431.4868469238281,0.0054,2
2026-05-02 16:33:07.770,4377,-11.619343757629395,-87.29753112792969,431.5022277832031,0.0055,2
2026-05-02 16:33:08.778,4378,-11.65004825592041,-87.23654174804688,431.5176086425781,0.0064,2
2026-05-02 16:33:09.782,4379,-11.689220428466797,-87.18397521972656,431.5329284667969,0.0056,2
2026-05-02 16:33:10.784,4380,-11.720495223999023,-87.12350463867188,431.5483093261719,0.0064,2
2026-05-02 16:33:11.787,4381,-11.756881713867188,-87.06812286376953,431.5636901855469,0.0068,2
2026-05-02 16:33:12.789,4382,-11.791892051696777,-87.01133728027344,431.5790710449219,0.0068,2
2026-05-02 16:33:13.789,4383,-11.825201988220215,-115.04966735839844,431.5944519042969,0.0052,2
2026-05-02 16:33:14.794,4384,-11.8545503616333,-86.89035034179688,431.60980224609375,0.0051,2
2026-05-02 16:33:15.796,4385,-11.886377334594727,-114.99125671386719,431.62518310546875,0.0053,2
2026-05-02 16:33:16.798,4386,-11.919759750366211,-86.77181243896484,431.64056396484375,0.006,2
2026-05-02 16:33:17.799,4387,-11.95301628112793,-114.9271469116211,431.6559143066406,0.0055,2
2026-05-02 16:33:18.801,4388,-11.987088203430176,-114.8942642211914,431.6712951660156,0.0051,2
2026-05-02 16:33:19.806,4389,-12.01938533782959,-114.86309051513672,431.6866455078125,0.0045,2
2026-05-02 16:33:20.808,4390,-12.057028770446777,-86.54133605957031,431.7020263671875,0.0049,2
2026-05-02 16:33:21.816,4391,-12.097472190856934,-86.48978424072266,431.7174072265625,0.006,2
2026-05-02 16:33:22.816,4392,-12.134376525878906,-86.43467712402344,431.7327880859375,0.0046,2
2026-05-02 16:33:23.819,4393,-12.170361518859863,-114.71605682373047,431.7481689453125,0.0062,2
2026-05-02 16:33:24.819,4394,-12.210630416870117,-114.67662811279297,431.7635192871094,0.0051,2
2026-05-02 16:33:25.823,4395,-12.238661766052246,-86.26277160644531,431.7789001464844,0.0076,2
2026-05-02 16:33:26.823,4396,-12.27249526977539,-86.20449829101562,431.7942810058594,0.0062,2
2026-05-02 16:33:27.838,4397,-12.305026054382324,-86.1448974609375,431.8096618652344,0.0074,2
2026-05-02 16:33:28.836,4398,-12.340276718139648,-86.08799743652344,431.8250427246094,0.0047,2
2026-05-02 16:33:29.840,4399,-12.369573593139648,-114.52103424072266,431.84039306640625,0.0028,2
2026-05-02 16:33:30.847,4400,-12.401835441589355,-114.48927307128906,431.85577392578125,0.0061,2
2026-05-02 16:33:31.848,4401,-12.43973159790039,-85.91085815429688,431.87115478515625,0.0052,2
2026-05-02 16:33:32.850,4402,-12.46959400177002,-85.84847259521484,431.88653564453125,0.006,2
2026-05-02 16:33:33.850,4403,-12.507502555847168,-85.79412078857422,431.90191650390625,0.0041,2
2026-05-02 16:33:34.853,4404,-12.54188346862793,-85.7362060546875,431.9172668457031,0.0054,2
2026-05-02 16:33:35.858,4405,-12.579954147338867,-114.31275939941406,431.9326477050781,0.0044,2
2026-05-02 16:33:36.864,4406,-12.609566688537598,-85.6192398071289,431.947998046875,0.0065,2
2026-05-02 16:33:37.868,4407,-12.64360237121582,-114.24933624267578,431.96337890625,0.0058,2
2026-05-02 16:33:38.868,4408,-12.678956985473633,-114.21400451660156,431.978759765625,0.005,2
2026-05-02 16:33:39.874,4409,-12.716708183288574,-85.44922637939453,431.9941101074219,0.0053,2
2026-05-02 16:33:40.876,4410,-12.753850936889648,-85.3939437866211,432.0094909667969,0.0048,2
2026-05-02 16:33:41.878,4411,-12.783095359802246,-85.33073425292969,432.02484130859375,0.005,2
2026-05-02 16:33:42.884,4412,-12.810708045959473,-114.0817642211914,432.04022216796875,0.0048,2
2026-05-02 16:33:43.886,4413,-12.850935935974121,-85.21359252929688,432.05560302734375,0.006,2
2026-05-02 16:33:44.885,4414,-12.890705108642578,-85.16084289550781,432.0709228515625,0.0021,2
2026-05-02 16:33:45.891,4415,-12.926501274108887,-113.96497344970703,432.0863037109375,0.0072,2
2026-05-02 16:33:46.887,4416,-12.963486671447754,-85.04850006103516,432.1016540527344,0.0019,2
2026-05-02 16:33:47.894,4417,-12.996350288391113,-84.98876953125,432.1170349121094,0.0056,2
2026-05-02 16:33:48.891,4418,-13.03503131866455,-84.93482971191406,432.13238525390625,0.002,2
2026-05-02 16:33:49.893,4419,-13.07418155670166,-113.81510162353516,432.147705078125,0.0029,2
2026-05-02 16:33:50.900,4420,-13.101102828979492,-84.81558990478516,432.1630859375,0.0057,2
2026-05-02 16:33:51.901,4421,-13.138400077819824,-113.74943542480469,432.1784362792969,0.0051,2
2026-05-02 16:33:52.901,4422,-13.175127029418945,-113.71188354492188,432.19378662109375,0.0046,2
2026-05-02 16:33:53.903,4423,-13.209844589233398,-84.64617919921875,432.2091369628906,0.0057,2
2026-05-02 16:33:54.903,4424,-13.243310928344727,-84.5868911743164,432.2244567871094,0.0046,2
2026-05-02 16:33:55.907,4425,-13.27444076538086,-84.52523040771484,432.23980712890625,0.007,2
2026-05-02 16:33:56.906,4426,-13.35391616821289,-113.52806091308594,432.2705078125,0.0047,2
2026-05-02 16:33:57.907,4427,-13.389887809753418,-113.49090576171875,432.2858581542969,0.0054,2
2026-05-02 16:33:58.907,4428,-13.428400993347168,-84.30779266357422,432.3011474609375,0.0041,2
2026-05-02 16:33:59.913,4429,-13.463438034057617,-113.41477966308594,432.3164978027344,0.0046,2
2026-05-02 16:34:00.914,4430,-13.49377155303955,-84.18731689453125,432.33184814453125,0.0043,2
2026-05-02 16:34:01.918,4431,-13.530707359313965,-113.34468078613281,432.34716796875,0.0074,2
2026-05-02 16:34:02.918,4432,-13.557207107543945,-84.06481170654297,432.36248779296875,0.0065,2
2026-05-02 16:34:03.919,4433,-13.594773292541504,-113.27754211425781,432.3778076171875,0.0057,2
2026-05-02 16:34:04.919,4434,-13.626590728759766,-113.24408721923828,432.39312744140625,0.0053,2
2026-05-02 16:34:05.920,4435,-13.660957336425781,-83.88946533203125,432.408447265625,0.005,2
2026-05-02 16:34:06.920,4436,-13.696518898010254,-83.83193969726562,432.4237365722656,0.0044,2
2026-05-02 16:34:07.922,4437,-13.735233306884766,-113.13016510009766,432.4390563964844,0.0053,2
2026-05-02 16:34:08.922,4438,-13.764899253845215,-83.7140884399414,432.4543762207031,0.0041,2
2026-05-02 16:34:09.924,4439,-13.796935081481934,-83.65296173095703,432.4696960449219,0.0046,2
2026-05-02 16:34:10.929,4440,-13.82718563079834,-113.0323486328125,432.4849853515625,0.0059,2
2026-05-02 16:34:11.952,4441,-13.866866111755371,-83.53650665283203,432.5002746582031,0.0271,2
2026-05-02 16:34:12.935,4442,-13.906743049621582,-112.94857025146484,432.5155944824219,0.0049,2
2026-05-02 16:34:13.936,4443,-13.934770584106445,-83.41791534423828,432.5308837890625,0.0044,2
2026-05-02 16:34:14.939,4444,-13.967121124267578,-112.88369750976562,432.5461730957031,0.0041,2
2026-05-02 16:34:15.942,4445,-14.001551628112793,-83.29811096191406,432.56146240234375,0.0063,2
2026-05-02 16:34:16.941,4446,-14.035177230834961,-112.8108901977539,432.5767517089844,0.0014,2
2026-05-02 16:34:17.945,4447,-14.06833267211914,-83.1781997680664,432.592041015625,0.0049,2
2026-05-02 16:34:18.947,4448,-14.105574607849121,-83.12205505371094,432.6072998046875,0.0046,2
2026-05-02 16:34:19.950,4449,-14.143589973449707,-112.69486236572266,432.62255859375,0.0055,2
2026-05-02 16:34:20.953,4450,-14.174443244934082,-112.66133117675781,432.6378479003906,0.0053,2
2026-05-02 16:34:21.956,4451,-14.211084365844727,-112.62195587158203,432.65313720703125,0.0062,2
2026-05-02 16:34:22.958,4452,-14.247655868530273,-112.58258056640625,432.6683654785156,0.0047,2
2026-05-02 16:34:23.963,4453,-14.287965774536133,-112.5394058227539,432.6836242675781,0.0042,2
2026-05-02 16:34:24.987,4454,-14.323942184448242,-112.50049591064453,432.6988830566406,0.0044,2
2026-05-02 16:34:25.989,4455,-14.355820655822754,-112.46561431884766,432.714111328125,0.0046,2
2026-05-02 16:34:26.993,4456,-14.386309623718262,-82.65480041503906,432.7293701171875,0.0044,2
2026-05-02 16:34:27.996,4457,-14.419456481933594,-82.59432983398438,432.74462890625,0.0056,2
2026-05-02 16:34:28.998,4458,-14.451139450073242,-82.5323715209961,432.7598876953125,0.0037,2
2026-05-02 16:34:30.002,4459,-14.477027893066406,-82.46459197998047,432.77508544921875,0.0055,2
2026-05-02 16:34:31.012,4460,-14.507353782653809,-112.29805755615234,432.7903137207031,0.0061,2
2026-05-02 16:34:32.015,4461,-14.541653633117676,-112.26034545898438,432.8055725097656,0.0055,2
2026-05-02 16:34:33.021,4462,-14.579672813415527,-82.28608703613281,432.8207702636719,0.0068,2
2026-05-02 16:34:34.022,4463,-14.614136695861816,-82.22677612304688,432.83599853515625,0.004,2
2026-05-02 16:34:35.024,4464,-14.650045394897461,-82.16888427734375,432.8511962890625,0.0053,2
2026-05-02 16:34:36.026,4465,-14.686660766601562,-112.10102081298828,432.86639404296875,0.005,2
2026-05-02 16:34:37.028,4466,-14.717194557189941,-112.0667495727539,432.881591796875,0.0056,2
2026-05-02 16:34:38.033,4467,-14.74676513671875,-112.03335571289062,432.8968200683594,0.0057,2
2026-05-02 16:34:39.032,4468,-14.779461860656738,-111.99678039550781,432.9119873046875,0.0044,2
2026-05-02 16:34:40.037,4469,-14.806798934936523,-111.96548461914062,432.92718505859375,0.0051,2
2026-05-02 16:34:41.045,4470,-14.84505844116211,-81.8005599975586,432.9423828125,0.0049,2
2026-05-02 16:34:42.048,4471,-14.877334594726562,-111.88682556152344,432.95751953125,0.0058,2
2026-05-02 16:34:43.049,4472,-14.912264823913574,-81.67977905273438,432.97271728515625,0.0061,2
2026-05-02 16:34:44.050,4473,-14.949210166931152,-81.6226806640625,432.9878845214844,0.0046,2
2026-05-02 16:34:45.055,4474,-14.987870216369629,-111.76358795166016,433.0030212402344,0.0061,2
2026-05-02 16:34:46.057,4475,-15.021316528320312,-111.72577667236328,433.0181884765625,0.0054,2
2026-05-02 16:34:47.058,4476,-15.048925399780273,-111.69371795654297,433.0333557128906,0.0054,2
2026-05-02 16:34:48.061,4477,-15.07662296295166,-81.37368774414062,433.0484924316406,0.0056,2
2026-05-02 16:34:49.061,4478,-15.11522102355957,-111.61831665039062,433.0636291503906,0.0046,2
2026-05-02 16:34:50.060,4479,-15.145919799804688,-111.58296203613281,433.07879638671875,0.0027,2
2026-05-02 16:34:51.061,4480,-15.175341606140137,-111.54881286621094,433.0939025878906,0.0015,2
2026-05-02 16:34:52.068,4481,-15.210494995117188,-81.13072204589844,433.1090393066406,0.0048,2
2026-05-02 16:34:53.071,4482,-15.238088607788086,-111.47640228271484,433.1241149902344,0.0052,2
2026-05-02 16:34:54.077,4483,-15.272781372070312,-81.00442504882812,433.1392517089844,0.004,2
2026-05-02 16:34:55.087,4484,-15.31090259552002,-111.39363861083984,433.15435791015625,0.0047,2
2026-05-02 16:34:56.089,4485,-15.341843605041504,-111.35761260986328,433.1694641113281,0.0055,2
2026-05-02 16:34:57.093,4486,-15.37573528289795,-80.82430267333984,433.1845703125,0.0051,2
2026-05-02 16:34:58.101,4487,-15.409708023071289,-80.76386260986328,433.1996154785156,0.0063,2
2026-05-02 16:34:59.097,4488,-15.446455001831055,-80.70616912841797,433.2147216796875,0.002,2
2026-05-02 16:35:00.100,4489,-15.472167015075684,-111.20622253417969,433.2297668457031,0.0046,2
2026-05-02 16:35:01.102,4490,-15.501615524291992,-80.5723648071289,433.244873046875,0.0058,2
2026-05-02 16:35:02.102,4491,-15.539814949035645,-111.12762451171875,433.25994873046875,0.0036,2
2026-05-02 16:35:03.106,4492,-15.572793006896973,-80.4544677734375,433.27496337890625,0.0063,2
2026-05-02 16:35:04.108,4493,-15.608551979064941,-111.04762268066406,433.2900390625,0.0058,2
2026-05-02 16:35:05.110,4494,-15.646825790405273,-111.00360870361328,433.3050537109375,0.0058,2
2026-05-02 16:35:06.112,4495,-15.6844482421875,-110.96017456054688,433.32012939453125,0.0042,2
2026-05-02 16:35:07.113,4496,-15.711405754089355,-110.92733001708984,433.33514404296875,0.0038,2
2026-05-02 16:35:08.116,4497,-15.740813255310059,-110.8919677734375,433.35015869140625,0.0056,2
2026-05-02 16:35:09.119,4498,-15.774360656738281,-80.08814239501953,433.36517333984375,0.0074,2
2026-05-02 16:35:10.118,4499,-15.812851905822754,-80.0318832397461,433.38018798828125,0.0048,2
2026-05-02 16:35:11.124,4500,-15.845694541931152,-79.96995544433594,433.39520263671875,0.0036,2
2026-05-02 16:35:12.128,4501,-15.882054328918457,-110.72615051269531,433.4101867675781,0.0058,2
2026-05-02 16:35:13.128,4502,-15.916784286499023,-110.68508911132812,433.4252014160156,0.0055,2
2026-05-02 16:35:14.134,4503,-15.944171905517578,-79.78394317626953,433.4401550292969,0.0051,2
2026-05-02 16:35:15.135,4504,-15.971525192260742,-79.71641540527344,433.45513916015625,0.0027,2
2026-05-02 16:35:16.142,4505,-16.010679244995117,-110.57176208496094,433.4700927734375,0.0034,2
2026-05-02 16:35:17.144,4506,-16.047273635864258,-110.52852630615234,433.4850769042969,0.0036,2
2026-05-02 16:35:18.144,4507,-16.07971954345703,-79.53977966308594,433.5,0.0029,2
2026-05-02 16:35:19.148,4508,-16.11717414855957,-79.48223114013672,433.51495361328125,0.005,2
2026-05-02 16:35:20.148,4509,-16.14279556274414,-79.41282653808594,433.5299072265625,0.0038,2
2026-05-02 16:35:21.150,4510,-16.17535400390625,-110.3731689453125,433.5447998046875,0.0029,2
2026-05-02 16:35:22.154,4511,-16.212871551513672,-110.32864379882812,433.55975341796875,0.0057,2
2026-05-02 16:35:23.155,4512,-16.237661361694336,-110.29676055908203,433.57464599609375,0.0051,2
2026-05-02 16:35:24.157,4513,-16.27602767944336,-79.16566467285156,433.5895690917969,0.0056,2
2026-05-02 16:35:25.159,4514,-16.308147430419922,-110.21187591552734,433.6044616699219,0.0061,2
2026-05-02 16:35:26.160,4515,-16.342679977416992,-79.04193878173828,433.6193542480469,0.0051,2
2026-05-02 16:35:27.163,4516,-16.368986129760742,-110.13631439208984,433.63421630859375,0.0055,2
2026-05-02 16:35:28.166,4517,-16.405519485473633,-78.91429138183594,433.64910888671875,0.004,2
2026-05-02 16:35:29.175,4518,-16.431533813476562,-110.05875396728516,433.6639709472656,0.0061,2
2026-05-02 16:35:30.177,4519,-16.460050582885742,-78.7782211303711,433.6788330078125,0.0055,2
2026-05-02 16:35:31.185,4520,-16.49714469909668,-78.719970703125,433.6936950683594,0.0064,2
2026-05-02 16:35:32.189,4521,-16.521678924560547,-109.94549560546875,433.7085266113281,0.0056,2
2026-05-02 16:35:33.188,4522,-16.559179306030273,-78.59123229980469,433.7233581542969,0.0036,2
2026-05-02 16:35:34.192,4523,-16.585773468017578,-78.52239990234375,433.7381896972656,0.0057,2
2026-05-02 16:35:35.198,4524,-16.623273849487305,-109.82007598876953,433.75299072265625,0.0051,2
2026-05-02 16:35:36.198,4525,-16.650711059570312,-109.78455352783203,433.767822265625,0.0047,2
2026-05-02 16:35:37.202,4526,-16.674514770507812,-78.32467651367188,433.7825927734375,0.0052,2
2026-05-02 16:35:38.207,4527,-16.70018768310547,-78.25479125976562,433.79736328125,0.0054,2
2026-05-02 16:35:39.207,4528,-16.736818313598633,-109.67367553710938,433.8121643066406,0.0034,2
2026-05-02 16:35:40.212,4529,-16.77262306213379,-109.62945556640625,433.8269348144531,0.004,2
2026-05-02 16:35:41.215,4530,-16.81095314025879,-109.58263397216797,433.8417053222656,0.006,2
2026-05-02 16:35:42.214,4531,-16.83663558959961,-109.54837799072266,433.8564758300781,0.0036,2
2026-05-02 16:35:43.216,4532,-16.87186050415039,-77.94828796386719,433.8712158203125,0.0042,2
2026-05-02 16:35:44.220,4533,-16.902694702148438,-77.88339233398438,433.88592529296875,0.0048,2
2026-05-02 16:35:45.223,4534,-16.934457778930664,-77.81940460205078,433.9006652832031,0.0063,2
2026-05-02 16:35:46.221,4535,-16.96348762512207,-109.38643646240234,433.9153747558594,0.0034,2
2026-05-02 16:35:47.224,4536,-16.997404098510742,-109.34353637695312,433.9300842285156,0.0056,2
2026-05-02 16:35:48.222,4537,-17.02983856201172,-77.6273422241211,433.9447937011719,0.0029,2
2026-05-02 16:35:49.229,4538,-17.053499221801758,-109.26925659179688,433.95947265625,0.0052,2
2026-05-02 16:35:50.230,4539,-17.086254119873047,-109.22728729248047,433.9741516113281,0.0031,2
2026-05-02 16:35:51.233,4540,-17.113670349121094,-77.4234619140625,433.98883056640625,0.0041,2
2026-05-02 16:35:52.233,4541,-17.138296127319336,-109.15657043457031,434.0035095214844,0.0036,2
2026-05-02 16:35:53.261,4542,-17.172832489013672,-109.11256408691406,434.0181579589844,0.0077,2
2026-05-02 16:35:54.267,4543,-17.209362030029297,-109.06649017333984,434.03277587890625,0.0045,2
2026-05-02 16:35:55.272,4544,-17.233640670776367,-109.0325927734375,434.0473937988281,0.0053,2
2026-05-02 16:35:56.269,4545,-17.26466941833496,-77.09435272216797,434.0620422363281,0.0021,2
2026-05-02 16:35:57.273,4546,-17.301923751831055,-77.03549194335938,434.07666015625,0.0035,2
2026-05-02 16:35:58.272,4547,-17.325546264648438,-76.96297454833984,434.09124755859375,0.0016,2
2026-05-02 16:35:59.275,4548,-17.36189079284668,-76.90313720703125,434.1058349609375,0.0018,2
2026-05-02 16:36:00.280,4549,-17.385168075561523,-76.8302230834961,434.1203918457031,0.0036,2
2026-05-02 16:36:01.283,4550,-17.41268539428711,-108.7940444946289,434.135009765625,0.0055,2
2026-05-02 16:36:02.290,4551,-17.445526123046875,-76.69808197021484,434.1495666503906,0.0056,2
2026-05-02 16:36:03.296,4552,-17.468854904174805,-76.62510681152344,434.1640930175781,0.0064,2
2026-05-02 16:36:04.294,4553,-17.505985260009766,-76.56591033935547,434.1786193847656,0.0036,2
2026-05-02 16:36:05.297,4554,-17.541038513183594,-76.50460815429688,434.1931457519531,0.0045,2
2026-05-02 16:36:06.297,4555,-17.566814422607422,-108.58804321289062,434.20770263671875,0.003,2
2026-05-02 16:36:07.312,4556,-17.59709358215332,-76.36785888671875,434.2221984863281,0.0052,2
2026-05-02 16:36:08.314,4557,-17.626802444458008,-76.3011245727539,434.2366943359375,0.0037,2
2026-05-02 16:36:09.319,4558,-17.64968490600586,-76.2275161743164,434.2511901855469,0.006,2
2026-05-02 16:36:10.319,4559,-17.673194885253906,-76.1545181274414,434.2656555175781,0.0023,2
2026-05-02 16:36:11.325,4560,-17.70951271057129,-76.09429931640625,434.2801208496094,0.0061,2
2026-05-02 16:36:12.323,4561,-17.739526748657227,-76.02774810791016,434.2945556640625,0.0025,2
2026-05-02 16:36:13.328,4562,-17.776880264282227,-75.96849822998047,434.3089904785156,0.0057,2
2026-05-02 16:36:14.336,4563,-17.807575225830078,-108.2598876953125,434.32342529296875,0.0049,2
2026-05-02 16:36:15.337,4564,-17.843502044677734,-108.21265411376953,434.3378601074219,0.0046,2
2026-05-02 16:36:16.352,4565,-17.869184494018555,-108.17558288574219,434.352294921875,0.0055,2
2026-05-02 16:36:17.358,4566,-17.895658493041992,-108.13762664794922,434.3666687011719,0.0033,2
2026-05-02 16:36:18.363,4567,-17.929548263549805,-75.63768768310547,434.3810729980469,0.0053,2
2026-05-02 16:36:19.364,4568,-17.95647621154785,-108.0535888671875,434.39544677734375,0.0055,2
2026-05-02 16:36:20.376,4569,-17.98440170288086,-75.4989242553711,434.4097900390625,0.0055,2
2026-05-02 16:36:21.377,4570,-18.02155303955078,-75.4392318725586,434.4241638183594,0.0045,2
2026-05-02 16:36:22.379,4571,-18.054439544677734,-107.9201431274414,434.4384765625,0.0052,2
2026-05-02 16:36:23.383,4572,-18.08432388305664,-75.30821228027344,434.45281982421875,0.0069,2
2026-05-02 16:36:24.384,4573,-18.11463737487793,-107.83585357666016,434.4671325683594,0.0054,2
2026-05-02 16:36:25.387,4574,-18.151870727539062,-107.78644561767578,434.4814453125,0.0055,2
2026-05-02 16:36:26.389,4575,-18.180814743041992,-75.11376190185547,434.4957275390625,0.0062,2
2026-05-02 16:36:27.390,4576,-18.215717315673828,-107.6979751586914,434.510009765625,0.0046,2
2026-05-02 16:36:28.393,4577,-18.242431640625,-74.98128509521484,434.5242919921875,0.0058,2
2026-05-02 16:36:29.395,4578,-18.277944564819336,-107.61078643798828,434.5385437011719,0.0076,2
2026-05-02 16:36:30.394,4579,-18.30631446838379,-74.85092163085938,434.55279541015625,0.0054,2
2026-05-02 16:36:31.396,4580,-18.3295955657959,-74.77704620361328,434.5669860839844,0.0072,2
2026-05-02 16:36:32.396,4581,-18.3531551361084,-74.70339965820312,434.5812072753906,0.0065,2
2026-05-02 16:36:33.395,4582,-18.38962173461914,-107.4480972290039,434.5954284667969,0.004,2
2026-05-02 16:36:34.399,4583,-18.419660568237305,-74.5754165649414,434.609619140625,0.0057,2
2026-05-02 16:36:35.399,4584,-18.448875427246094,-74.50733184814453,434.6238098144531,0.0045,2
2026-05-02 16:36:36.408,4585,-18.485010147094727,-74.44615173339844,434.63800048828125,0.0057,2
2026-05-02 16:36:37.410,4586,-18.51987075805664,-74.38365173339844,434.65216064453125,0.004,2
2026-05-02 16:36:38.416,4587,-18.549659729003906,-74.31605529785156,434.6662902832031,0.0069,2
2026-05-02 16:36:39.417,4588,-18.572057723999023,-74.24103546142578,434.680419921875,0.0059,2
2026-05-02 16:36:40.415,4589,-18.606651306152344,-107.13835144042969,434.69451904296875,0.0038,2
2026-05-02 16:36:41.416,4590,-18.63526153564453,-107.09614562988281,434.7086486816406,0.003,2
2026-05-02 16:36:42.420,4591,-18.66655158996582,-74.0430679321289,434.7227478027344,0.0049,2
2026-05-02 16:36:43.422,4592,-18.701576232910156,-73.98054504394531,434.73681640625,0.0054,2
2026-05-02 16:36:44.429,4593,-18.734844207763672,-73.9162368774414,434.7508850097656,0.0071,2
2026-05-02 16:36:45.436,4594,-18.75983238220215,-73.84361267089844,434.7649230957031,0.0049,2
2026-05-02 16:36:46.437,4595,-18.783432006835938,-73.76956939697266,434.7789611816406,0.0038,2
2026-05-02 16:36:47.444,4596,-18.807504653930664,-106.84033966064453,434.7929992675781,0.0062,2
2026-05-02 16:36:48.452,4597,-18.838600158691406,-73.62934112548828,434.8070373535156,0.0042,2
2026-05-02 16:36:49.455,4598,-18.875234603881836,-73.5682373046875,434.821044921875,0.0058,2
2026-05-02 16:36:50.458,4599,-18.90603256225586,-106.69879150390625,434.8349914550781,0.0056,2
2026-05-02 16:36:51.458,4600,-18.940387725830078,-73.43780517578125,434.8489990234375,0.0028,2
2026-05-02 16:36:52.465,4601,-18.972436904907227,-106.6032485961914,434.8629455566406,0.0047,2
2026-05-02 16:36:53.469,4602,-19.007577896118164,-73.30928039550781,434.87689208984375,0.0076,2
2026-05-02 16:36:54.472,4603,-19.040393829345703,-73.24419403076172,434.89080810546875,0.0063,2
2026-05-02 16:36:55.483,4604,-19.068843841552734,-106.4624252319336,434.9047546386719,0.0058,2
2026-05-02 16:36:56.484,4605,-19.099496841430664,-73.10738372802734,434.9186706542969,0.0046,2
2026-05-02 16:36:57.485,4606,-19.131940841674805,-73.04183197021484,434.9325256347656,0.0042,2
2026-05-02 16:36:58.489,4607,-19.16550064086914,-106.32052612304688,434.9464111328125,0.0061,2
2026-05-02 16:36:59.489,4608,-19.19511604309082,-72.90890502929688,434.96026611328125,0.0051,2
2026-05-02 16:37:00.498,4609,-19.227767944335938,-106.22761535644531,434.97412109375,0.0055,2
2026-05-02 16:37:01.498,4610,-19.262168884277344,-72.77971649169922,434.98797607421875,0.0043,2
2026-05-02 16:37:02.504,4611,-19.291671752929688,-72.71104431152344,435.00177001953125,0.0072,2
2026-05-02 16:37:03.503,4612,-19.31817054748535,-72.63935089111328,435.0155944824219,0.0047,2
2026-05-02 16:37:04.506,4613,-19.35111427307129,-106.0418472290039,435.0293884277344,0.0017,2
2026-05-02 16:37:05.512,4614,-19.37667465209961,-72.50135040283203,435.04315185546875,0.006,2
2026-05-02 16:37:06.510,4615,-19.401805877685547,-72.42818450927734,435.05694580078125,0.0028,2
2026-05-02 16:37:07.515,4616,-19.433549880981445,-105.91159057617188,435.0706787109375,0.0061,2
2026-05-02 16:37:08.522,4617,-19.458518981933594,-72.28820037841797,435.08441162109375,0.0048,2
2026-05-02 16:37:09.525,4618,-19.490070343017578,-72.22135162353516,435.0981140136719,0.0048,2
2026-05-02 16:37:10.528,4619,-19.51384162902832,-105.78263092041016,435.1118469238281,0.0056,2
2026-05-02 16:37:11.530,4620,-19.536367416381836,-72.07075500488281,435.1255187988281,0.0062,2
2026-05-02 16:37:12.532,4621,-19.56576919555664,-72.00165557861328,435.1391906738281,0.0052,2
2026-05-02 16:37:13.534,4622,-19.591867446899414,-105.6550521850586,435.15283203125,0.0051,2
2026-05-02 16:37:14.535,4623,-19.615514755249023,-71.85430908203125,435.16650390625,0.0049,2
2026-05-02 16:37:15.537,4624,-19.649314880371094,-71.78951263427734,435.18011474609375,0.0043,2
2026-05-02 16:37:16.539,4625,-19.67071533203125,-71.71228790283203,435.1937561035156,0.005,2
2026-05-02 16:37:17.543,4626,-19.694046020507812,-71.6369400024414,435.20733642578125,0.0069,2
2026-05-02 16:37:18.544,4627,-19.721527099609375,-71.56572723388672,435.220947265625,0.0056,2
2026-05-02 16:37:19.546,4628,-19.754478454589844,-71.49995422363281,435.2344970703125,0.0069,2
2026-05-02 16:37:20.544,4629,-19.7869873046875,-105.34091186523438,435.2480773925781,0.0031,2
2026-05-02 16:37:21.549,4630,-19.81097984313965,-71.35887908935547,435.2615966796875,0.0067,2
2026-05-02 16:37:22.552,4631,-19.84401512145996,-105.24899291992188,435.2751159667969,0.0042,2
2026-05-02 16:37:23.554,4632,-19.873859405517578,-71.22406005859375,435.28863525390625,0.0045,2
2026-05-02 16:37:24.557,4633,-19.906715393066406,-105.1510009765625,435.3021240234375,0.0058,2
2026-05-02 16:37:25.559,4634,-19.94074058532715,-105.09918975830078,435.3155822753906,0.0067,2
2026-05-02 16:37:26.561,4635,-19.97564697265625,-105.04638671875,435.3290710449219,0.0059,2
2026-05-02 16:37:27.561,4636,-20.002391815185547,-70.95680236816406,435.3424987792969,0.0046,2
2026-05-02 16:37:28.565,4637,-20.028656005859375,-104.95731353759766,435.35589599609375,0.0051,2
2026-05-02 16:37:29.568,4638,-20.053836822509766,-104.91393280029297,435.3693542480469,0.0061,2
2026-05-02 16:37:30.567,4639,-20.085086822509766,-70.7422866821289,435.3827209472656,0.0046,2
2026-05-02 16:37:31.569,4640,-20.112356185913086,-104.8187255859375,435.3960876464844,0.0049,2
2026-05-02 16:37:32.571,4641,-20.14629364013672,-104.76630401611328,435.4094543457031,0.0044,2
2026-05-02 16:37:33.581,4642,-20.174108505249023,-104.71988677978516,435.4228210449219,0.0062,2
2026-05-02 16:37:34.582,4643,-20.198183059692383,-70.45862579345703,435.4361572265625,0.0054,2
2026-05-02 16:37:35.586,4644,-20.22931480407715,-104.62718963623047,435.449462890625,0.0062,2
2026-05-02 16:37:36.592,4645,-20.253110885620117,-70.31497955322266,435.4627380371094,0.0063,2
2026-05-02 16:37:37.596,4646,-20.278743743896484,-104.53986358642578,435.4760437011719,0.0068,2
2026-05-02 16:37:38.597,4647,-20.311206817626953,-70.17436218261719,435.48931884765625,0.0056,2
2026-05-02 16:37:39.598,4648,-20.332948684692383,-104.44735717773438,435.5025634765625,0.0059,2
2026-05-02 16:37:40.599,4649,-20.358440399169922,-104.40254974365234,435.5157775878906,0.0042,2
2026-05-02 16:37:41.604,4650,-20.379899978637695,-104.36168670654297,435.52899169921875,0.0037,2
2026-05-02 16:37:42.608,4651,-20.40769386291504,-104.31438446044922,435.5422058105469,0.0056,2
2026-05-02 16:37:43.613,4652,-20.427831649780273,-69.79360961914062,435.5553894042969,0.0033,2
2026-05-02 16:37:44.616,4653,-20.4536075592041,-104.22913360595703,435.5685729980469,0.0053,2
2026-05-02 16:37:45.617,4654,-20.4805908203125,-104.18232727050781,435.5816955566406,0.0044,2
2026-05-02 16:37:46.623,4655,-20.51409339904785,-104.12890625,435.5948486328125,0.0039,2
2026-05-02 16:37:47.629,4656,-20.539230346679688,-69.50648498535156,435.6079406738281,0.0062,2
2026-05-02 16:37:48.629,4657,-20.56175994873047,-104.04107666015625,435.62103271484375,0.0055,2
2026-05-02 16:37:49.628,4658,-20.58579444885254,-103.99681091308594,435.6341247558594,0.0032,2
2026-05-02 16:37:50.652,4659,-20.611053466796875,-69.279052734375,435.6471862792969,0.0027,2
2026-05-02 16:37:51.656,4660,-20.633241653442383,-103.90857696533203,435.66021728515625,0.0054,2
2026-05-02 16:37:52.654,4661,-20.663799285888672,-103.85746765136719,435.6732482910156,0.0033,2
2026-05-02 16:37:53.658,4662,-20.69559669494629,-69.06403350830078,435.6862487792969,0.0049,2
2026-05-02 16:37:54.666,4663,-20.715587615966797,-103.76427459716797,435.6992492675781,0.0053,2
2026-05-02 16:37:55.670,4664,-20.74905014038086,-68.91759490966797,435.71221923828125,0.0038,2
2026-05-02 16:37:56.674,4665,-20.77878189086914,-68.84734344482422,435.7251892089844,0.005,2
2026-05-02 16:37:57.682,4666,-20.80430030822754,-68.77283477783203,435.7381286621094,0.0043,2
2026-05-02 16:37:58.684,4667,-20.83449363708496,-103.56126403808594,435.75103759765625,0.0039,2
2026-05-02 16:37:59.690,4668,-20.854087829589844,-103.52037811279297,435.7639465332031,0.0035,2
2026-05-02 16:38:00.697,4669,-20.887178421020508,-103.46589660644531,435.77685546875,0.0016,2
2026-05-02 16:38:01.699,4670,-20.91814422607422,-103.4134292602539,435.7896728515625,0.0015,2
2026-05-02 16:38:02.704,4671,-20.943187713623047,-103.36678314208984,435.80255126953125,0.0019,2
2026-05-02 16:38:03.707,4672,-20.975004196166992,-103.31324005126953,435.81536865234375,0.003,2
2026-05-02 16:38:04.707,4673,-20.99537467956543,-68.26274871826172,435.82818603515625,0.0019,2
2026-05-02 16:38:05.709,4674,-21.02421760559082,-103.22028350830078,435.84100341796875,0.002,2
2026-05-02 16:38:06.709,4675,-21.05645179748535,-103.16600799560547,435.8537902832031,0.0017,2
2026-05-02 16:38:07.712,4676,-21.08673858642578,-68.05309295654297,435.86651611328125,0.0019,2
2026-05-02 16:38:08.712,4677,-21.113636016845703,-103.06443786621094,435.8792419433594,0.0017,2
2026-05-02 16:38:09.722,4678,-21.141122817993164,-103.01457977294922,435.8919982910156,0.0021,2
2026-05-02 16:38:10.723,4679,-21.171369552612305,-67.83638763427734,435.9046936035156,0.0023,2
2026-05-02 16:38:11.726,4680,-21.192081451416016,-67.75658416748047,435.9173889160156,0.0041,2
2026-05-02 16:38:12.731,4681,-21.221139907836914,-102.86682891845703,435.9300231933594,0.0028,2
2026-05-02 16:38:13.733,4682,-21.243324279785156,-102.82184600830078,435.94268798828125,0.0038,2
2026-05-02 16:38:14.735,4683,-21.263635635375977,-102.77863311767578,435.955322265625,0.0031,2
2026-05-02 16:38:15.738,4684,-21.289596557617188,-102.72966003417969,435.9678955078125,0.0021,2
2026-05-02 16:38:16.742,4685,-21.31426429748535,-102.6818618774414,435.9804992675781,0.0033,2
2026-05-02 16:38:17.746,4686,-21.347326278686523,-67.30802154541016,435.99310302734375,0.0061,2
2026-05-02 16:38:18.744,4687,-21.371501922607422,-102.57804870605469,436.005615234375,0.0034,2
2026-05-02 16:38:19.752,4688,-21.39369773864746,-102.53239440917969,436.0181579589844,0.0046,2
2026-05-02 16:38:20.755,4689,-21.4167423248291,-67.0750503540039,436.03070068359375,0.0056,2
2026-05-02 16:38:21.757,4690,-21.447649002075195,-67.00509643554688,436.0431823730469,0.0049,2
2026-05-02 16:38:22.768,4691,-21.471967697143555,-102.38310241699219,436.0556640625,0.0066,2
2026-05-02 16:38:23.773,4692,-21.500106811523438,-66.85572052001953,436.0680847167969,0.0052,2
2026-05-02 16:38:24.773,4693,-21.52425193786621,-66.77890014648438,436.0805358886719,0.0047,2
2026-05-02 16:38:25.774,4694,-21.548812866210938,-66.70245361328125,436.09295654296875,0.0035,2
2026-05-02 16:38:26.779,4695,-21.581600189208984,-66.63420104980469,436.1053466796875,0.0042,2
2026-05-02 16:38:27.790,4696,-21.605716705322266,-102.12875366210938,436.11773681640625,0.0044,2
2026-05-02 16:38:28.792,4697,-21.633235931396484,-66.48365783691406,436.1300964355469,0.0051,2
2026-05-02 16:38:29.795,4698,-21.659818649291992,-66.40909576416016,436.1424255371094,0.0051,2
2026-05-02 16:38:30.797,4699,-21.686248779296875,-101.97452545166016,436.1547546386719,0.0057,2
2026-05-02 16:38:31.799,4700,-21.719209671020508,-66.2660903930664,436.16705322265625,0.0057,2
2026-05-02 16:38:32.803,4701,-21.747509002685547,-66.1931381225586,436.1793518066406,0.0053,2
2026-05-02 16:38:33.811,4702,-21.77248764038086,-66.11682891845703,436.19158935546875,0.0075,2
2026-05-02 16:38:34.810,4703,-21.80219078063965,-101.75873565673828,436.2038269042969,0.0052,2
2026-05-02 16:38:35.813,4704,-21.82178497314453,-65.96345520019531,436.2160339355469,0.0075,2
2026-05-02 16:38:36.816,4705,-21.847524642944336,-101.66279602050781,436.2282409667969,0.0048,2
2026-05-02 16:38:37.825,4706,-21.880325317382812,-65.81917572021484,436.2404479980469,0.0027,2
2026-05-02 16:38:38.834,4707,-21.899198532104492,-65.73657989501953,436.2525939941406,0.0064,2
2026-05-02 16:38:39.833,4708,-21.92873191833496,-101.50482940673828,436.26470947265625,0.0052,2
2026-05-02 16:38:40.835,4709,-21.95625877380371,-65.59062194824219,436.27685546875,0.0054,2
2026-05-02 16:38:41.840,4710,-21.981351852416992,-65.51414489746094,436.2889404296875,0.004,2
2026-05-02 16:38:42.844,4711,-22.00701904296875,-65.43820190429688,436.3009948730469,0.0046,2
2026-05-02 16:38:43.851,4712,-22.03652000427246,-65.36605834960938,436.31304931640625,0.0048,2
2026-05-02 16:38:44.857,4713,-22.06801986694336,-65.29589080810547,436.3251037597656,0.0062,2
2026-05-02 16:38:45.857,4714,-22.092653274536133,-101.1843032836914,436.3371276855469,0.0054,2
2026-05-02 16:38:46.859,4715,-22.116708755493164,-101.13373565673828,436.34912109375,0.0034,2
2026-05-02 16:38:47.871,4716,-22.138965606689453,-65.06160736083984,436.361083984375,0.0057,2
2026-05-02 16:38:48.873,4717,-22.17117691040039,-101.02591705322266,436.3730163574219,0.0047,2
2026-05-02 16:38:49.874,4718,-22.20145606994629,-100.96878051757812,436.3849792480469,0.0044,2
2026-05-02 16:38:50.878,4719,-22.23373031616211,-100.90953063964844,436.3968811035156,0.0068,2
2026-05-02 16:38:51.877,4720,-22.25619125366211,-64.77135467529297,436.4087829589844,0.0044,2
2026-05-02 16:38:52.878,4721,-22.2860050201416,-64.69921112060547,436.4206237792969,0.005,2
2026-05-02 16:38:53.879,4722,-22.30539894104004,-100.7562484741211,436.4324951171875,0.0044,2
2026-05-02 16:38:54.892,4723,-22.323564529418945,-100.71064758300781,436.4443054199219,0.0048,2
2026-05-02 16:38:55.895,4724,-22.35353660583496,-100.65312194824219,436.45611572265625,0.0061,2
2026-05-02 16:38:56.902,4725,-22.382539749145508,-64.38756561279297,436.4678955078125,0.0062,2
2026-05-02 16:38:57.899,4726,-22.406879425048828,-100.54431915283203,436.4796447753906,0.0028,2
2026-05-02 16:38:58.905,4727,-22.425434112548828,-64.22616577148438,436.49139404296875,0.0068,2
2026-05-02 16:38:59.907,4728,-22.451622009277344,-100.44363403320312,436.50311279296875,0.0054,2
2026-05-02 16:39:00.909,4729,-22.468931198120117,-100.39817810058594,436.5148010253906,0.0054,2
2026-05-02 16:39:01.909,4730,-22.49866485595703,-63.992671966552734,436.5264892578125,0.0042,2
2026-05-02 16:39:02.912,4731,-22.556705474853516,-100.22525787353516,436.5497741699219,0.006,2
2026-05-02 16:39:03.914,4732,-22.580944061279297,-100.17239379882812,436.5614013671875,0.0033,2
2026-05-02 16:39:04.923,4733,-22.60531997680664,-100.1192855834961,436.5729675292969,0.0056,2
2026-05-02 16:39:05.929,4734,-22.63268280029297,-100.06305694580078,436.5845642089844,0.004,2
2026-05-02 16:39:06.932,4735,-22.659503936767578,-63.53911590576172,436.5960998535156,0.0056,2
2026-05-02 16:39:07.932,4736,-22.684579849243164,-99.95307922363281,436.6076354980469,0.0052,2
2026-05-02 16:39:08.932,4737,-22.70400047302246,-99.9044418334961,436.6191101074219,0.0037,2
2026-05-02 16:39:09.936,4738,-22.721235275268555,-99.85785675048828,436.6305847167969,0.004,2
2026-05-02 16:39:10.958,4739,-22.73866081237793,-99.81096649169922,436.6420593261719,0.0051,2
2026-05-02 16:39:11.962,4740,-22.76364517211914,-99.75640106201172,436.65350341796875,0.005,2
2026-05-02 16:39:12.967,4741,-22.782182693481445,-99.70816040039062,436.6649169921875,0.0015,2
2026-05-02 16:39:13.969,4742,-22.80255889892578,-99.657958984375,436.67626953125,0.0023,2
2026-05-02 16:39:14.975,4743,-22.828821182250977,-62.88726043701172,436.6876525878906,0.0052,2
2026-05-02 16:39:15.977,4744,-22.856887817382812,-62.812522888183594,436.6990051269531,0.0029,2
2026-05-02 16:39:16.992,4745,-22.879623413085938,-99.49069213867188,436.7103271484375,0.0067,2
2026-05-02 16:39:17.993,4746,-22.897682189941406,-62.64759063720703,436.72161865234375,0.0063,2
2026-05-02 16:39:18.999,4747,-22.914873123168945,-99.39469146728516,436.73291015625,0.005,2
2026-05-02 16:39:19.999,4748,-22.9346866607666,-62.4787483215332,436.7441711425781,0.0033,2
2026-05-02 16:39:21.002,4749,-22.95286750793457,-99.29546356201172,436.75537109375,0.0053,2
2026-05-02 16:39:22.003,4750,-22.977428436279297,-99.24010467529297,436.7666015625,0.004,2
2026-05-02 16:39:23.009,4751,-22.99611473083496,-99.19048309326172,436.77777099609375,0.0046,2
2026-05-02 16:39:24.019,4752,-23.013647079467773,-99.14190673828125,436.7889404296875,0.0076,2
2026-05-02 16:39:25.016,4753,-23.033313751220703,-62.062110900878906,436.8000793457031,0.0024,2
2026-05-02 16:39:26.018,4754,-23.06353759765625,-99.02954864501953,436.8111877441406,0.0032,2
2026-05-02 16:39:27.019,4755,-23.092178344726562,-98.96949005126953,436.8222961425781,0.0022,2
2026-05-02 16:39:28.032,4756,-23.11928367614746,-98.91083526611328,436.8333740234375,0.0021,2
2026-05-02 16:39:29.033,4757,-23.140056610107422,-61.75600051879883,436.84442138671875,0.0026,2
2026-05-02 16:39:30.036,4758,-23.15835952758789,-61.6710090637207,436.8554382324219,0.0043,2
2026-05-02 16:39:31.042,4759,-23.180442810058594,-98.7542953491211,436.8664245605469,0.0047,2
2026-05-02 16:39:32.046,4760,-23.197858810424805,-61.503807067871094,436.8774108886719,0.0053,2
2026-05-02 16:39:33.047,4761,-23.226675033569336,-61.42921447753906,436.88836669921875,0.0052,2
2026-05-02 16:39:34.049,4762,-23.248498916625977,-98.5897445678711,436.8992919921875,0.006,2
2026-05-02 16:39:35.053,4763,-23.27617835998535,-61.27180862426758,436.9101867675781,0.0063,2
2026-05-02 16:39:36.055,4764,-23.305627822875977,-98.46765899658203,436.92108154296875,0.006,2
2026-05-02 16:39:37.057,4765,-23.328712463378906,-98.41190338134766,436.93194580078125,0.0061,2
2026-05-02 16:39:38.057,4766,-23.350263595581055,-98.35755920410156,436.9427795410156,0.0043,2
2026-05-02 16:39:39.059,4767,-23.379125595092773,-60.960506439208984,436.9535827636719,0.0047,2
2026-05-02 16:39:40.063,4768,-23.39923667907715,-98.24261474609375,436.9643859863281,0.0067,2
2026-05-02 16:39:41.067,4769,-23.42046546936035,-98.18821716308594,436.9751281738281,0.0053,2
2026-05-02 16:39:42.070,4770,-23.44031524658203,-60.710636138916016,436.9858703613281,0.0035,2
2026-05-02 16:39:43.070,4771,-23.47022247314453,-98.07173156738281,436.99658203125,0.0023,2
2026-05-02 16:39:44.075,4772,-23.499658584594727,-60.562442779541016,437.0072937011719,0.0066,2
2026-05-02 16:39:45.080,4773,-23.528993606567383,-97.94572448730469,437.0179443359375,0.0049,2
2026-05-02 16:39:46.086,4774,-23.552534103393555,-60.40763473510742,437.0285949707031,0.007,2
2026-05-02 16:39:47.087,4775,-23.5723934173584,-97.83457946777344,437.0392150878906,0.0035,2
2026-05-02 16:39:48.095,4776,-23.592308044433594,-60.239585876464844,437.0498046875,0.0087,2
2026-05-02 16:39:49.093,4777,-23.61488914489746,-60.15819549560547,437.06036376953125,0.0043,2
2026-05-02 16:39:50.093,4778,-23.642356872558594,-97.66204071044922,437.0709228515625,0.0029,2
2026-05-02 16:39:51.097,4779,-23.660634994506836,-59.995914459228516,437.0814514160156,0.0047,2
2026-05-02 16:39:52.098,4780,-23.688461303710938,-59.919673919677734,437.0919494628906,0.0045,2
2026-05-02 16:39:53.103,4781,-23.711641311645508,-97.489013671875,437.1024169921875,0.0054,2
2026-05-02 16:39:54.105,4782,-23.736469268798828,-97.42935943603516,437.1128845214844,0.006,2
2026-05-02 16:39:55.105,4783,-23.758831024169922,-97.37203216552734,437.123291015625,0.0043,2
2026-05-02 16:39:56.110,4784,-23.77889633178711,-97.31686401367188,437.1336975097656,0.0048,2
2026-05-02 16:39:57.114,4785,-23.80590057373047,-97.254638671875,437.1440734863281,0.0059,2
2026-05-02 16:39:58.115,4786,-23.824176788330078,-59.430259704589844,437.1544189453125,0.0044,2
2026-05-02 16:39:59.118,4787,-23.845836639404297,-59.34760665893555,437.16473388671875,0.0052,2
2026-05-02 16:40:00.125,4788,-23.871305465698242,-59.268733978271484,437.1750183105469,0.0064,2
2026-05-02 16:40:01.132,4789,-23.889266967773438,-97.0290756225586,437.185302734375,0.0055,2
2026-05-02 16:40:02.134,4790,-23.91377067565918,-96.96869659423828,437.195556640625,0.006,2
2026-05-02 16:40:03.137,4791,-23.94234275817871,-96.90412139892578,437.2057800292969,0.0058,2
2026-05-02 16:40:04.139,4792,-23.9575138092041,-58.93722915649414,437.2159729003906,0.0042,2
2026-05-02 16:40:05.144,4793,-23.982261657714844,-96.79180145263672,437.2261657714844,0.0053,2
2026-05-02 16:40:06.144,4794,-23.998624801635742,-58.76927185058594,437.23626708984375,0.0039,2
2026-05-02 16:40:07.149,4795,-24.02405548095703,-58.690120697021484,437.24639892578125,0.0051,2
2026-05-02 16:40:08.152,4796,-24.049522399902344,-58.6109619140625,437.2565002441406,0.0063,2
2026-05-02 16:40:09.160,4797,-24.0656681060791,-58.522464752197266,437.2666015625,0.005,2
2026-05-02 16:40:10.162,4798,-24.091970443725586,-58.44407272338867,437.276611328125,0.0052,2
2026-05-02 16:40:11.167,4799,-24.10852813720703,-96.4451675415039,437.2866516113281,0.0066,2
2026-05-02 16:40:12.173,4800,-24.129228591918945,-96.38728332519531,437.2966613769531,0.004,2
2026-05-02 16:40:13.175,4801,-24.14540672302246,-58.18325424194336,437.3066101074219,0.005,2
2026-05-02 16:40:14.179,4802,-24.17160987854004,-58.10463333129883,437.3165588378906,0.0048,2
2026-05-02 16:40:15.184,4803,-24.1961727142334,-58.024349212646484,437.32647705078125,0.0066,2
2026-05-02 16:40:16.184,4804,-24.224430084228516,-57.94770812988281,437.33636474609375,0.0061,2
2026-05-02 16:40:17.193,4805,-24.250999450683594,-96.07755279541016,437.3462219238281,0.0077,2
2026-05-02 16:40:18.199,4806,-24.269224166870117,-57.78262710571289,437.3560485839844,0.0053,2
2026-05-02 16:40:19.196,4807,-24.289653778076172,-95.9627914428711,437.3658752441406,0.0016,2
2026-05-02 16:40:20.208,4808,-24.311189651489258,-57.61457824707031,437.3757019042969,0.006,2
2026-05-02 16:40:21.207,4809,-24.335798263549805,-95.84001159667969,437.38543701171875,0.0017,2
2026-05-02 16:40:22.214,4810,-24.354185104370117,-57.44743347167969,437.3951416015625,0.0043,2
2026-05-02 16:40:23.218,4811,-24.370386123657227,-57.35850143432617,437.4048767089844,0.0054,2
2026-05-02 16:40:24.219,4812,-24.398393630981445,-95.66143035888672,437.41455078125,0.0056,2
2026-05-02 16:40:25.258,4813,-24.42335319519043,-57.201114654541016,437.4242248535156,0.0062,2
2026-05-02 16:40:26.260,4814,-24.437053680419922,-95.54479217529297,437.433837890625,0.0049,2
2026-05-02 16:40:27.262,4815,-24.457368850708008,-95.48527526855469,437.4434814453125,0.0058,2
2026-05-02 16:40:28.266,4816,-24.472248077392578,-95.43106079101562,437.4530334472656,0.0043,2
2026-05-02 16:40:29.272,4817,-24.485342025756836,-95.37850189208984,437.46258544921875,0.0053,2
2026-05-02 16:40:30.272,4818,-24.499696731567383,-56.75101089477539,437.4721374511719,0.0049,2
2026-05-02 16:40:31.275,4819,-24.5230712890625,-56.66899490356445,437.4815979003906,0.0066,2
2026-05-02 16:40:32.272,4820,-24.541973114013672,-95.2026596069336,437.4910888671875,0.0022,2
2026-05-02 16:40:33.277,4821,-24.55868911743164,-95.14592742919922,437.5005187988281,0.0056,2
2026-05-02 16:40:34.278,4822,-24.583044052124023,-56.4126091003418,437.50994873046875,0.0049,2
2026-05-02 16:40:35.279,4823,-24.60413360595703,-56.32817077636719,437.51934814453125,0.0046,2
2026-05-02 16:40:36.277,4824,-24.621959686279297,-56.240440368652344,437.5286865234375,0.0019,2
2026-05-02 16:40:37.283,4825,-24.64199447631836,-56.15489196777344,437.53802490234375,0.0061,2
2026-05-02 16:40:38.286,4826,-24.66762351989746,-94.83488464355469,437.5473327636719,0.0056,2
2026-05-02 16:40:39.286,4827,-24.694639205932617,-55.99626541137695,437.5566101074219,0.004,2
2026-05-02 16:40:40.286,4828,-24.7172908782959,-55.913230895996094,437.5658874511719,0.0035,2
2026-05-02 16:40:41.348,4829,-24.731285095214844,-94.64832305908203,437.57513427734375,0.007,2
2026-05-02 16:40:42.344,4830,-24.756942749023438,-94.5814208984375,437.5843200683594,0.0026,2
2026-05-02 16:40:43.353,4831,-24.779376983642578,-94.51760864257812,437.593505859375,0.0026,2
2026-05-02 16:40:44.355,4832,-24.801025390625,-94.4544448852539,437.6026611328125,0.004,2
2026-05-02 16:40:45.359,4833,-24.816783905029297,-94.39701843261719,437.61175537109375,0.0052,2
2026-05-02 16:40:46.362,4834,-24.839014053344727,-94.3330078125,437.620849609375,0.0047,2
2026-05-02 16:40:47.361,4835,-24.859582901000977,-55.31484603881836,437.6299133300781,0.003,2
2026-05-02 16:40:48.389,4836,-24.875295639038086,-94.21271514892578,437.63897705078125,0.008,2
2026-05-02 16:40:49.388,4837,-24.895320892333984,-55.1386604309082,437.6479797363281,0.0044,2
2026-05-02 16:40:50.391,4838,-24.91010093688965,-55.04744338989258,437.6569519042969,0.0064,2
2026-05-02 16:40:51.392,4839,-24.931377410888672,-94.02957916259766,437.6658935546875,0.0061,2
2026-05-02 16:40:52.398,4840,-24.944629669189453,-93.97370147705078,437.6748352050781,0.0049,2
2026-05-02 16:40:53.400,4841,-24.962997436523438,-93.91255950927734,437.6837463378906,0.004,2
2026-05-02 16:40:54.401,4842,-24.98126983642578,-54.694271087646484,437.6925964355469,0.0043,2
2026-05-02 16:40:55.404,4843,-25.007102966308594,-54.613948822021484,437.7014465332031,0.0059,2
2026-05-02 16:40:56.409,4844,-25.029701232910156,-54.53034210205078,437.71026611328125,0.0057,2
2026-05-02 16:40:57.410,4845,-25.054317474365234,-93.64877319335938,437.71905517578125,0.0047,2
2026-05-02 16:40:58.410,4846,-25.076900482177734,-54.36506271362305,437.7278137207031,0.0037,2
2026-05-02 16:40:59.415,4847,-25.09298324584961,-54.27486038208008,437.736572265625,0.0055,2
2026-05-02 16:41:00.421,4848,-25.108604431152344,-93.46366119384766,437.7452392578125,0.003,2
2026-05-02 16:41:01.423,4849,-25.123533248901367,-93.40484619140625,437.7539367675781,0.0033,2
2026-05-02 16:41:02.431,4850,-25.142101287841797,-54.00493240356445,437.7626037597656,0.0057,2
2026-05-02 16:41:03.433,4851,-25.1658992767334,-53.92231750488281,437.77117919921875,0.0063,2
2026-05-02 16:41:04.432,4852,-25.186819076538086,-93.20904541015625,437.77978515625,0.0041,2
2026-05-02 16:41:05.432,4853,-25.20136833190918,-93.1500473022461,437.788330078125,0.0034,2
2026-05-02 16:41:06.435,4854,-25.217063903808594,-93.08975219726562,437.7969055175781,0.0031,2
2026-05-02 16:41:07.438,4855,-25.24261474609375,-53.573089599609375,437.805419921875,0.0063,2
2026-05-02 16:41:08.440,4856,-25.25478744506836,-53.47869873046875,437.8138732910156,0.0041,2
2026-05-02 16:41:09.443,4857,-25.27305030822754,-53.39036178588867,437.82232666015625,0.0053,2
2026-05-02 16:41:10.459,4858,-25.29202651977539,-92.83499145507812,437.83074951171875,0.005,2
2026-05-02 16:41:11.460,4859,-25.307979583740234,-53.2120246887207,437.8391418457031,0.0051,2
2026-05-02 16:41:12.462,4860,-25.32367706298828,-92.71258544921875,437.8475036621094,0.0054,2
2026-05-02 16:41:13.473,4861,-25.340192794799805,-53.03083038330078,437.8558349609375,0.0062,2
2026-05-02 16:41:14.476,4862,-25.363006591796875,-52.94690704345703,437.8641662597656,0.006,2
2026-05-02 16:41:15.503,4863,-25.383981704711914,-52.86111068725586,437.8724365234375,0.0036,2
2026-05-02 16:41:16.507,4864,-25.40331268310547,-92.44974517822266,437.88067626953125,0.0059,2
2026-05-02 16:41:17.506,4865,-25.422866821289062,-92.384033203125,437.888916015625,0.0031,2
2026-05-02 16:41:18.513,4866,-25.44289207458496,-52.599525451660156,437.8970947265625,0.0061,2
2026-05-02 16:41:19.516,4867,-25.464996337890625,-52.51473617553711,437.9052429199219,0.0066,2
2026-05-02 16:41:20.515,4868,-25.485151290893555,-92.18241119384766,437.9133605957031,0.0018,2
2026-05-02 16:41:21.523,4869,-25.501422882080078,-52.33729553222656,437.9215087890625,0.0056,2
2026-05-02 16:41:22.524,4870,-25.524192810058594,-52.25309753417969,437.9295654296875,0.0053,2
2026-05-02 16:41:23.526,4871,-25.543930053710938,-91.98299407958984,437.9375915527344,0.0048,2
2026-05-02 16:41:24.532,4872,-25.555301666259766,-91.9244613647461,437.94561767578125,0.0035,2
2026-05-02 16:41:25.534,4873,-25.57195281982422,-51.9797477722168,437.95361328125,0.0044,2
2026-05-02 16:41:26.532,4874,-25.59299087524414,-91.79199981689453,437.9615478515625,0.0014,2
2026-05-02 16:41:27.536,4875,-25.607868194580078,-91.72953796386719,437.9695129394531,0.0024,2
2026-05-02 16:41:28.545,4876,-25.631763458251953,-91.65789794921875,437.9774169921875,0.0068,2
2026-05-02 16:41:29.551,4877,-25.641969680786133,-91.59979248046875,437.98529052734375,0.0044,2
2026-05-02 16:41:30.711,4878,-25.65872573852539,-91.53500366210938,437.9931335449219,0.0036,2
2026-05-02 16:41:31.713,4879,-45.71983337402344,-71.37739562988281,438.00872802734375,0.003,2
2026-05-02 16:41:32.713,4880,-25.700965881347656,-51.35852813720703,438.00872802734375,0.0019,2
2026-05-02 16:41:33.714,4881,-25.721813201904297,-51.2720832824707,438.0164794921875,0.0017,2
2026-05-02 16:41:34.715,4882,-25.733728408813477,-51.17668533325195,438.0242004394531,0.0019,2
2026-05-02 16:41:35.715,4883,-25.74620246887207,-51.08181381225586,438.0318603515625,0.0018,2
2026-05-02 16:41:36.723,4884,-25.760639190673828,-91.14185333251953,438.0395202636719,0.004,2
2026-05-02 16:41:37.721,4885,-25.7745304107666,-50.8953742980957,438.0471496582031,0.0017,2
2026-05-02 16:41:38.722,4886,-25.797487258911133,-50.81090545654297,438.0547790527344,0.0015,2
2026-05-02 16:41:39.725,4887,-25.814390182495117,-50.72036361694336,438.0623474121094,0.002,2
2026-05-02 16:41:40.733,4888,-45.98239517211914,-70.67337799072266,438.077392578125,0.0064,2
2026-05-02 16:41:40.750,4889,-25.857797622680664,-90.7979736328125,438.077392578125,0.0181,2
2026-05-02 16:41:41.738,4890,-25.867996215820312,-50.45144271850586,438.0848693847656,0.0049,2
2026-05-02 16:41:42.743,4891,-25.8841552734375,-90.67190551757812,438.09234619140625,0.0021,2
2026-05-02 16:41:43.750,4892,-25.89852523803711,-50.26683044433594,438.0997619628906,0.0019,2
2026-05-02 16:41:44.757,4893,-25.919431686401367,-50.18012619018555,438.1071472167969,0.002,2
2026-05-02 16:41:45.761,4894,-25.93425750732422,-90.47114562988281,438.1145324707031,0.0026,2
2026-05-02 16:41:46.762,4895,-25.952009201049805,-49.997398376464844,438.1218566894531,0.003,2
2026-05-02 16:41:47.768,4896,-25.974605560302734,-90.32962036132812,438.129150390625,0.0065,2
2026-05-02 16:41:48.771,4897,-25.98697280883789,-49.816951751708984,438.1364440917969,0.006,2
2026-05-02 16:41:49.776,4898,-26.0082950592041,-90.19416046142578,438.1436462402344,0.0045,2
2026-05-02 16:41:50.781,4899,-26.02041244506836,-90.13094329833984,438.15087890625,0.0094,2
2026-05-02 16:41:52.779,4900,-26.02555274963379,-90.07454681396484,438.1580505371094,0.004,2
2026-05-02 16:41:53.785,4901,-46.353065490722656,-69.64408874511719,438.1723327636719,0.0059,2
2026-05-02 16:41:53.789,4902,-26.067415237426758,-49.358436584472656,438.1723327636719,0.0074,2
2026-05-02 16:41:55.789,4903,-26.073381423950195,-89.87207794189453,438.1794128417969,0.0052,2
2026-05-02 16:41:56.791,4904,-26.085865020751953,-49.1611213684082,438.18646240234375,0.0046,2
2026-05-02 16:41:57.793,4905,-26.105701446533203,-89.73592376708984,438.1935119628906,0.0046,2
2026-05-02 16:41:58.799,4906,-26.117082595825195,-89.67240905761719,438.20050048828125,0.005,2
2026-05-02 16:41:59.806,4907,-26.135093688964844,-48.88652801513672,438.20745849609375,0.0063,2
2026-05-02 16:42:00.814,4908,-26.14716148376465,-48.79060745239258,438.21441650390625,0.0063,2
2026-05-02 16:42:01.815,4909,-26.16269874572754,-48.698123931884766,438.2213134765625,0.0062,2
2026-05-02 16:42:02.818,4910,-26.176223754882812,-89.4032211303711,438.2281799316406,0.0068,2
2026-05-02 16:42:03.820,4911,-26.18932342529297,-89.33724975585938,438.23504638671875,0.0048,2
2026-05-02 16:42:04.825,4912,-26.20098876953125,-89.27253723144531,438.2418518066406,0.0066,2
2026-05-02 16:42:05.827,4913,-26.21660041809082,-89.20375061035156,438.2486267089844,0.0068,2
2026-05-02 16:42:06.829,4914,-26.236011505126953,-48.231014251708984,438.25537109375,0.0053,2
2026-05-02 16:42:07.830,4915,-26.24403190612793,-89.06951904296875,438.2620849609375,0.0043,2
2026-05-02 16:42:08.834,4916,-26.260927200317383,-48.03958511352539,438.2687683105469,0.005,2
2026-05-02 16:42:09.837,4917,-26.278701782226562,-47.94916534423828,438.27545166015625,0.0053,2
2026-05-02 16:42:10.842,4918,-26.298053741455078,-88.85416412353516,438.2820739746094,0.0056,2
2026-05-02 16:42:11.841,4919,-26.3143367767334,-88.7838134765625,438.2886657714844,0.0033,2
2026-05-02 16:42:12.841,4920,-26.3268985748291,-47.6726188659668,438.29522705078125,0.0032,2
2026-05-02 16:42:13.844,4921,-26.339149475097656,-47.57657241821289,438.3017578125,0.0051,2
2026-05-02 16:42:14.846,4922,-26.350976943969727,-88.58404541015625,438.3082580566406,0.0066,2
2026-05-02 16:42:15.847,4923,-26.365806579589844,-88.51454162597656,438.3147277832031,0.0052,2
2026-05-02 16:42:16.850,4924,-26.37628746032715,-88.44922637939453,438.3211669921875,0.0043,2
2026-05-02 16:42:17.850,4925,-26.39739227294922,-88.37315368652344,438.32757568359375,0.0036,2
2026-05-02 16:42:18.853,4926,-26.416908264160156,-88.29851531982422,438.33392333984375,0.006,2
2026-05-02 16:42:19.854,4927,-26.426437377929688,-47.01365280151367,438.34027099609375,0.0048,2
2026-05-02 16:42:20.863,4928,-26.440977096557617,-88.16374206542969,438.3465881347656,0.0071,2
2026-05-02 16:42:21.868,4929,-26.454936981201172,-88.09420776367188,438.3528747558594,0.0071,2
2026-05-02 16:42:22.872,4930,-26.465917587280273,-46.72773361206055,438.359130859375,0.0059,2
2026-05-02 16:42:23.873,4931,-26.473543167114258,-46.62685012817383,438.3653564453125,0.0051,2
2026-05-02 16:42:24.874,4932,-26.483598709106445,-87.89791870117188,438.37152099609375,0.0049,2
2026-05-02 16:42:25.874,4933,-26.492307662963867,-87.8330307006836,438.377685546875,0.0031,2
2026-05-02 16:42:26.878,4934,-26.510902404785156,-46.33857345581055,438.3837890625,0.0056,2
2026-05-02 16:42:27.878,4935,-26.51744270324707,-87.69509887695312,438.3898620605469,0.0054,2
2026-05-02 16:42:28.879,4936,-26.535429000854492,-87.62047576904297,438.39593505859375,0.0038,2
2026-05-02 16:42:29.878,4937,-26.54786491394043,-46.04970932006836,438.4019775390625,0.002,2
2026-05-02 16:42:30.884,4938,-26.560819625854492,-87.48137664794922,438.407958984375,0.0054,2
2026-05-02 16:42:31.886,4939,-26.574630737304688,-87.41048431396484,438.4139099121094,0.0019,2
2026-05-02 16:42:32.887,4940,-26.584688186645508,-45.76054000854492,438.4198303222656,0.0019,2
2026-05-02 16:42:33.891,4941,-26.603435516357422,-87.26705169677734,438.4257507324219,0.0035,2
2026-05-02 16:42:34.890,4942,-26.61312484741211,-45.57155227661133,438.43157958984375,0.0021,2
2026-05-02 16:42:35.897,4943,-26.621707916259766,-87.13355255126953,438.43743896484375,0.0067,2
2026-05-02 16:42:36.897,4944,-26.663883209228516,-86.97555541992188,438.4490051269531,0.005,2
2026-05-02 16:42:37.901,4945,-26.669588088989258,-86.91171264648438,438.4547424316406,0.0044,2
2026-05-02 16:42:38.906,4946,-26.676753997802734,-86.84625244140625,438.46044921875,0.0073,2
2026-05-02 16:42:39.939,4947,-26.685157775878906,-44.99087905883789,438.46612548828125,0.0048,2
2026-05-02 16:42:40.941,4948,-26.690338134765625,-44.88720703125,438.47174072265625,0.0047,2
2026-05-02 16:42:41.946,4949,-26.704044342041016,-44.79204559326172,438.4773864746094,0.0075,2
2026-05-02 16:42:42.947,4950,-26.71688461303711,-44.69600296020508,438.4829406738281,0.0064,2
2026-05-02 16:42:43.950,4951,-26.72504425048828,-44.59526824951172,438.48846435546875,0.0062,2
2026-05-02 16:42:44.951,4952,-26.74321746826172,-44.5045280456543,438.4939880371094,0.0046,2
2026-05-02 16:42:45.954,4953,-26.75534439086914,-44.40772247314453,438.4994812011719,0.0056,2
2026-05-02 16:42:46.955,4954,-26.772920608520508,-44.31635284423828,438.5049133300781,0.0052,2
2026-05-02 16:42:47.957,4955,-26.779050827026367,-44.21350860595703,438.51031494140625,0.0063,2
2026-05-02 16:42:48.961,4956,-26.783864974975586,-44.109352111816406,438.51568603515625,0.0066,2
2026-05-02 16:42:49.961,4957,-26.803377151489258,-86.06837463378906,438.5210266113281,0.0061,2
2026-05-02 16:42:50.961,4958,-26.811960220336914,-43.91944122314453,438.5263366699219,0.0049,2
2026-05-02 16:42:51.964,4959,-26.82064437866211,-43.81910705566406,438.5316162109375,0.0049,2
2026-05-02 16:42:52.967,4960,-26.83196449279785,-43.721378326416016,438.536865234375,0.0063,2
2026-05-02 16:42:53.967,4961,-26.847671508789062,-85.78270721435547,438.5420837402344,0.0051,2
2026-05-02 16:42:54.969,4962,-26.865318298339844,-85.70433044433594,438.5472717285156,0.0053,2
2026-05-02 16:42:55.972,4963,-26.873464584350586,-85.63529968261719,438.5523986816406,0.006,2
2026-05-02 16:42:56.977,4964,-26.882349014282227,-85.56539154052734,438.5575256347656,0.0051,2
2026-05-02 16:42:57.980,4965,-26.8955135345459,-43.23950958251953,438.5626220703125,0.0061,2
2026-05-02 16:42:58.980,4966,-26.91437339782715,-43.14924621582031,438.5676574707031,0.0046,2
2026-05-02 16:42:59.987,4967,-26.919452667236328,-43.0451774597168,438.57269287109375,0.0056,2
2026-05-02 16:43:00.994,4968,-26.931901931762695,-85.27017974853516,438.5776672363281,0.0068,2
2026-05-02 16:43:01.993,4969,-26.947771072387695,-85.1925277709961,438.58258056640625,0.0054,2
2026-05-02 16:43:02.994,4970,-26.96371841430664,-85.11463928222656,438.5875244140625,0.0042,2
2026-05-02 16:43:04.005,4971,-26.969575881958008,-85.04667663574219,438.5924072265625,0.0066,2
2026-05-02 16:43:05.005,4972,-26.976436614990234,-42.5562744140625,438.5972595214844,0.005,2
2026-05-02 16:43:06.005,4973,-26.993572235107422,-84.89802551269531,438.60205078125,0.0052,2
2026-05-02 16:43:07.005,4974,-27.001134872436523,-42.36253356933594,438.6068420410156,0.0036,2
2026-05-02 16:43:08.011,4975,-27.01789093017578,-84.74844360351562,438.6116027832031,0.0082,2
2026-05-02 16:43:09.009,4976,-27.03314971923828,-84.67031860351562,438.6163024902344,0.0042,2
2026-05-02 16:43:10.014,4977,-27.040199279785156,-42.073848724365234,438.6210021972656,0.007,2
2026-05-02 16:43:11.014,4978,-27.053327560424805,-41.977699279785156,438.62567138671875,0.0056,2
2026-05-02 16:43:12.015,4979,-27.06749725341797,-41.88258743286133,438.6302795410156,0.0041,2
2026-05-02 16:43:13.015,4980,-27.079132080078125,-41.78492736816406,438.6348571777344,0.0035,2
2026-05-02 16:43:14.022,4981,-27.084697723388672,-41.68119430541992,438.639404296875,0.0056,2
2026-05-02 16:43:15.025,4982,-27.094629287719727,-41.58180618286133,438.6439208984375,0.0054,2
2026-05-02 16:43:16.027,4983,-27.11129379272461,-84.14787292480469,438.6484069824219,0.004,2
2026-05-02 16:43:17.026,4984,-27.125322341918945,-84.06976318359375,438.65283203125,0.0028,2
2026-05-02 16:43:18.031,4985,-27.138259887695312,-41.29743576049805,438.6572570800781,0.0054,2
2026-05-02 16:43:19.031,4986,-27.15052604675293,-41.200347900390625,438.66162109375,0.0048,2
2026-05-02 16:43:20.031,4987,-27.1592960357666,-41.09975814819336,438.66595458984375,0.0033,2
2026-05-02 16:43:21.032,4988,-27.17290496826172,-41.00400161743164,438.6702880859375,0.0034,2
2026-05-02 16:43:22.035,4989,-27.185203552246094,-40.90692138671875,438.674560546875,0.0042,2
2026-05-02 16:43:23.038,4990,-27.196453094482422,-40.80878448486328,438.6788024902344,0.0056,2
2026-05-02 16:43:24.042,4991,-27.208051681518555,-40.71098327636719,438.68304443359375,0.0038,2
2026-05-02 16:43:25.044,4992,-27.21333122253418,-83.46359252929688,438.68719482421875,0.0044,2
2026-05-02 16:43:26.051,4993,-27.22547149658203,-40.50959777832031,438.69134521484375,0.0067,2
2026-05-02 16:43:27.053,4994,-27.23575210571289,-40.41046142578125,438.6954345703125,0.0063,2
2026-05-02 16:43:28.054,4995,-27.24266815185547,-40.30795669555664,438.69952392578125,0.005,2
2026-05-02 16:43:29.057,4996,-27.24990463256836,-40.20576477050781,438.70355224609375,0.0031,2
2026-05-02 16:43:30.060,4997,-27.264562606811523,-40.11098098754883,438.7075500488281,0.0055,2
2026-05-02 16:43:31.063,4998,-27.277278900146484,-40.014259338378906,438.7115173339844,0.0051,2
2026-05-02 16:43:32.069,4999,-27.279232025146484,-39.906761169433594,438.7154541015625,0.0068,2
2026-05-02 16:43:33.067,5000,-27.290647506713867,-39.8087272644043,438.7193603515625,0.003,2
2026-05-02 16:43:34.085,5001,-27.2921142578125,-39.70073318481445,438.7232360839844,0.0053,2
2026-05-02 16:43:35.090,5002,-27.30497169494629,-39.604129791259766,438.7270812988281,0.0055,2
2026-05-02 16:43:36.098,5003,-27.31393814086914,-39.503623962402344,438.73089599609375,0.0065,2
2026-05-02 16:43:37.101,5004,-27.32415771484375,-82.55719757080078,438.7346496582031,0.004,2
2026-05-02 16:43:38.112,5005,-27.328083038330078,-39.2988166809082,438.7384033203125,0.008,2
2026-05-02 16:43:39.107,5006,-27.343294143676758,-82.40333557128906,438.7420959472656,0.0023,2
2026-05-02 16:43:40.111,5007,-27.358253479003906,-82.3207778930664,438.7457580566406,0.0047,2
2026-05-02 16:43:41.113,5008,-27.369977951049805,-39.012264251708984,438.7493896484375,0.0044,2
2026-05-02 16:43:42.114,5009,-27.37862205505371,-82.1647720336914,438.7529602050781,0.0036,2
2026-05-02 16:43:43.127,5010,-27.389663696289062,-38.812957763671875,438.75653076171875,0.0056,2
2026-05-02 16:43:44.139,5011,-27.40032196044922,-82.0068130493164,438.76007080078125,0.0081,2
2026-05-02 16:43:45.139,5012,-27.407352447509766,-81.93143463134766,438.7635498046875,0.0068,2
2026-05-02 16:43:46.157,5013,-27.41266441345215,-81.85761260986328,438.7669982910156,0.0073,2
2026-05-02 16:43:47.156,5014,-27.41826057434082,-38.40355682373047,438.77044677734375,0.0052,2
2026-05-02 16:43:48.156,5015,-27.43033790588379,-81.70246887207031,438.7738037109375,0.0036,2
2026-05-02 16:43:49.164,5016,-27.440345764160156,-38.206626892089844,438.7771911621094,0.0059,2
2026-05-02 16:43:50.164,5017,-27.449474334716797,-38.10624313354492,438.7804870605469,0.004,2
2026-05-02 16:43:51.164,5018,-27.464441299438477,-81.46102142333984,438.7837829589844,0.0034,2
2026-05-02 16:43:52.170,5019,-27.46795654296875,-81.3880844116211,438.7870178222656,0.006,2
2026-05-02 16:43:53.171,5020,-27.47233009338379,-37.80058288574219,438.7902526855469,0.0065,2
2026-05-02 16:43:54.170,5021,-27.4770450592041,-37.69578552246094,438.79339599609375,0.0038,2
2026-05-02 16:43:55.174,5022,-27.487144470214844,-81.15974426269531,438.79656982421875,0.0058,2
2026-05-02 16:43:56.179,5023,-27.497426986694336,-81.07942199707031,438.7996520996094,0.0061,2
2026-05-02 16:43:57.181,5024,-27.50819969177246,-80.99848175048828,438.8027648925781,0.0033,2
2026-05-02 16:43:58.185,5025,-27.51498031616211,-37.29569625854492,438.8057861328125,0.0063,2
2026-05-02 16:43:59.188,5026,-27.517301559448242,-37.18851852416992,438.80877685546875,0.0047,2
2026-05-02 16:44:00.189,5027,-27.52395248413086,-37.085662841796875,438.8117370605469,0.0047,2
2026-05-02 16:44:01.191,5028,-27.5357608795166,-80.6886978149414,438.814697265625,0.0038,2
2026-05-02 16:44:02.193,5029,-27.536603927612305,-80.6169204711914,438.8175964355469,0.0051,2
2026-05-02 16:44:03.198,5030,-27.538244247436523,-36.77147674560547,438.8204650878906,0.0071,2
2026-05-02 16:44:04.195,5031,-27.54090118408203,-36.664634704589844,438.8232727050781,0.0029,2
2026-05-02 16:44:05.200,5032,-27.553550720214844,-36.56779861450195,438.8260498046875,0.0063,2
2026-05-02 16:44:06.197,5033,-27.553653717041016,-80.31462860107422,438.828857421875,0.002,2
2026-05-02 16:44:07.199,5034,-27.554264068603516,-80.24232482910156,438.8315734863281,0.0018,2
2026-05-02 16:44:08.200,5035,-27.55501937866211,-80.16973876953125,438.8342590332031,0.0022,2
2026-05-02 16:44:09.334,5036,-49.5568733215332,-58.02375411987305,438.83953857421875,0.0058,0
2026-05-02 16:44:10.341,5037,-49.57545852661133,-57.93288040161133,438.84210205078125,0.0041,0
2026-05-02 16:44:11.368,5038,-49.59396743774414,-57.84192657470703,438.84466552734375,0.0077,0
2026-05-02 16:44:12.370,5039,-49.61239242553711,-57.75090789794922,438.84716796875,0.007,0
2026-05-02 16:44:13.382,5040,-49.63074493408203,-57.659820556640625,438.8496398925781,0.0088,0
2026-05-02 16:44:14.384,5041,-49.649017333984375,-57.568660736083984,438.8520812988281,0.006,0
2026-05-02 16:44:15.387,5042,-49.66720962524414,-57.477420806884766,438.8544921875,0.0042,0
2026-05-02 16:44:16.389,5043,-49.685325622558594,-57.38611602783203,438.8568420410156,0.0027,0
2026-05-02 16:44:17.393,5044,-49.70336151123047,-57.29473876953125,438.85919189453125,0.0055,0
2026-05-02 16:44:18.396,5045,-49.721317291259766,-57.20328903198242,438.86151123046875,0.0053,0
2026-05-02 16:44:19.418,5046,-49.739200592041016,-57.11177062988281,438.8637390136719,0.0128,0
2026-05-02 16:44:20.473,5047,-49.75699996948242,-57.020179748535156,438.8659973144531,0.0133,0
2026-05-02 16:44:21.467,5048,-49.77471923828125,-56.92852020263672,438.8681945800781,0.0054,0
2026-05-02 16:44:22.470,5049,-49.7923583984375,-56.8367919921875,438.8703308105469,0.0045,0
2026-05-02 16:44:23.473,5050,-49.80992126464844,-56.744991302490234,438.8724670410156,0.0062,0
2026-05-02 16:44:24.477,5051,-49.8274040222168,-56.65312194824219,438.87457275390625,0.0077,0
2026-05-02 16:44:25.478,5052,-49.84480667114258,-56.56118392944336,438.8765869140625,0.0063,0
2026-05-02 16:44:26.480,5053,-49.86213302612305,-56.46917724609375,438.8786315917969,0.0076,0
2026-05-02 16:44:27.484,5054,-49.87937545776367,-56.377098083496094,438.8805847167969,0.0061,0
2026-05-02 16:44:28.487,5055,-49.896541595458984,-56.28495407104492,438.8825378417969,0.0056,0
2026-05-02 16:44:29.493,5056,-49.91362380981445,-56.1927375793457,438.8844299316406,0.007,0
2026-05-02 16:44:30.502,5057,-49.93062973022461,-56.10045623779297,438.8863220214844,0.0093,0
2026-05-02 16:44:31.506,5058,-49.94755554199219,-56.00810623168945,438.8881530761719,0.0062,0
2026-05-02 16:44:32.508,5059,-49.96439743041992,-55.91568374633789,438.88995361328125,0.0063,0
2026-05-02 16:44:33.507,5060,-49.981163024902344,-55.82320022583008,438.8917236328125,0.0038,0
2026-05-02 16:44:34.510,5061,-49.99784469604492,-55.730648040771484,438.8934326171875,0.0042,0
2026-05-02 16:44:35.511,5062,-50.01444625854492,-55.63802719116211,438.8951416015625,0.0047,0
2026-05-02 16:44:36.516,5063,-50.030967712402344,-55.54533767700195,438.8968200683594,0.0072,0
2026-05-02 16:44:37.513,5064,-50.04741287231445,-55.45258331298828,438.8984069824219,0.0023,0
2026-05-02 16:44:38.519,5065,-50.06377029418945,-55.359764099121094,438.8999938964844,0.0056,0
2026-05-02 16:44:39.522,5066,-50.08005142211914,-55.26688003540039,438.90155029296875,0.0066,0
2026-05-02 16:44:40.522,5067,-50.096248626708984,-55.173927307128906,438.903076171875,0.0047,0
2026-05-02 16:44:41.528,5068,-50.11236572265625,-55.08090591430664,438.9045715332031,0.0029,0
2026-05-02 16:44:42.534,5069,-50.12840270996094,-54.987823486328125,438.906005859375,0.0061,0
2026-05-02 16:44:43.535,5070,-50.14435577392578,-54.894676208496094,438.90740966796875,0.0053,0
2026-05-02 16:44:44.533,5071,-50.16022872924805,-54.80146408081055,438.90875244140625,0.0023,0
2026-05-02 16:44:45.534,5072,-50.176021575927734,-54.70818328857422,438.91009521484375,0.0019,0
2026-05-02 16:44:46.542,5073,-50.19173049926758,-54.61484146118164,438.9114074707031,0.0064,0
2026-05-02 16:44:47.547,5074,-50.207359313964844,-54.52143478393555,438.91265869140625,0.0074,0
2026-05-02 16:44:48.548,5075,-50.222904205322266,-54.42796325683594,438.91387939453125,0.0063,0
2026-05-02 16:44:49.553,5076,-50.238365173339844,-54.33442687988281,438.9150695800781,0.0074,0
2026-05-02 16:44:50.557,5077,-50.253753662109375,-54.24082946777344,438.9162292480469,0.0085,0
2026-05-02 16:44:51.562,5078,-50.26905059814453,-54.14717102050781,438.9173583984375,0.0104,0
2026-05-02 16:44:52.560,5079,-50.28426742553711,-54.05344772338867,438.91839599609375,0.0062,0
2026-05-02 16:44:53.567,5080,-50.29940414428711,-53.95966339111328,438.9194641113281,0.0078,0
2026-05-02 16:44:54.576,5081,-50.314456939697266,-53.86581039428711,438.92047119140625,0.01,0
2026-05-02 16:44:55.575,5082,-50.32942581176758,-53.77190017700195,438.92144775390625,0.0078,0
2026-05-02 16:44:56.584,5083,-50.34431457519531,-53.67792892456055,438.92236328125,0.0089,0
2026-05-02 16:44:57.592,5084,-50.3591194152832,-53.58389663696289,438.92327880859375,0.0115,0
2026-05-02 16:44:58.603,5085,-50.37384033203125,-53.48979949951172,438.9241638183594,0.0068,0
2026-05-02 16:44:59.604,5086,-50.38848114013672,-53.3956413269043,438.9249572753906,0.0057,0
2026-05-02 16:45:00.607,5087,-50.40303421020508,-53.30142593383789,438.9257507324219,0.0041,0
2026-05-02 16:45:01.614,5088,-50.417510986328125,-53.207149505615234,438.926513671875,0.0077,0
2026-05-02 16:45:02.616,5089,-50.43190002441406,-53.11281204223633,438.9272155761719,0.0067,0
2026-05-02 16:45:03.620,5090,-50.446205139160156,-53.01841354370117,438.92791748046875,0.0071,0
2026-05-02 16:45:04.623,5091,-50.46043014526367,-52.9239616394043,438.9285583496094,0.0087,0
2026-05-02 16:45:05.622,5092,-50.47456741333008,-52.829444885253906,438.9291687011719,0.0039,0
2026-05-02 16:45:06.627,5093,-50.488624572753906,-52.734867095947266,438.92974853515625,0.0066,0
2026-05-02 16:45:07.630,5094,-50.50259780883789,-52.64023208618164,438.9302673339844,0.0053,0
2026-05-02 16:45:08.635,5095,-50.51648712158203,-52.54553985595703,438.9307861328125,0.0017,0
2026-05-02 16:45:09.643,5096,-50.53028869628906,-52.45079040527344,438.93121337890625,0.0087,0
2026-05-02 16:45:10.656,5097,-50.544010162353516,-52.355979919433594,438.9316711425781,0.0059,0
2026-05-02 16:45:11.661,5098,-50.557647705078125,-52.26111602783203,438.9320373535156,0.0066,0
2026-05-02 16:45:12.662,5099,-50.57120132446289,-52.166194915771484,438.9324035644531,0.005,0
2026-05-02 16:45:13.666,5100,-50.58466720581055,-52.07121276855469,438.9327087402344,0.0064,0
2026-05-02 16:45:14.670,5101,-50.598052978515625,-51.97617721557617,438.9330139160156,0.0091,0
2026-05-02 16:45:15.672,5102,-50.61135482788086,-51.881080627441406,438.9332275390625,0.0076,0
2026-05-02 16:45:16.671,5103,-50.62456512451172,-51.78593444824219,438.9334411621094,0.0054,0
2026-05-02 16:45:17.679,5104,-50.637699127197266,-51.69072723388672,438.93359375,0.0054,0
2026-05-02 16:45:18.683,5105,-50.65074157714844,-51.59546661376953,438.9337463378906,0.0065,0
2026-05-02 16:45:19.692,5106,-50.6637077331543,-51.500152587890625,438.933837890625,0.0098,0
2026-05-02 16:45:20.691,5107,-50.67658233642578,-51.404781341552734,438.93389892578125,0.0071,0
2026-05-02 16:45:21.697,5108,-50.68937301635742,-51.30935287475586,438.93389892578125,0.0077,0
2026-05-02 16:45:22.699,5109,-50.70207977294922,-51.21387481689453,438.93389892578125,0.0072,0
2026-05-02 16:45:23.704,5110,-50.71470260620117,-51.11833953857422,438.933837890625,0.0074,0
2026-05-02 16:45:24.705,5111,-50.727237701416016,-51.02275466918945,438.93377685546875,0.0064,0
2026-05-02 16:45:25.711,5112,-50.739688873291016,-50.9271125793457,438.93365478515625,0.0021,0
2026-05-02 16:45:26.714,5113,-50.752052307128906,-50.8314208984375,438.9334716796875,0.0036,0
2026-05-02 16:45:27.715,5114,-50.76433181762695,-50.73567199707031,438.93328857421875,0.0038,0
2026-05-02 16:45:28.718,5115,-50.776527404785156,-50.63987731933594,438.93304443359375,0.0018,0
2026-05-02 16:45:29.732,5116,-50.788639068603516,-50.54402542114258,438.9327697753906,0.0061,0
2026-05-02 16:45:30.738,5117,-50.8006591796875,-50.448123931884766,438.9324645996094,0.0037,0
2026-05-02 16:45:31.741,5118,-50.812599182128906,-50.352169036865234,438.93212890625,0.0035,0
2026-05-02 16:45:32.746,5119,-50.82444763183594,-50.25616455078125,438.9317626953125,0.0056,0
2026-05-02 16:45:33.749,5120,-50.83621597290039,-50.16010665893555,438.9313049316406,0.0061,0
2026-05-02 16:45:34.752,5121,-50.847896575927734,-50.06399917602539,438.9308776855469,0.0047,0
2026-05-02 16:45:35.761,5122,-50.85948944091797,-49.96784210205078,438.9303894042969,0.0057,0
2026-05-02 16:45:36.765,5123,-50.870994567871094,-49.87163543701172,438.9298400878906,0.0055,0
2026-05-02 16:45:37.770,5124,-50.88241958618164,-49.7753791809082,438.9292907714844,0.0064,0
2026-05-02 16:45:38.775,5125,-50.89375305175781,-49.679073333740234,438.92864990234375,0.0048,0
2026-05-02 16:45:39.785,5126,-50.90500259399414,-49.58272171020508,438.92803955078125,0.0072,0
2026-05-02 16:45:40.790,5127,-50.91616439819336,-49.4863166809082,438.9273376464844,0.0076,0
2026-05-02 16:45:41.798,5128,-50.92723846435547,-49.38986587524414,438.9266357421875,0.0058,0
2026-05-02 16:45:42.806,5129,-50.938228607177734,-49.293365478515625,438.9258728027344,0.0054,0
2026-05-02 16:45:43.812,5130,-50.949134826660156,-49.19681930541992,438.9250793457031,0.0055,0
2026-05-02 16:45:44.847,5131,-50.9599494934082,-49.100223541259766,438.9242858886719,0.0065,0
2026-05-02 16:45:45.850,5132,-50.97067642211914,-49.00358581542969,438.92340087890625,0.003,0
2026-05-02 16:45:46.856,5133,-50.98131561279297,-48.906898498535156,438.9224853515625,0.0058,0
2026-05-02 16:45:47.856,5134,-50.99187469482422,-48.81016540527344,438.92156982421875,0.0022,0
2026-05-02 16:45:48.862,5135,-51.002342224121094,-48.713382720947266,438.92059326171875,0.0045,0
2026-05-02 16:45:49.866,5136,-51.01272201538086,-48.61655807495117,438.9195861816406,0.0026,0
2026-05-02 16:45:50.869,5137,-51.023014068603516,-48.519691467285156,438.91851806640625,0.0036,0
2026-05-02 16:45:51.871,5138,-51.03322219848633,-48.42277526855469,438.9174499511719,0.0022,0
2026-05-02 16:45:52.878,5139,-51.04334259033203,-48.32581329345703,438.91632080078125,0.0061,0
2026-05-02 16:45:53.878,5140,-51.05337142944336,-48.22881317138672,438.9151611328125,0.0037,0
2026-05-02 16:45:54.880,5141,-51.063316345214844,-48.13176727294922,438.9139709472656,0.0033,0
2026-05-02 16:45:55.887,5142,-51.07317352294922,-48.03467559814453,438.9127197265625,0.0062,0
2026-05-02 16:45:56.894,5143,-51.08293914794922,-47.937538146972656,438.9114685058594,0.007,0
2026-05-02 16:45:57.899,5144,-51.092620849609375,-47.840362548828125,438.91015625,0.0093,0
2026-05-02 16:45:58.909,5145,-51.10221481323242,-47.74314498901367,438.9088134765625,0.0081,0
2026-05-02 16:45:59.911,5146,-51.11172103881836,-47.64588165283203,438.9074401855469,0.0055,0
2026-05-02 16:46:00.918,5147,-51.12114334106445,-47.548580169677734,438.906005859375,0.0077,0
2026-05-02 16:46:01.919,5148,-51.130470275878906,-47.451236724853516,438.904541015625,0.0052,0
2026-05-02 16:46:02.925,5149,-51.139713287353516,-47.353851318359375,438.903076171875,0.0067,0
2026-05-02 16:46:03.927,5150,-51.14886474609375,-47.25642776489258,438.9015197753906,0.0062,0
2026-05-02 16:46:04.929,5151,-51.15793228149414,-47.15896224975586,438.8999328613281,0.0053,0
2026-05-02 16:46:05.935,5152,-51.166908264160156,-47.06145477294922,438.8983459472656,0.0077,0
2026-05-02 16:46:06.936,5153,-51.17579650878906,-46.96390914916992,438.8966979980469,0.0066,0
2026-05-02 16:46:07.958,5154,-51.18459701538086,-46.86632537841797,438.89501953125,0.009,0
2026-05-02 16:46:08.961,5155,-51.19330978393555,-46.76870346069336,438.893310546875,0.0076,0
2026-05-02 16:46:09.965,5156,-51.201934814453125,-46.67103958129883,438.89154052734375,0.0046,0
2026-05-02 16:46:10.969,5157,-51.210472106933594,-46.57333755493164,438.8897399902344,0.0061,0
2026-05-02 16:46:11.972,5158,-51.21891403198242,-46.47560119628906,438.887939453125,0.0071,0
2026-05-02 16:46:12.986,5159,-51.22727584838867,-46.37782669067383,438.88604736328125,0.0106,0
2026-05-02 16:46:13.987,5160,-51.23554229736328,-46.2800178527832,438.8841552734375,0.0058,0
2026-05-02 16:46:14.989,5161,-51.24372482299805,-46.182167053222656,438.8822326660156,0.0054,0
2026-05-02 16:46:15.992,5162,-51.25181579589844,-46.08428192138672,438.8802185058594,0.0069,0
2026-05-02 16:46:16.993,5163,-51.259822845458984,-45.98636245727539,438.8782043457031,0.0069,0
2026-05-02 16:46:17.995,5164,-51.26773452758789,-45.888404846191406,438.87615966796875,0.0054,0
2026-05-02 16:46:18.997,5165,-51.27555847167969,-45.79041290283203,438.8740539550781,0.0061,0
2026-05-02 16:46:20.004,5166,-51.28329849243164,-45.692386627197266,438.8719482421875,0.0105,0
2026-05-02 16:46:21.004,5167,-51.29094314575195,-45.59432601928711,438.8697814941406,0.0087,0
2026-05-02 16:46:22.004,5168,-51.298500061035156,-45.49623107910156,438.8675537109375,0.0065,0
2026-05-02 16:46:23.004,5169,-51.30596923828125,-45.39810562133789,438.8653564453125,0.0041,0
2026-05-02 16:46:24.012,5170,-51.32063674926758,-45.20174789428711,438.8607482910156,0.0088,0
2026-05-02 16:46:25.010,5171,-51.32783889770508,-45.10352325439453,438.8583679199219,0.0056,0
2026-05-02 16:46:26.016,5172,-51.3349494934082,-45.00526428222656,438.8559875488281,0.0053,0
2026-05-02 16:46:27.019,5173,-51.34197235107422,-44.90697479248047,438.85357666015625,0.0057,0
2026-05-02 16:46:28.020,5174,-51.34890365600586,-44.808650970458984,438.8511047363281,0.004,0
2026-05-02 16:46:29.026,5175,-51.35574722290039,-44.71030044555664,438.8486022949219,0.0056,0
2026-05-02 16:46:30.032,5176,-51.36249923706055,-44.61191177368164,438.8460693359375,0.0045,0
2026-05-02 16:46:31.035,5177,-51.36916732788086,-44.51350021362305,438.8434753417969,0.0058,0
2026-05-02 16:46:32.040,5178,-51.37574005126953,-44.41505813598633,438.84088134765625,0.0048,0
2026-05-02 16:46:33.046,5179,-51.38222122192383,-44.31658172607422,438.8382263183594,0.0055,0
2026-05-02 16:46:34.054,5180,-51.38861846923828,-44.218082427978516,438.8355407714844,0.0062,0
2026-05-02 16:46:35.059,5181,-51.39492416381836,-44.11955261230469,438.8327941894531,0.0059,0
2026-05-02 16:46:36.063,5182,-51.4011344909668,-44.020992279052734,438.83001708984375,0.0073,0
2026-05-02 16:46:37.063,5183,-51.40726089477539,-43.92240524291992,438.82720947265625,0.0062,0
2026-05-02 16:46:38.066,5184,-51.41329574584961,-43.82379150390625,438.8243713378906,0.0049,0
2026-05-02 16:46:39.072,5185,-51.41924285888672,-43.72515106201172,438.8215026855469,0.0075,0
2026-05-02 16:46:40.074,5186,-51.42509460449219,-43.62648010253906,438.818603515625,0.0063,0
2026-05-02 16:46:41.078,5187,-51.43085861206055,-43.52778625488281,438.8156433105469,0.007,0
2026-05-02 16:46:42.083,5188,-51.43653106689453,-43.42906951904297,438.8126525878906,0.0075,0
2026-05-02 16:46:43.087,5189,-51.44211959838867,-43.330322265625,438.80963134765625,0.0058,0
2026-05-02 16:46:44.091,5190,-51.44761276245117,-43.23155212402344,438.8065490722656,0.0054,0
2026-05-02 16:46:45.100,5191,-51.45301818847656,-43.132755279541016,438.803466796875,0.006,0
2026-05-02 16:46:46.106,5192,-51.45832824707031,-43.033935546875,438.8003234863281,0.008,0
2026-05-02 16:46:47.107,5193,-51.46355438232422,-42.93509292602539,438.7971496582031,0.0046,0
2026-05-02 16:46:48.109,5194,-51.468685150146484,-42.83622360229492,438.7939453125,0.0037,0
2026-05-02 16:46:49.117,5195,-51.473724365234375,-42.737335205078125,438.7906799316406,0.0062,0
2026-05-02 16:46:50.122,5196,-51.47867965698242,-42.63842010498047,438.78741455078125,0.0072,0
2026-05-02 16:46:51.123,5197,-51.48353958129883,-42.53948211669922,438.7840576171875,0.0056,0
2026-05-02 16:46:52.128,5198,-51.48830795288086,-42.440528869628906,438.78070068359375,0.0055,0
2026-05-02 16:46:53.128,5199,-51.49299240112305,-42.341548919677734,438.7773132324219,0.0023,0
2026-05-02 16:46:54.130,5200,-51.497581481933594,-42.242549896240234,438.77386474609375,0.0023,0
2026-05-02 16:46:55.132,5201,-51.502079010009766,-42.14352798461914,438.7703857421875,0.0023,0
2026-05-02 16:46:56.136,5202,-51.50648880004883,-42.04448699951172,438.7668762207031,0.0034,0
2026-05-02 16:46:57.137,5203,-51.51080322265625,-41.9454231262207,438.7633056640625,0.0026,0
2026-05-02 16:46:58.140,5204,-51.51503372192383,-41.846343994140625,438.75970458984375,0.005,0
2026-05-02 16:46:59.144,5205,-51.519168853759766,-41.74724197387695,438.756103515625,0.0064,0
2026-05-02 16:47:00.146,5206,-51.52321243286133,-41.64812469482422,438.75244140625,0.0066,0
2026-05-02 16:47:01.149,5207,-51.527164459228516,-41.548988342285156,438.7487487792969,0.0058,0
2026-05-02 16:47:02.156,5208,-51.53103256225586,-41.449832916259766,438.7449951171875,0.006,0
2026-05-02 16:47:03.161,5209,-51.5348014831543,-41.35066223144531,438.7412109375,0.0048,0
2026-05-02 16:47:04.163,5210,-51.538482666015625,-41.251468658447266,438.7373962402344,0.0047,0
2026-05-02 16:47:05.171,5211,-51.542076110839844,-41.15226364135742,438.7335510253906,0.0056,0
2026-05-02 16:47:06.177,5212,-51.54557800292969,-41.053043365478516,438.7296447753906,0.0095,0
2026-05-02 16:47:07.179,5213,-51.54898452758789,-40.95380401611328,438.7257385253906,0.0067,0
2026-05-02 16:47:08.195,5214,-51.55229949951172,-40.854549407958984,438.7217712402344,0.0076,0
2026-05-02 16:47:09.197,5215,-51.55552673339844,-40.755279541015625,438.7177734375,0.0065,0
2026-05-02 16:47:10.194,5216,-51.55866241455078,-40.656002044677734,438.7137145996094,0.0018,0
2026-05-02 16:47:11.195,5217,-51.561710357666016,-40.55670166015625,438.70965576171875,0.0018,0
2026-05-02 16:47:12.208,5218,-51.56466293334961,-40.45738983154297,438.7055358886719,0.0083,0
2026-05-02 16:47:13.208,5219,-51.56752395629883,-40.35806655883789,438.701416015625,0.0062,0
2026-05-02 16:47:14.210,5220,-51.57029342651367,-40.25872802734375,438.6971740722656,0.0055,0
2026-05-02 16:47:15.211,5221,-51.572975158691406,-40.15937805175781,438.6929626464844,0.0048,0
2026-05-02 16:47:16.214,5222,-51.575565338134766,-40.06001663208008,438.688720703125,0.0061,0
2026-05-02 16:47:17.218,5223,-51.57806396484375,-39.96063995361328,438.6844177246094,0.0081,0
2026-05-02 16:47:18.219,5224,-51.580467224121094,-39.86125564575195,438.6800537109375,0.0058,0
2026-05-02 16:47:19.228,5225,-51.58278274536133,-39.76185989379883,438.6756896972656,0.0067,0
2026-05-02 16:47:20.228,5226,-51.58500671386719,-39.662452697753906,438.6712951660156,0.0054,0
2026-05-02 16:47:21.229,5227,-51.58714294433594,-39.56303405761719,438.66680908203125,0.0052,0
2026-05-02 16:47:22.231,5228,-51.58918380737305,-39.4636116027832,438.662353515625,0.0042,0
2026-05-02 16:47:23.234,5229,-51.59113311767578,-39.364173889160156,438.6578063964844,0.005,0
2026-05-02 16:47:24.238,5230,-51.59299087524414,-39.26472854614258,438.65325927734375,0.0055,0
2026-05-02 16:47:25.244,5231,-51.594757080078125,-39.16527557373047,438.6486511230469,0.0067,0
2026-05-02 16:47:26.245,5232,-51.596435546875,-39.06581497192383,438.6440124511719,0.0056,0
2026-05-02 16:47:27.251,5233,-51.598018646240234,-38.966346740722656,438.63934326171875,0.0081,0
2026-05-02 16:47:28.255,5234,-51.59951400756836,-38.86687088012695,438.6346130371094,0.0069,0
2026-05-02 16:47:29.257,5235,-51.600914001464844,-38.76738357543945,438.6298828125,0.0054,0
2026-05-02 16:47:30.263,5236,-51.60222625732422,-38.66789627075195,438.6250915527344,0.007,0
2026-05-02 16:47:31.264,5237,-51.60344696044922,-38.56840133666992,438.6202392578125,0.0037,0
2026-05-02 16:47:32.273,5238,-51.60457229614258,-38.468902587890625,438.6153869628906,0.0065,0
2026-05-02 16:47:33.282,5239,-51.60560607910156,-38.3693962097168,438.6105041503906,0.008,0
2026-05-02 16:47:34.283,5240,-51.60655212402344,-38.2698860168457,438.6055603027344,0.0055,0
2026-05-02 16:47:35.288,5241,-51.60740661621094,-38.170372009277344,438.6005554199219,0.0043,0
2026-05-02 16:47:36.296,5242,-51.60816955566406,-38.07085418701172,438.5955505371094,0.0033,0
2026-05-02 16:47:37.302,5243,-51.60883712768555,-37.97132873535156,438.59051513671875,0.007,0
2026-05-02 16:47:38.305,5244,-51.60941696166992,-37.871803283691406,438.58544921875,0.0066,0
2026-05-02 16:47:39.313,5245,-51.60990524291992,-37.77227783203125,438.5802917480469,0.0056,0
2026-05-02 16:47:40.315,5246,-51.61030197143555,-37.67274856567383,438.57513427734375,0.0024,0
2026-05-02 16:47:41.322,5247,-51.6106071472168,-37.57321548461914,438.5699462890625,0.0077,0
2026-05-02 16:47:42.326,5248,-51.610816955566406,-37.47368240356445,438.564697265625,0.0072,0
2026-05-02 16:47:43.327,5249,-51.61094284057617,-37.374149322509766,438.5594177246094,0.0045,0
2026-05-02 16:47:44.327,5250,-51.6109733581543,-37.27461624145508,438.5541076660156,0.0042,0
2026-05-02 16:47:45.331,5251,-51.61091232299805,-37.175079345703125,438.5487365722656,0.0063,0
2026-05-02 16:47:46.334,5252,-51.610755920410156,-37.07554626464844,438.5433654785156,0.0073,0
2026-05-02 16:47:47.338,5253,-51.61051559448242,-36.97601318359375,438.5379333496094,0.0059,0
2026-05-02 16:47:48.356,5254,-51.61017608642578,-36.87648010253906,438.5325012207031,0.007,0
2026-05-02 16:47:49.362,5255,-51.60974884033203,-36.77695083618164,438.5270080566406,0.0081,0
2026-05-02 16:47:50.363,5256,-51.609230041503906,-36.67742156982422,438.52142333984375,0.0059,0
2026-05-02 16:47:51.365,5257,-51.60862350463867,-36.57789611816406,438.515869140625,0.0063,0
2026-05-02 16:47:52.376,5258,-51.60791778564453,-36.47837448120117,438.5102844238281,0.0091,0
2026-05-02 16:47:53.377,5259,-51.60712814331055,-36.37885284423828,438.504638671875,0.0077,0
2026-05-02 16:47:54.379,5260,-51.60624313354492,-36.279335021972656,438.4989318847656,0.0056,0
2026-05-02 16:47:55.381,5261,-51.60526657104492,-36.1798210144043,438.49322509765625,0.005,0
2026-05-02 16:47:56.386,5262,-51.60419845581055,-36.080318450927734,438.4874267578125,0.0062,0
2026-05-02 16:47:57.389,5263,-51.6030387878418,-35.98081588745117,438.4816589355469,0.0066,0
2026-05-02 16:47:58.391,5264,-51.60178756713867,-35.881317138671875,438.4757995605469,0.006,0
2026-05-02 16:47:59.398,5265,-51.60044860839844,-35.78182601928711,438.4699401855469,0.0102,0
2026-05-02 16:48:00.398,5266,-51.59901428222656,-35.68233871459961,438.4640197753906,0.0076,0
2026-05-02 16:48:01.447,5267,-51.59748840332031,-35.58285903930664,438.4580993652344,0.0077,0
2026-05-02 16:48:02.452,5268,-51.59587478637695,-35.4833869934082,438.45208740234375,0.0024,0
2026-05-02 16:48:03.459,5269,-51.59416580200195,-35.3839225769043,438.44610595703125,0.0062,0
2026-05-02 16:48:04.460,5270,-51.592369079589844,-35.28446578979492,438.4400329589844,0.006,0
2026-05-02 16:48:05.462,5271,-51.590476989746094,-35.18501663208008,438.4339294433594,0.0065,0
2026-05-02 16:48:06.464,5272,-51.588497161865234,-35.08557891845703,438.4278259277344,0.0056,0
2026-05-02 16:48:07.472,5273,-51.58642578125,-34.986148834228516,438.421630859375,0.0062,0
2026-05-02 16:48:08.496,5274,-51.58426284790039,-34.88672637939453,438.4154357910156,0.0063,0
2026-05-02 16:48:09.494,5275,-51.58200454711914,-34.787315368652344,438.4091796875,0.0022,0
2026-05-02 16:48:10.498,5276,-51.57965850830078,-34.68791580200195,438.40289306640625,0.0047,0
2026-05-02 16:48:11.504,5277,-51.57722091674805,-34.58852005004883,438.3966064453125,0.006,0
2026-05-02 16:48:12.513,5278,-51.57469177246094,-34.48914337158203,438.3902282714844,0.0078,0
2026-05-02 16:48:13.510,5279,-51.57207107543945,-34.38977813720703,438.38385009765625,0.0029,0
2026-05-02 16:48:14.519,5280,-51.569358825683594,-34.29042053222656,438.3774108886719,0.0073,0
2026-05-02 16:48:15.520,5281,-51.566558837890625,-34.191078186035156,438.3709411621094,0.0044,0
2026-05-02 16:48:16.536,5282,-51.563663482666016,-34.09174346923828,438.36444091796875,0.0078,0
2026-05-02 16:48:17.540,5283,-51.56067657470703,-33.992431640625,438.35791015625,0.0065,0
2026-05-02 16:48:18.543,5284,-51.5576057434082,-33.89312744140625,438.351318359375,0.0067,0
2026-05-02 16:48:19.547,5285,-51.55443572998047,-33.7938346862793,438.3446960449219,0.0052,0
2026-05-02 16:48:20.552,5286,-51.551177978515625,-33.69456100463867,438.33807373046875,0.0068,0
2026-05-02 16:48:21.555,5287,-51.547828674316406,-33.595298767089844,438.3313293457031,0.007,0
2026-05-02 16:48:22.557,5288,-51.54438781738281,-33.496055603027344,438.3246154785156,0.0065,0
2026-05-02 16:48:23.561,5289,-51.540855407714844,-33.396827697753906,438.31787109375,0.0056,0
2026-05-02 16:48:24.564,5290,-51.537235260009766,-33.297611236572266,438.3110656738281,0.0053,0
2026-05-02 16:48:25.566,5291,-51.53351974487305,-33.19841766357422,438.3042297363281,0.0058,0
2026-05-02 16:48:26.568,5292,-51.52971649169922,-33.09923553466797,438.2973327636719,0.0057,0
2026-05-02 16:48:27.576,5293,-51.525821685791016,-33.00007629394531,438.2904357910156,0.0089,0
2026-05-02 16:48:28.582,5294,-51.52183532714844,-32.90092849731445,438.28350830078125,0.0123,0
2026-05-02 16:48:29.580,5295,-51.517757415771484,-32.80180358886719,438.2764892578125,0.0049,0
2026-05-02 16:48:30.582,5296,-51.51359176635742,-32.70269775390625,438.2695007324219,0.006,0
2026-05-02 16:48:31.584,5297,-51.50933074951172,-32.603607177734375,438.262451171875,0.0042,0
2026-05-02 16:48:32.594,5298,-51.50498580932617,-32.50453567504883,438.2553405761719,0.0073,0
2026-05-02 16:48:33.595,5299,-51.50054168701172,-32.405487060546875,438.24822998046875,0.0058,0
2026-05-02 16:48:34.597,5300,-51.49601364135742,-32.30645751953125,438.24102783203125,0.0055,0
2026-05-02 16:48:35.600,5301,-51.49139404296875,-32.20744705200195,438.2338562011719,0.0063,0
2026-05-02 16:48:36.603,5302,-51.48667907714844,-32.10845947265625,438.2265930175781,0.0062,0
2026-05-02 16:48:37.605,5303,-51.481876373291016,-32.009490966796875,438.21929931640625,0.0069,0
2026-05-02 16:48:38.612,5304,-51.476985931396484,-31.910545349121094,438.2120056152344,0.0093,0
2026-05-02 16:48:39.611,5305,-51.47200012207031,-31.811622619628906,438.20465087890625,0.0073,0
2026-05-02 16:48:40.623,5306,-51.46692657470703,-31.712722778320312,438.1972351074219,0.0049,0
2026-05-02 16:48:41.627,5307,-51.461761474609375,-31.61384391784668,438.1898193359375,0.0073,0
2026-05-02 16:48:42.631,5308,-51.45650863647461,-31.514991760253906,438.182373046875,0.0063,0
2026-05-02 16:48:43.634,5309,-51.4511604309082,-31.41615867614746,438.17486572265625,0.0061,0
2026-05-02 16:48:44.636,5310,-51.44572448730469,-31.317352294921875,438.16729736328125,0.0057,0
2026-05-02 16:48:45.640,5311,-51.4401969909668,-31.218570709228516,438.1597595214844,0.0057,0
2026-05-02 16:48:46.642,5312,-51.4345817565918,-31.119813919067383,438.15216064453125,0.0046,0
2026-05-02 16:48:47.646,5313,-51.42887496948242,-31.02108383178711,438.1445007324219,0.0064,0
2026-05-02 16:48:48.649,5314,-51.42307662963867,-30.92237663269043,438.1368103027344,0.0062,0
2026-05-02 16:48:49.651,5315,-51.41719436645508,-30.823698043823242,438.12908935546875,0.0059,0
2026-05-02 16:48:50.656,5316,-51.411216735839844,-30.725046157836914,438.121337890625,0.0056,0
2026-05-02 16:48:51.660,5317,-51.405147552490234,-30.62641716003418,438.113525390625,0.005,0
2026-05-02 16:48:52.665,5318,-51.398990631103516,-30.527820587158203,438.105712890625,0.0062,0
2026-05-02 16:48:53.679,5319,-51.39274597167969,-30.42924690246582,438.09783935546875,0.012,0
2026-05-02 16:48:54.697,5320,-51.38640594482422,-30.330705642700195,438.0899353027344,0.0282,0
2026-05-02 16:48:55.677,5321,-51.37997817993164,-30.232189178466797,438.0820007324219,0.0064,0
2026-05-02 16:48:56.682,5322,-51.37346267700195,-30.133705139160156,438.07403564453125,0.0074,0
2026-05-02 16:48:57.681,5323,-51.36685562133789,-30.035247802734375,438.0660095214844,0.0046,0
2026-05-02 16:48:58.683,5324,-51.36016082763672,-29.93682098388672,438.0579833984375,0.0049,0
2026-05-02 16:48:59.685,5325,-51.35337448120117,-29.83842658996582,438.04986572265625,0.0038,0
2026-05-02 16:49:00.122,5326,-29.370922088623047,-7.855975151062012,438.04986572265625,0.0055,2
2026-05-02 16:49:01.120,5327,-29.35791015625,-7.75147008895874,438.041748046875,0.0033,2
2026-05-02 16:49:02.128,5328,-29.33186149597168,-51.64939880371094,438.0335998535156,0.0062,2
2026-05-02 16:49:03.130,5329,-29.31494903564453,-7.5258893966674805,438.0254211425781,0.0042,2
2026-05-02 16:49:04.135,5330,-29.291963577270508,-7.411774158477783,438.0171813964844,0.008,2
2026-05-02 16:49:05.132,5331,-29.273900985717773,-51.3911018371582,438.0089111328125,0.004,2
2026-05-02 16:49:06.137,5332,-29.25371551513672,-51.30575180053711,438.0005798339844,0.0059,2
2026-05-02 16:49:07.140,5333,-29.240739822387695,-7.087897300720215,437.99224853515625,0.0016,2
2026-05-02 16:49:08.148,5334,-29.218250274658203,-6.974768161773682,437.98388671875,0.0059,2
2026-05-02 16:49:09.146,5335,-29.201189041137695,-51.04134750366211,437.9754638671875,0.0019,2
2026-05-02 16:49:10.152,5336,-29.178895950317383,-6.754495620727539,437.967041015625,0.0048,2
2026-05-02 16:49:11.156,5337,-29.16009521484375,-6.645425796508789,437.9585266113281,0.0072,2
2026-05-02 16:49:12.156,5338,-29.133033752441406,-6.528214931488037,437.9500427246094,0.0046,2
2026-05-02 16:49:13.159,5339,-29.107635498046875,-50.711551666259766,437.94146728515625,0.0062,2
2026-05-02 16:49:14.160,5340,-29.08979034423828,-50.6234245300293,437.932861328125,0.0048,2
2026-05-02 16:49:15.166,5341,-29.072906494140625,-6.198389530181885,437.92425537109375,0.0051,2
2026-05-02 16:49:16.172,5342,-29.047182083129883,-6.083012104034424,437.9155578613281,0.0055,2
2026-05-02 16:49:17.175,5343,-29.02281379699707,-50.372161865234375,437.9068603515625,0.0049,2
2026-05-02 16:49:18.181,5344,-28.996843338012695,-50.291954040527344,437.89813232421875,0.0064,2
2026-05-02 16:49:19.185,5345,-28.97454071044922,-50.2080192565918,437.88934326171875,0.0051,2
2026-05-02 16:49:20.188,5346,-28.950159072875977,-5.628644943237305,437.88055419921875,0.0073,2
2026-05-02 16:49:21.194,5347,-28.933866500854492,-5.523332118988037,437.8716735839844,0.0055,2
2026-05-02 16:49:22.201,5348,-28.91873550415039,-5.419307708740234,437.8628234863281,0.0044,2
2026-05-02 16:49:23.204,5349,-28.89857292175293,-49.85853576660156,437.8539123535156,0.0026,2
2026-05-02 16:49:24.207,5350,-28.88234519958496,-49.76828384399414,437.8449401855469,0.0048,2
2026-05-02 16:49:25.209,5351,-28.860124588012695,-5.094776630401611,437.8359680175781,0.0044,2
2026-05-02 16:49:26.211,5352,-28.842634201049805,-4.988900184631348,437.8269348144531,0.0053,2
2026-05-02 16:49:27.213,5353,-28.817142486572266,-4.875156402587891,437.81787109375,0.0064,2
2026-05-02 16:49:28.215,5354,-28.791481018066406,-49.432716369628906,437.80877685546875,0.0049,2
2026-05-02 16:49:29.221,5355,-28.775239944458008,-4.657131195068359,437.79962158203125,0.0061,2
2026-05-02 16:49:30.227,5356,-28.745960235595703,-4.539980888366699,437.79046630859375,0.0046,2
2026-05-02 16:49:31.231,5357,-28.724536895751953,-49.179344177246094,437.78125,0.0055,2
2026-05-02 16:49:32.232,5358,-28.698949813842773,-49.098060607910156,437.77203369140625,0.0046,2
2026-05-02 16:49:33.242,5359,-28.68398094177246,-4.215175628662109,437.76275634765625,0.0051,2
2026-05-02 16:49:34.243,5360,-28.66452407836914,-4.108365058898926,437.7534484863281,0.0054,2
2026-05-02 16:49:35.243,5361,-28.64892578125,-48.82721710205078,437.74407958984375,0.0034,2
2026-05-02 16:49:36.246,5362,-28.624845504760742,-48.7442512512207,437.73468017578125,0.0053,2
2026-05-02 16:49:37.257,5363,-28.605365753173828,-3.787947177886963,437.72528076171875,0.0078,2
2026-05-02 16:49:38.257,5364,-28.58743667602539,-3.6831936836242676,437.7158203125,0.0049,2
2026-05-02 16:49:39.263,5365,-28.568735122680664,-3.577796697616577,437.7063293457031,0.0031,2
2026-05-02 16:49:40.268,5366,-28.542797088623047,-48.39768600463867,437.6968078613281,0.0047,2
2026-05-02 16:49:41.270,5367,-28.515323638916016,-48.31789779663086,437.687255859375,0.0034,2
2026-05-02 16:49:42.273,5368,-28.48927879333496,-48.236637115478516,437.6776428222656,0.0056,2
2026-05-02 16:49:43.272,5369,-28.472536087036133,-48.14603805541992,437.6679992675781,0.003,2
2026-05-02 16:49:44.280,5370,-28.44391632080078,-3.0214974880218506,437.6583557128906,0.0064,2
2026-05-02 16:49:45.284,5371,-28.426467895507812,-2.918151378631592,437.64862060546875,0.006,2
2026-05-02 16:49:46.285,5372,-28.40951156616211,-2.815430164337158,437.638916015625,0.006,2
2026-05-02 16:49:47.286,5373,-28.389188766479492,-47.79960250854492,437.6291198730469,0.0053,2
2026-05-02 16:49:48.296,5374,-28.366344451904297,-47.71490478515625,437.61932373046875,0.0072,2
2026-05-02 16:49:49.297,5375,-28.338581085205078,-47.63508224487305,437.6094665527344,0.0052,2
2026-05-02 16:49:50.298,5376,-28.31488800048828,-47.55115509033203,437.5995788574219,0.0047,2
2026-05-02 16:49:51.306,5377,-28.291231155395508,-2.270347833633423,437.58966064453125,0.0055,2
2026-05-02 16:49:52.358,5378,-28.264957427978516,-2.1591174602508545,437.5797119140625,0.0044,2
2026-05-02 16:49:53.361,5379,-28.24085235595703,-2.0501937866210938,437.5697326660156,0.0052,2
2026-05-02 16:49:54.361,5380,-28.2227783203125,-1.9474339485168457,437.5597229003906,0.0053,2
2026-05-02 16:49:55.363,5381,-28.2005672454834,-47.12679672241211,437.5496520996094,0.0056,2
2026-05-02 16:49:56.366,5382,-28.17426109313965,-1.729955792427063,437.53955078125,0.0048,2
2026-05-02 16:49:57.368,5383,-28.147661209106445,-1.6190770864486694,437.5294494628906,0.0055,2
2026-05-02 16:49:58.374,5384,-28.12209701538086,-1.5093721151351929,437.5192565917969,0.0055,2
2026-05-02 16:49:59.376,5385,-28.09572410583496,-46.80004119873047,437.5090637207031,0.0056,2
2026-05-02 16:50:00.376,5386,-28.078372955322266,-46.70941162109375,437.4988098144531,0.0042,2
2026-05-02 16:50:01.381,5387,-28.056245803833008,-1.1919227838516235,437.4885559082031,0.0056,2
2026-05-02 16:50:02.384,5388,-28.025209426879883,-1.0772995948791504,437.4782409667969,0.0044,2
2026-05-02 16:50:03.392,5389,-28.006481170654297,-0.9751192331314087,437.4678955078125,0.0046,2
2026-05-02 16:50:04.410,5390,-27.982959747314453,-46.37254333496094,437.45751953125,0.0067,2
2026-05-02 16:50:05.410,5391,-27.961999893188477,-46.28535461425781,437.4471130371094,0.0047,2
2026-05-02 16:50:06.421,5392,-27.93414306640625,-0.6532490849494934,437.4366760253906,0.0077,2
2026-05-02 16:50:07.423,5393,-27.902189254760742,-0.5383976697921753,437.42620849609375,0.0069,2
2026-05-02 16:50:08.423,5394,-27.88067626953125,-46.04202651977539,437.4156799316406,0.0045,2
2026-05-02 16:50:09.425,5395,-27.8496036529541,-0.3204311430454254,437.4051513671875,0.0059,2
2026-05-02 16:50:10.426,5396,-27.82631492614746,-45.879798889160156,437.3945617675781,0.0056,2
2026-05-02 16:50:11.427,5397,-27.8034610748291,-0.10946674644947052,437.3839416503906,0.0024,2
2026-05-02 16:50:12.429,5398,-27.781476974487305,-45.70793533325195,437.373291015625,0.0019,2
2026-05-02 16:50:13.438,5399,-27.75053596496582,0.10772430151700974,437.3625793457031,0.0074,2
2026-05-02 16:50:14.438,5400,-27.73193359375,-45.540645599365234,437.35186767578125,0.0038,2
2026-05-02 16:50:15.439,5401,-27.705366134643555,0.3165948987007141,437.34112548828125,0.0038,2
2026-05-02 16:50:16.442,5402,-27.686140060424805,0.41746455430984497,437.3303527832031,0.0049,2
2026-05-02 16:50:17.449,5403,-27.65376853942871,0.5313343405723572,437.3194885253906,0.0056,2
2026-05-02 16:50:18.449,5404,-27.622600555419922,0.6438587307929993,437.30865478515625,0.0049,2
2026-05-02 16:50:19.453,5405,-27.601472854614258,-45.12855529785156,437.2977600097656,0.0057,2
2026-05-02 16:50:20.462,5406,-27.56167221069336,0.9480154514312744,437.2758483886719,0.0071,2
2026-05-02 16:50:21.462,5407,-27.534414291381836,1.0560625791549683,437.2648620605469,0.0056,2
2026-05-02 16:50:22.462,5408,-27.504209518432617,-44.79128646850586,437.2538146972656,0.0045,2
2026-05-02 16:50:23.464,5409,-27.477643966674805,-44.70915603637695,437.24273681640625,0.0043,2
2026-05-02 16:50:24.465,5410,-27.4538631439209,1.3781342506408691,437.2316589355469,0.0048,2
2026-05-02 16:50:25.470,5411,-27.431535720825195,1.4806842803955078,437.22052001953125,0.0059,2
2026-05-02 16:50:26.481,5412,-27.406938552856445,1.58535897731781,437.2093505859375,0.0058,2
2026-05-02 16:50:27.485,5413,-27.380796432495117,-44.370975494384766,437.1981506347656,0.0081,2
2026-05-02 16:50:28.483,5414,-27.34684181213379,-44.296112060546875,437.1869201660156,0.0054,2
2026-05-02 16:50:29.490,5415,-27.316299438476562,-44.217811584472656,437.1756286621094,0.0045,2
2026-05-02 16:50:30.490,5416,-27.287147521972656,2.0240345001220703,437.164306640625,0.0032,2
2026-05-02 16:50:31.492,5417,-27.25809097290039,-44.05827713012695,437.1529541015625,0.0039,2
2026-05-02 16:50:32.495,5418,-27.2324161529541,2.237342596054077,437.1416015625,0.0051,2
2026-05-02 16:50:33.499,5419,-27.200496673583984,-43.898040771484375,437.13018798828125,0.0045,2
2026-05-02 16:50:34.500,5420,-27.17186737060547,-43.817718505859375,437.1187438964844,0.0048,2
2026-05-02 16:50:35.504,5421,-27.148685455322266,-43.731929779052734,437.1072692871094,0.0052,2
2026-05-02 16:50:36.511,5422,-27.11903953552246,2.666141986846924,437.09576416015625,0.005,2
2026-05-02 16:50:37.526,5423,-27.093339920043945,2.770336389541626,437.084228515625,0.0052,2
2026-05-02 16:50:38.527,5424,-27.06766700744629,2.8743600845336914,437.0726318359375,0.0047,2
2026-05-02 16:50:39.527,5425,-27.035619735717773,-43.40891647338867,437.06103515625,0.0043,2
2026-05-02 16:50:40.529,5426,-27.00895881652832,3.0893301963806152,437.04937744140625,0.0052,2
2026-05-02 16:50:41.530,5427,-26.98342514038086,3.1927781105041504,437.0376892089844,0.0049,2
2026-05-02 16:50:42.532,5428,-26.961381912231445,3.2925846576690674,437.0259704589844,0.0058,2
2026-05-02 16:50:43.533,5429,-26.935768127441406,3.395820379257202,437.01422119140625,0.0057,2
2026-05-02 16:50:44.534,5430,-26.90761375427246,-42.99140548706055,437.00244140625,0.0049,2
2026-05-02 16:50:45.536,5431,-26.876863479614258,3.6095335483551025,436.9906311035156,0.0048,2
2026-05-02 16:50:46.543,5432,-26.855262756347656,-42.8254280090332,436.9787902832031,0.0062,2
2026-05-02 16:50:47.547,5433,-26.825725555419922,3.814887285232544,436.9669189453125,0.006,2
2026-05-02 16:50:48.548,5434,-26.804487228393555,-42.65781021118164,436.9549560546875,0.0053,2
2026-05-02 16:50:49.551,5435,-26.779319763183594,-42.573753356933594,436.9430236816406,0.0044,2
2026-05-02 16:50:50.555,5436,-26.744497299194336,4.126346111297607,436.9310302734375,0.0058,2
2026-05-02 16:50:51.556,5437,-26.71651268005371,-42.418067932128906,436.9190368652344,0.0054,2
2026-05-02 16:50:52.561,5438,-26.681489944458008,-42.34382629394531,436.906982421875,0.006,2
2026-05-02 16:50:53.560,5439,-26.651256561279297,4.448493957519531,436.8948669433594,0.0031,2
2026-05-02 16:50:54.562,5440,-26.61548614501953,4.5602707862854,436.88275146484375,0.0041,2
2026-05-02 16:50:55.566,5441,-26.586557388305664,-42.11087417602539,436.8706359863281,0.0044,2
2026-05-02 16:50:56.570,5442,-26.56183433532715,4.76548957824707,436.8584289550781,0.0055,2
2026-05-02 16:50:57.575,5443,-26.525623321533203,4.877264976501465,436.8462219238281,0.006,2
2026-05-02 16:50:58.577,5444,-26.495271682739258,4.983030319213867,436.8339538574219,0.0073,2
2026-05-02 16:50:59.586,5445,-26.46281623840332,-41.797245025634766,436.8216552734375,0.0055,2
2026-05-02 16:51:00.598,5446,-26.43413734436035,-41.716556549072266,436.8093566894531,0.0057,2
2026-05-02 16:51:01.600,5447,-26.405162811279297,5.298496246337891,436.7969970703125,0.0064,2
2026-05-02 16:51:02.598,5448,-26.372119903564453,5.406362533569336,436.7846374511719,0.0023,2
2026-05-02 16:51:03.603,5449,-26.347959518432617,-41.474544525146484,436.7721862792969,0.0062,2
2026-05-02 16:51:04.606,5450,-26.323951721191406,5.603726863861084,436.7597351074219,0.0064,2
2026-05-02 16:51:05.615,5451,-26.30010414123535,-41.30355453491211,436.74725341796875,0.0052,2
2026-05-02 16:51:06.618,5452,-26.269821166992188,5.806456565856934,436.7347412109375,0.0041,2
2026-05-02 16:51:07.620,5453,-26.24620819091797,-41.138572692871094,436.7221984863281,0.0045,2
2026-05-02 16:51:08.627,5454,-26.222679138183594,6.001607418060303,436.7096252441406,0.0058,2
2026-05-02 16:51:09.628,5455,-26.186538696289062,6.111527919769287,436.6969909667969,0.0053,2
2026-05-02 16:51:10.631,5456,-26.155288696289062,-40.90109634399414,436.6843566894531,0.0045,2
2026-05-02 16:51:11.633,5457,-26.124195098876953,-40.82271194458008,436.6716613769531,0.0054,2
2026-05-02 16:51:12.646,5458,-26.089431762695312,6.4290690422058105,436.6589660644531,0.0024,2
2026-05-02 16:51:13.654,5459,-26.055423736572266,6.536258697509766,436.6462097167969,0.0054,2
2026-05-02 16:51:14.654,5460,-26.031009674072266,-40.58740234375,436.6334228515625,0.0041,2
2026-05-02 16:51:15.656,5461,-25.999204635620117,-40.50969314575195,436.6206359863281,0.0048,2
2026-05-02 16:51:16.659,5462,-25.961997985839844,6.848324775695801,436.6077880859375,0.0044,2
2026-05-02 16:51:17.669,5463,-25.925607681274414,-40.36424255371094,436.59490966796875,0.0064,2
2026-05-02 16:51:18.666,5464,-25.89131736755371,7.064013957977295,436.5820007324219,0.0021,2
2026-05-02 16:51:19.668,5465,-25.866695404052734,-40.20408630371094,436.5690612792969,0.0021,2
2026-05-02 16:51:20.670,5466,-25.83877944946289,7.260965347290039,436.5560607910156,0.0021,2
2026-05-02 16:51:21.676,5467,-25.81094741821289,7.36077356338501,436.5430603027344,0.0048,2
2026-05-02 16:51:22.680,5468,-25.772506713867188,-39.96963119506836,436.530029296875,0.0047,2
2026-05-02 16:51:23.683,5469,-25.74368667602539,7.571538925170898,436.5169677734375,0.0061,2
2026-05-02 16:51:24.686,5470,-25.71739959716797,7.669353008270264,436.50384521484375,0.0038,2
2026-05-02 16:51:25.699,5471,-25.69253921508789,7.76558256149292,436.49072265625,0.0055,2
2026-05-02 16:51:26.701,5472,-25.66631507873535,7.863034248352051,436.4775695800781,0.0063,2
2026-05-02 16:51:27.703,5473,-25.62897491455078,7.971449375152588,436.46435546875,0.0061,2
2026-05-02 16:51:28.704,5474,-25.59771156311035,8.07363224029541,436.45111083984375,0.006,2
2026-05-02 16:51:29.707,5475,-25.57166862487793,-39.40349197387695,436.4378356933594,0.005,2
2026-05-02 16:51:30.706,5476,-25.533750534057617,8.278985023498535,436.424560546875,0.003,2
2026-05-02 16:51:31.707,5477,-25.502307891845703,-39.253684997558594,436.4112243652344,0.003,2
2026-05-02 16:51:32.713,5478,-25.470325469970703,-39.176082611083984,436.39788818359375,0.0018,2
2026-05-02 16:51:33.718,5479,-25.432296752929688,8.591389656066895,436.38446044921875,0.0019,2
2026-05-02 16:51:34.719,5480,-25.401681900024414,8.69201946258545,436.3710632324219,0.0016,2
2026-05-02 16:51:35.720,5481,-25.36986541748047,8.793700218200684,436.35760498046875,0.0019,2
2026-05-02 16:51:36.724,5482,-25.34183692932129,-38.86621856689453,436.3440856933594,0.0034,2
2026-05-02 16:51:37.724,5483,-25.306018829345703,8.996813774108887,436.3305969238281,0.0025,2
2026-05-02 16:51:38.730,5484,-25.271141052246094,-38.717735290527344,436.3170166015625,0.0049,2
2026-05-02 16:51:39.730,5485,-25.236454010009766,-38.64282989501953,436.3034362792969,0.0021,2
2026-05-02 16:51:40.734,5486,-25.204448699951172,-38.56524658203125,436.28985595703125,0.0045,2
2026-05-02 16:51:41.732,5487,-25.16638946533203,-38.49371337890625,436.27618408203125,0.0018,2
2026-05-02 16:51:42.734,5488,-25.137081146240234,-38.41343688964844,436.26251220703125,0.003,2
2026-05-02 16:51:43.734,5489,-25.0982666015625,-38.34266662597656,436.2488098144531,0.0023,2
2026-05-02 16:51:44.742,5490,-25.06643295288086,-38.26491165161133,436.2350769042969,0.0044,2
2026-05-02 16:51:45.743,5491,-25.03986358642578,9.813969612121582,436.2212829589844,0.0039,2
2026-05-02 16:51:46.745,5492,-25.009048461914062,9.912975311279297,436.20745849609375,0.0049,2
2026-05-02 16:51:47.748,5493,-24.97307014465332,10.016995429992676,436.19366455078125,0.0065,2
2026-05-02 16:51:48.748,5494,-24.944992065429688,10.112958908081055,436.1797790527344,0.0034,2
2026-05-02 16:51:49.751,5495,-24.910425186157227,10.21525764465332,436.1658630371094,0.0052,2
2026-05-02 16:51:50.752,5496,-24.878339767456055,10.314926147460938,436.1519775390625,0.0017,2
2026-05-02 16:51:51.757,5497,-24.84398078918457,10.41671371459961,436.13800048828125,0.0022,2
2026-05-02 16:51:52.762,5498,-24.808021545410156,10.519950866699219,436.1239929199219,0.0056,2
2026-05-02 16:51:53.767,5499,-24.770313262939453,10.624785423278809,436.1099548339844,0.0067,2
2026-05-02 16:51:54.770,5500,-24.74004364013672,10.722024917602539,436.095947265625,0.0053,2
2026-05-02 16:51:55.771,5501,-24.700185775756836,10.82869815826416,436.08184814453125,0.0055,2
2026-05-02 16:51:56.771,5502,-24.661523818969727,10.934033393859863,436.0677185058594,0.0046,2
2026-05-02 16:51:57.773,5503,-24.62535858154297,11.036710739135742,436.0535888671875,0.0055,2
2026-05-02 16:51:58.783,5504,-24.595813751220703,11.132615089416504,436.0393981933594,0.0062,2
2026-05-02 16:51:59.808,5505,-24.557321548461914,11.237317085266113,436.0251770019531,0.008,2
2026-05-02 16:52:00.804,5506,-24.529804229736328,11.330891609191895,436.0109558105469,0.0025,2
2026-05-02 16:52:01.814,5507,-24.489730834960938,-36.97917556762695,435.9966735839844,0.0054,2
2026-05-02 16:52:02.817,5508,-24.45663833618164,11.535711288452148,435.98236083984375,0.0067,2
2026-05-02 16:52:03.816,5509,-24.420087814331055,11.637858390808105,435.9680480957031,0.0041,2
2026-05-02 16:52:04.818,5510,-24.379220962524414,11.744171142578125,435.95367431640625,0.0045,2
2026-05-02 16:52:05.817,5511,-24.34162139892578,11.847063064575195,435.9393005371094,0.0023,2
2026-05-02 16:52:06.821,5512,-24.310388565063477,-36.61103439331055,435.92486572265625,0.0056,2
2026-05-02 16:52:07.822,5513,-24.269866943359375,-36.54207992553711,435.9104309082031,0.0041,2
2026-05-02 16:52:08.832,5514,-24.231447219848633,12.152202606201172,435.89593505859375,0.006,2
2026-05-02 16:52:09.834,5515,-24.200368881225586,12.247961044311523,435.8814392089844,0.0066,2
2026-05-02 16:52:10.831,5516,-24.171192169189453,12.341665267944336,435.86688232421875,0.0032,2
2026-05-02 16:52:11.832,5517,-24.131986618041992,-36.24214172363281,435.8523254394531,0.0032,2
2026-05-02 16:52:12.840,5518,-24.094554901123047,-36.17014694213867,435.8376770019531,0.0053,2
2026-05-02 16:52:13.841,5519,-24.06155014038086,-36.09372329711914,435.82305908203125,0.0047,2
2026-05-02 16:52:14.844,5520,-24.023088455200195,-36.02277374267578,435.80841064453125,0.0065,2
2026-05-02 16:52:15.842,5521,-23.990474700927734,-35.94598388671875,435.793701171875,0.0035,2
2026-05-02 16:52:16.846,5522,-23.948232650756836,12.948591232299805,435.7789611816406,0.006,2
2026-05-02 16:52:17.845,5523,-23.913320541381836,-35.804359436035156,435.76422119140625,0.0045,2
2026-05-02 16:52:18.848,5524,-23.881845474243164,-35.72645568847656,435.74945068359375,0.0042,2
2026-05-02 16:52:19.851,5525,-23.843820571899414,-35.655120849609375,435.734619140625,0.0057,2
2026-05-02 16:52:20.856,5526,-23.802780151367188,13.346964836120605,435.71978759765625,0.005,2
2026-05-02 16:52:21.857,5527,-23.764345169067383,-35.515899658203125,435.70489501953125,0.0046,2
2026-05-02 16:52:22.865,5528,-23.72551727294922,13.549774169921875,435.69000244140625,0.0065,2
2026-05-02 16:52:23.862,5529,-23.690488815307617,13.647339820861816,435.675048828125,0.002,2
2026-05-02 16:52:24.865,5530,-23.648357391357422,13.75186538696289,435.66009521484375,0.0037,2
2026-05-02 16:52:25.868,5531,-23.616024017333984,13.846434593200684,435.64508056640625,0.0064,2
2026-05-02 16:52:26.871,5532,-23.574172973632812,13.950371742248535,435.63006591796875,0.0086,2
2026-05-02 16:52:27.871,5533,-23.533262252807617,-35.0911750793457,435.6150207519531,0.0061,2
2026-05-02 16:52:28.875,5534,-23.495037078857422,14.15322208404541,435.5999450683594,0.0058,2
2026-05-02 16:52:29.880,5535,-23.457448959350586,14.252433776855469,435.5848083496094,0.0076,2
2026-05-02 16:52:30.883,5536,-23.41878890991211,-34.87791061401367,435.5697021484375,0.0035,2
2026-05-02 16:52:31.891,5537,-23.3775577545166,14.455120086669922,435.55450439453125,0.0052,2
2026-05-02 16:52:32.894,5538,-23.34821128845215,14.545637130737305,435.539306640625,0.0059,2
2026-05-02 16:52:33.900,5539,-23.316665649414062,14.638201713562012,435.52410888671875,0.0063,2
2026-05-02 16:52:34.903,5540,-23.28034782409668,14.735386848449707,435.5088195800781,0.0054,2
2026-05-02 16:52:35.907,5541,-23.239816665649414,14.836627960205078,435.4935302734375,0.0041,2
2026-05-02 16:52:36.908,5542,-23.200721740722656,-34.44086837768555,435.47821044921875,0.0051,2
2026-05-02 16:52:37.909,5543,-23.162809371948242,-34.36964797973633,435.4628601074219,0.0029,2
2026-05-02 16:52:38.917,5544,-23.12792205810547,-34.295413970947266,435.447509765625,0.006,2
2026-05-02 16:52:39.922,5545,-23.09246063232422,-34.22176742553711,435.4320983886719,0.0055,2
2026-05-02 16:52:40.922,5546,-23.054227828979492,-34.150909423828125,435.4166564941406,0.005,2
2026-05-02 16:52:41.922,5547,-23.020153045654297,-34.07591247558594,435.40118408203125,0.0041,2
2026-05-02 16:52:42.925,5548,-22.976945877075195,-34.01005935668945,435.38568115234375,0.0058,2
2026-05-02 16:52:43.924,5549,-22.942222595214844,-33.93574142456055,435.37017822265625,0.0044,2
2026-05-02 16:52:44.927,5550,-22.899208068847656,-33.86972427368164,435.3546142578125,0.0048,2
2026-05-02 16:52:45.932,5551,-22.8576717376709,-33.802249908447266,435.33905029296875,0.0054,2
2026-05-02 16:52:46.933,5552,-22.820650100708008,-33.73027801513672,435.32342529296875,0.005,2
2026-05-02 16:52:47.934,5553,-22.77790069580078,-33.66404724121094,435.30780029296875,0.0047,2
2026-05-02 16:52:48.935,5554,-22.73374366760254,16.11810302734375,435.2921447753906,0.004,2
2026-05-02 16:52:49.937,5555,-22.691064834594727,-33.53297424316406,435.2764587402344,0.0047,2
2026-05-02 16:52:50.943,5556,-22.65593910217285,16.31291961669922,435.2607421875,0.005,2
2026-05-02 16:52:51.948,5557,-22.617727279663086,16.409412384033203,435.2449951171875,0.0056,2
2026-05-02 16:52:52.949,5558,-22.585458755493164,16.499807357788086,435.2292175292969,0.0047,2
2026-05-02 16:52:53.953,5559,-22.550724029541016,16.592517852783203,435.2134094238281,0.0064,2
2026-05-02 16:52:54.961,5560,-22.519325256347656,16.68174171447754,435.19757080078125,0.0043,2
2026-05-02 16:52:55.963,5561,-22.4752140045166,-33.095523834228516,435.1817321777344,0.0049,2
2026-05-02 16:52:56.965,5562,-22.443912506103516,16.872346878051758,435.1658020019531,0.0035,2
2026-05-02 16:52:57.969,5563,-22.405879974365234,16.967750549316406,435.14990234375,0.0049,2
2026-05-02 16:52:58.981,5564,-22.363574981689453,-32.88075637817383,435.13397216796875,0.0073,2
2026-05-02 16:52:59.981,5565,-22.32912254333496,-32.80644607543945,435.11798095703125,0.0051,2
2026-05-02 16:53:00.985,5566,-22.286930084228516,-32.739891052246094,435.1019592285156,0.0054,2
2026-05-02 16:53:01.988,5567,-22.24976348876953,-32.668331146240234,435.0859375,0.0051,2
2026-05-02 16:53:02.989,5568,-22.217281341552734,-32.59210968017578,435.0699157714844,0.0053,2
2026-05-02 16:53:03.990,5569,-22.17183494567871,17.54283905029297,435.0538024902344,0.0047,2
2026-05-02 16:53:04.992,5570,-22.129072189331055,17.641916275024414,435.0376892089844,0.0043,2
2026-05-02 16:53:05.994,5571,-22.09455108642578,-32.388832092285156,435.0215759277344,0.0044,2
2026-05-02 16:53:07.001,5572,-22.054180145263672,17.828975677490234,435.00537109375,0.0061,2
2026-05-02 16:53:08.008,5573,-22.011493682861328,-32.25465393066406,434.98919677734375,0.008,2
2026-05-02 16:53:09.008,5574,-21.969053268432617,18.025672912597656,434.97296142578125,0.0043,2
2026-05-02 16:53:10.012,5575,-21.93170928955078,18.118576049804688,434.95672607421875,0.0054,2
2026-05-02 16:53:11.014,5576,-21.894895553588867,-32.045555114746094,434.9404296875,0.004,2
2026-05-02 16:53:12.020,5577,-21.85877799987793,18.302173614501953,434.92413330078125,0.0049,2
2026-05-02 16:53:13.026,5578,-21.821430206298828,-31.901992797851562,434.90777587890625,0.006,2
2026-05-02 16:53:14.033,5579,-21.776575088500977,-31.838363647460938,434.8914489746094,0.0054,2
2026-05-02 16:53:15.039,5580,-21.73702621459961,-31.769454956054688,434.8750305175781,0.0045,2
2026-05-02 16:53:16.041,5581,-21.692859649658203,-31.705183029174805,434.8586120605469,0.0049,2
2026-05-02 16:53:17.044,5582,-21.654529571533203,-31.635095596313477,434.8421936035156,0.0061,2
2026-05-02 16:53:18.043,5583,-21.62086296081543,-31.560361862182617,434.8257141113281,0.0041,2
2026-05-02 16:53:19.046,5584,-21.580087661743164,-31.492765426635742,434.8092041015625,0.0046,2
2026-05-02 16:53:20.049,5585,-21.533275604248047,19.064340591430664,434.7926940917969,0.0054,2
2026-05-02 16:53:21.050,5586,-21.498868942260742,-31.357303619384766,434.7761535644531,0.0044,2
2026-05-02 16:53:22.051,5587,-21.454816818237305,-31.29305076599121,434.7595520019531,0.0036,2
2026-05-02 16:53:23.053,5588,-21.419816970825195,-31.21976661682129,434.74298095703125,0.0042,2
2026-05-02 16:53:24.055,5589,-21.38402557373047,-31.147296905517578,434.7263488769531,0.006,2
2026-05-02 16:53:25.058,5590,-21.343242645263672,19.522417068481445,434.7096862792969,0.0034,2
2026-05-02 16:53:26.061,5591,-21.302961349487305,-31.011911392211914,434.6929931640625,0.0053,2
2026-05-02 16:53:27.059,5592,-21.26018714904785,19.711650848388672,434.67626953125,0.0028,2
2026-05-02 16:53:28.064,5593,-21.220476150512695,-30.878036499023438,434.6595764160156,0.0058,2
2026-05-02 16:53:29.065,5594,-21.184492111206055,-30.805877685546875,434.6427917480469,0.0048,2
2026-05-02 16:53:30.068,5595,-21.1446590423584,-30.73758888244629,434.6260070800781,0.0021,2
2026-05-02 16:53:31.068,5596,-21.099943161010742,-30.67420768737793,434.60919189453125,0.0021,2
2026-05-02 16:53:32.074,5597,-21.061344146728516,-30.604734420776367,434.59234619140625,0.0063,2
2026-05-02 16:53:33.074,5598,-21.014192581176758,-30.543840408325195,434.5754699707031,0.005,2
2026-05-02 16:53:34.077,5599,-20.96847152709961,-30.481536865234375,434.5585632324219,0.0047,2
2026-05-02 16:53:35.078,5600,-20.9342041015625,-30.407806396484375,434.5416564941406,0.0053,2
2026-05-02 16:53:36.084,5601,-20.894203186035156,-30.339832305908203,434.52471923828125,0.0043,2
2026-05-02 16:53:37.089,5602,-20.847116470336914,-30.278968811035156,434.5077209472656,0.0042,2
2026-05-02 16:53:38.092,5603,-20.80865478515625,-30.209505081176758,434.49072265625,0.0055,2
2026-05-02 16:53:39.094,5604,-20.772220611572266,-30.13804054260254,434.4737243652344,0.0033,2
2026-05-02 16:53:40.098,5605,-20.73124122619629,20.916250228881836,434.4566650390625,0.0053,2
2026-05-02 16:53:41.102,5606,-20.687732696533203,21.010696411132812,434.4395751953125,0.0047,2
2026-05-02 16:53:42.103,5607,-20.645038604736328,-29.94167709350586,434.4224548339844,0.0054,2
2026-05-02 16:53:43.109,5608,-20.59724998474121,21.202613830566406,434.40533447265625,0.0056,2
2026-05-02 16:53:44.112,5609,-20.548633575439453,-29.822509765625,434.38818359375,0.0064,2
2026-05-02 16:53:45.113,5610,-20.501728057861328,-29.761667251586914,434.3710021972656,0.0035,2
2026-05-02 16:53:46.117,5611,-20.46478843688965,-29.690885543823242,434.35382080078125,0.0047,2
2026-05-02 16:53:47.118,5612,-20.425743103027344,-29.622236251831055,434.33660888671875,0.004,2
2026-05-02 16:53:48.122,5613,-20.38031578063965,-29.559995651245117,434.3193054199219,0.0038,2
2026-05-02 16:53:49.126,5614,-20.34112548828125,21.75950813293457,434.3020324707031,0.0057,2
2026-05-02 16:53:50.127,5615,-20.297016143798828,-29.428035736083984,434.2847595214844,0.0049,2
2026-05-02 16:53:51.131,5616,-20.259178161621094,21.940540313720703,434.26739501953125,0.0059,2
2026-05-02 16:53:52.131,5617,-20.21914291381836,22.029895782470703,434.25006103515625,0.0039,2
2026-05-02 16:53:53.135,5618,-20.18390464782715,22.11431121826172,434.232666015625,0.0056,2
2026-05-02 16:53:54.137,5619,-20.13664436340332,22.210601806640625,434.2152404785156,0.0051,2
2026-05-02 16:53:55.137,5620,-20.088247299194336,-29.09912872314453,434.19781494140625,0.0036,2
2026-05-02 16:53:56.138,5621,-20.04543113708496,-29.034494400024414,434.1803894042969,0.0044,2
2026-05-02 16:53:57.139,5622,-19.998279571533203,-28.974218368530273,434.1628723144531,0.0036,2
2026-05-02 16:53:58.140,5623,-19.96306800842285,22.578840255737305,434.1453857421875,0.0045,2
2026-05-02 16:53:59.148,5624,-19.914222717285156,22.675983428955078,434.1278381347656,0.0052,2
2026-05-02 16:54:00.148,5625,-19.874935150146484,22.763431549072266,434.11029052734375,0.0041,2
2026-05-02 16:54:01.151,5626,-19.82670021057129,22.859678268432617,434.09271240234375,0.0054,2
2026-05-02 16:54:02.153,5627,-19.78951072692871,-28.646265029907227,434.0751037597656,0.0048,2
2026-05-02 16:54:03.153,5628,-19.74823570251465,23.03373146057129,434.0574645996094,0.0046,2
2026-05-02 16:54:04.157,5629,-19.703527450561523,23.126014709472656,434.0398254394531,0.0052,2
2026-05-02 16:54:05.159,5630,-19.65727424621582,23.219701766967773,434.02215576171875,0.0055,2
2026-05-02 16:54:06.159,5631,-19.616615295410156,-28.390289306640625,434.0044250488281,0.0045,2
2026-05-02 16:54:07.167,5632,-19.567058563232422,-28.332698822021484,433.9867248535156,0.0065,2
2026-05-02 16:54:08.170,5633,-19.523468017578125,-28.269168853759766,433.9689636230469,0.0055,2
2026-05-02 16:54:09.174,5634,-19.482446670532227,-28.203100204467773,433.9512023925781,0.0032,2
2026-05-02 16:54:10.190,5635,-19.446514129638672,-28.131975173950195,433.9333801269531,0.0041,2
2026-05-02 16:54:11.193,5636,-19.411067962646484,23.747474670410156,433.9155578613281,0.0058,2
2026-05-02 16:54:12.237,5637,-19.362201690673828,23.8427677154541,433.897705078125,0.0048,2
2026-05-02 16:54:13.238,5638,-19.320924758911133,23.93032455444336,433.8798522949219,0.0042,2
2026-05-02 16:54:14.241,5639,-19.270559310913086,24.026830673217773,433.8619384765625,0.0045,2
2026-05-02 16:54:15.243,5640,-19.226802825927734,24.1165771484375,433.8440246582031,0.0051,2
2026-05-02 16:54:16.246,5641,-19.1799373626709,-27.75678825378418,433.8260498046875,0.0042,2
2026-05-02 16:54:17.249,5642,-19.141206741333008,-27.68866729736328,433.80810546875,0.0052,2
2026-05-02 16:54:18.259,5643,-19.094894409179688,24.38561248779297,433.7901306152344,0.0068,2
2026-05-02 16:54:19.258,5644,-19.047021865844727,-27.569225311279297,433.7720947265625,0.0053,2
2026-05-02 16:54:20.260,5645,-19.000295639038086,-27.509180068969727,433.7540588378906,0.0052,2
2026-05-02 16:54:21.265,5646,-18.9515380859375,24.664812088012695,433.7359924316406,0.0053,2
2026-05-02 16:54:22.266,5647,-18.903606414794922,24.757740020751953,433.7178955078125,0.0045,2
2026-05-02 16:54:23.276,5648,-18.856151580810547,-27.333200454711914,433.6997985839844,0.0066,2
2026-05-02 16:54:24.279,5649,-18.815837860107422,-27.26686668395996,433.68170166015625,0.006,2
2026-05-02 16:54:25.281,5650,-18.766759872436523,25.028724670410156,433.6635437011719,0.0053,2
2026-05-02 16:54:26.284,5651,-18.72171974182129,25.118192672729492,433.6453552246094,0.0047,2
2026-05-02 16:54:27.284,5652,-18.67955780029297,-27.08338165283203,433.62713623046875,0.0042,2
2026-05-02 16:54:28.285,5653,-18.642858505249023,25.285490036010742,433.6089172363281,0.0048,2
2026-05-02 16:54:29.289,5654,-18.606178283691406,25.36617660522461,433.5906677246094,0.0064,2
2026-05-02 16:54:30.289,5655,-18.56770896911621,25.44850730895996,433.5724182128906,0.0043,2
2026-05-02 16:54:31.287,5656,-18.52507781982422,-26.811939239501953,433.5541076660156,0.0023,2
2026-05-02 16:54:32.288,5657,-18.481304168701172,-26.74930763244629,433.5357666015625,0.002,2
2026-05-02 16:54:33.290,5658,-18.432968139648438,-26.691268920898438,433.5174255371094,0.0018,2
2026-05-02 16:54:34.291,5659,-18.387109756469727,25.80316162109375,433.49908447265625,0.0018,2
2026-05-02 16:54:35.293,5660,-18.337982177734375,-26.573598861694336,433.4806823730469,0.0027,2
2026-05-02 16:54:36.295,5661,-18.298662185668945,-26.506641387939453,433.4622802734375,0.0038,2
2026-05-02 16:54:37.300,5662,-18.250661849975586,26.068674087524414,433.4438781738281,0.0063,2
2026-05-02 16:54:38.304,5663,-18.211990356445312,26.15009117126465,433.4254150390625,0.0064,2
2026-05-02 16:54:39.303,5664,-18.174585342407227,-26.312061309814453,433.4069519042969,0.0037,2
2026-05-02 16:54:40.307,5665,-18.12811851501465,-26.25237274169922,433.388427734375,0.0037,2
2026-05-02 16:54:41.315,5666,-18.085723876953125,26.403745651245117,433.3699035644531,0.0067,2
2026-05-02 16:54:42.344,5667,-18.03605079650879,26.495601654052734,433.35137939453125,0.0232,2
2026-05-02 16:54:43.330,5668,-17.989591598510742,-26.07262420654297,433.33282470703125,0.0056,2
2026-05-02 16:54:44.337,5669,-17.942354202270508,26.673254013061523,433.314208984375,0.0046,2
2026-05-02 16:54:45.340,5670,-17.891395568847656,-25.95879554748535,433.2956237792969,0.0062,2
2026-05-02 16:54:46.342,5671,-17.847190856933594,26.851816177368164,433.2770080566406,0.0054,2
2026-05-02 16:54:47.346,5672,-17.79826545715332,26.94223976135254,433.2583312988281,0.0053,2
2026-05-02 16:54:48.350,5673,-17.749605178833008,-25.782787322998047,433.2396545410156,0.0049,2
2026-05-02 16:54:49.351,5674,-17.70055389404297,27.12251853942871,433.2209777832031,0.0038,2
2026-05-02 16:54:50.356,5675,-17.6549072265625,-25.6657772064209,433.2022399902344,0.0028,2
2026-05-02 16:54:51.359,5676,-17.615188598632812,27.28990364074707,433.1835021972656,0.0035,2
2026-05-02 16:54:52.360,5677,-17.574377059936523,-25.53472900390625,433.1647644042969,0.0046,2
2026-05-02 16:54:53.360,5678,-17.526691436767578,-25.476675033569336,433.1459655761719,0.0028,2
2026-05-02 16:54:54.366,5679,-17.474468231201172,-25.42319107055664,433.1271667480469,0.0055,2
2026-05-02 16:54:55.369,5680,-17.42824363708496,-25.363739013671875,433.10833740234375,0.0063,2
2026-05-02 16:54:56.371,5681,-17.378440856933594,-25.30790138244629,433.0895080566406,0.0025,2
2026-05-02 16:54:57.374,5682,-17.326200485229492,27.82166290283203,433.07061767578125,0.0032,2
2026-05-02 16:54:58.377,5683,-17.280372619628906,-25.194782257080078,433.0517578125,0.0045,2
2026-05-02 16:54:59.384,5684,-17.228864669799805,27.99882698059082,433.0328369140625,0.006,2
2026-05-02 16:55:00.383,5685,-17.179960250854492,28.087440490722656,433.013916015625,0.0039,2
2026-05-02 16:55:01.385,5686,-17.127912521362305,28.179061889648438,432.99493408203125,0.0053,2
2026-05-02 16:55:02.395,5687,-17.0773868560791,-24.97578239440918,432.9759826660156,0.0073,2
2026-05-02 16:55:03.394,5688,-17.02549171447754,-24.922264099121094,432.95697021484375,0.0041,2
2026-05-02 16:55:04.396,5689,-16.977954864501953,-24.864421844482422,432.9379577636719,0.0053,2
2026-05-02 16:55:05.401,5690,-16.937576293945312,-24.79945182800293,432.9189453125,0.0058,2
2026-05-02 16:55:06.404,5691,-16.88856315612793,-24.743152618408203,432.8998718261719,0.0048,2
2026-05-02 16:55:07.407,5692,-16.83632469177246,28.705263137817383,432.88079833984375,0.0046,2
2026-05-02 16:55:08.408,5693,-16.790027618408203,28.790184020996094,432.8617248535156,0.0044,2
2026-05-02 16:55:09.410,5694,-16.74454689025879,-24.571422576904297,432.84259033203125,0.0049,2
2026-05-02 16:55:10.411,5695,-16.706117630004883,28.950950622558594,432.82342529296875,0.0051,2
2026-05-02 16:55:11.412,5696,-16.657209396362305,29.038082122802734,432.8042907714844,0.0044,2
2026-05-02 16:55:12.418,5697,-16.611141204833984,29.12224578857422,432.7851257324219,0.0053,2
2026-05-02 16:55:13.423,5698,-16.568862915039062,-24.326581954956055,432.7658996582031,0.0049,2
2026-05-02 16:55:14.425,5699,-16.515602111816406,29.293563842773438,432.7466735839844,0.0057,2
2026-05-02 16:55:15.434,5700,-16.47052574157715,-24.21485710144043,432.72747802734375,0.0049,2
2026-05-02 16:55:16.445,5701,-16.417192459106445,29.467226028442383,432.70819091796875,0.0073,2
2026-05-02 16:55:17.444,5702,-16.37334632873535,29.548494338989258,432.68890380859375,0.0051,2
2026-05-02 16:55:18.447,5703,-16.33061981201172,29.62851333618164,432.66961669921875,0.0048,2
2026-05-02 16:55:19.446,5704,-16.29084587097168,29.705448150634766,432.6502685546875,0.0027,2
2026-05-02 16:55:20.453,5705,-16.2487735748291,-23.91204261779785,432.6309814453125,0.0041,2
2026-05-02 16:55:21.456,5706,-16.19633674621582,29.87388038635254,432.6116027832031,0.0056,2
2026-05-02 16:55:22.485,5707,-16.15615463256836,-23.79507064819336,432.59222412109375,0.0038,2
2026-05-02 16:55:23.487,5708,-16.104816436767578,-23.741668701171875,432.57281494140625,0.0042,2
2026-05-02 16:55:24.487,5709,-16.05132484436035,30.128786087036133,432.55340576171875,0.0022,2
2026-05-02 16:55:25.494,5710,-16.00344467163086,-23.633649826049805,432.5339660644531,0.0053,2
2026-05-02 16:55:26.493,5711,-15.960894584655762,30.291820526123047,432.5144958496094,0.0034,2
2026-05-02 16:55:27.497,5712,-15.920023918151855,-23.5078182220459,432.4950256347656,0.0031,2
2026-05-02 16:55:28.499,5713,-15.879335403442383,-23.44393539428711,432.47552490234375,0.005,2
2026-05-02 16:55:29.499,5714,-15.82752513885498,-23.391206741333008,432.4560241699219,0.0024,2
2026-05-02 16:55:30.502,5715,-15.778061866760254,-23.336164474487305,432.4364929199219,0.005,2
2026-05-02 16:55:31.510,5716,-15.736358642578125,30.69556999206543,432.41693115234375,0.0052,2
2026-05-02 16:55:32.515,5717,-15.696337699890137,30.77104377746582,432.3973693847656,0.0047,2
2026-05-02 16:55:33.518,5718,-15.642622947692871,-23.158287048339844,432.3777770996094,0.0052,2
2026-05-02 16:55:34.520,5719,-15.590827941894531,-23.105714797973633,432.358154296875,0.0048,2
2026-05-02 16:55:35.524,5720,-15.548131942749023,31.024822235107422,432.3385314941406,0.0043,2
2026-05-02 16:55:36.532,5721,-15.497504234313965,-22.99040412902832,432.31890869140625,0.0038,2
2026-05-02 16:55:37.556,5722,-15.443251609802246,-22.940391540527344,432.2992248535156,0.0057,2
2026-05-02 16:55:38.557,5723,-15.394474029541016,31.282888412475586,432.279541015625,0.0055,2
2026-05-02 16:55:39.562,5724,-15.353342056274414,-22.821874618530273,432.2598571777344,0.005,2
2026-05-02 16:55:40.560,5725,-15.310051918029785,-22.760997772216797,432.2401123046875,0.0019,2
2026-05-02 16:55:41.565,5726,-15.266518592834473,-22.70040512084961,432.2203674316406,0.0045,2
2026-05-02 16:55:42.566,5727,-15.21969985961914,-22.643131256103516,432.20062255859375,0.0023,2
2026-05-02 16:55:43.575,5728,-15.1702880859375,-22.588483810424805,432.18084716796875,0.0071,2
2026-05-02 16:55:44.585,5729,-15.120331764221191,31.762374877929688,432.16107177734375,0.0084,2
2026-05-02 16:55:45.586,5730,-15.075462341308594,31.841020584106445,432.1412353515625,0.0054,2
2026-05-02 16:55:46.586,5731,-15.031783103942871,-22.415019989013672,432.12139892578125,0.0044,2
2026-05-02 16:55:47.587,5732,-14.981892585754395,-22.36098861694336,432.1015625,0.0046,2
2026-05-02 16:55:48.593,5733,-14.92751407623291,-22.311485290527344,432.0816955566406,0.0055,2
2026-05-02 16:55:49.594,5734,-14.873468399047852,-22.26167869567871,432.0617980957031,0.0053,2
2026-05-02 16:55:50.597,5735,-14.795999526977539,32.320457458496094,432.0220031738281,0.0052,2
2026-05-02 16:55:51.599,5736,-14.755040168762207,32.39430618286133,432.0020446777344,0.0048,2
2026-05-02 16:55:52.598,5737,-14.712039947509766,-22.008052825927734,431.9820861816406,0.003,2
2026-05-02 16:55:53.601,5738,-14.667099952697754,-21.94931411743164,431.9621276855469,0.0043,2
2026-05-02 16:55:54.605,5739,-14.62352466583252,-21.889245986938477,431.942138671875,0.0053,2
2026-05-02 16:55:55.606,5740,-14.577378273010254,-21.831789016723633,431.922119140625,0.004,2
2026-05-02 16:55:56.605,5741,-14.524099349975586,-21.781494140625,431.902099609375,0.0027,2
2026-05-02 16:55:57.607,5742,-14.477337837219238,32.86668014526367,431.8820495605469,0.0039,2
2026-05-02 16:55:58.608,5743,-14.426247596740723,32.94977569580078,431.86199951171875,0.0044,2
2026-05-02 16:55:59.610,5744,-14.384164810180664,-21.610923767089844,431.8419189453125,0.0038,2
2026-05-02 16:56:00.613,5745,-14.331490516662598,33.10816955566406,431.8218078613281,0.0054,2
2026-05-02 16:56:01.616,5746,-14.286648750305176,33.18464279174805,431.8017272949219,0.0056,2
2026-05-02 16:56:02.619,5747,-14.23731517791748,33.26548385620117,431.7815856933594,0.0062,2
2026-05-02 16:56:03.621,5748,-14.187788009643555,-21.393781661987305,431.7614440917969,0.0056,2
2026-05-02 16:56:04.626,5749,-14.136013984680176,-21.342262268066406,431.74127197265625,0.0054,2
2026-05-02 16:56:05.627,5750,-14.088522911071777,-21.286495208740234,431.7210998535156,0.0045,2
2026-05-02 16:56:06.627,5751,-14.042908668518066,33.584678649902344,431.7008972167969,0.0034,2
2026-05-02 16:56:07.631,5752,-13.99035358428955,-21.17825698852539,431.6806945800781,0.0062,2
2026-05-02 16:56:08.631,5753,-13.93480110168457,-21.13065528869629,431.66046142578125,0.0048,2
2026-05-02 16:56:09.652,5754,-13.879278182983398,33.840606689453125,431.6402282714844,0.0052,2
2026-05-02 16:56:10.653,5755,-13.835020065307617,33.91538619995117,431.6199645996094,0.0039,2
2026-05-02 16:56:11.655,5756,-13.787826538085938,33.99297332763672,431.5997009277344,0.0035,2
2026-05-02 16:56:12.657,5757,-13.74587631225586,-20.90732192993164,431.5793762207031,0.0035,2
2026-05-02 16:56:13.665,5758,-13.701262474060059,-20.84895896911621,431.55908203125,0.0069,2
2026-05-02 16:56:14.662,5759,-13.649333000183105,-20.797948837280273,431.53875732421875,0.0033,2
2026-05-02 16:56:15.675,5760,-13.597306251525879,-20.7470703125,431.5184020996094,0.007,2
2026-05-02 16:56:16.676,5761,-13.545087814331055,-20.69641876220703,431.4980773925781,0.0048,2
2026-05-02 16:56:17.678,5762,-13.489290237426758,34.47133255004883,431.4776916503906,0.0029,2
2026-05-02 16:56:18.682,5763,-13.444856643676758,-20.591012954711914,431.457275390625,0.0042,2
2026-05-02 16:56:19.685,5764,-13.396585464477539,-20.53652000427246,431.4368896484375,0.0047,2
2026-05-02 16:56:20.690,5765,-13.351550102233887,34.69734191894531,431.4164733886719,0.0042,2
2026-05-02 16:56:21.696,5766,-13.295531272888184,-20.432147979736328,431.3960266113281,0.0047,2
2026-05-02 16:56:22.706,5767,-13.239083290100098,-20.385934829711914,431.3755798339844,0.005,2
2026-05-02 16:56:23.709,5768,-13.182769775390625,-20.339622497558594,431.3551330566406,0.0055,2
2026-05-02 16:56:24.710,5769,-13.137649536132812,-20.282154083251953,431.3346252441406,0.0055,2
2026-05-02 16:56:25.714,5770,-13.08686351776123,35.10673904418945,431.3141174316406,0.0057,2
2026-05-02 16:56:26.716,5771,-13.038022994995117,-20.176706314086914,431.29364013671875,0.0044,2
2026-05-02 16:56:27.721,5772,-12.989925384521484,35.260719299316406,431.2731018066406,0.0049,2
2026-05-02 16:56:28.723,5773,-12.940694808959961,-20.06910514831543,431.2525329589844,0.0056,2
2026-05-02 16:56:29.723,5774,-12.887845039367676,35.419368743896484,431.23199462890625,0.003,2
2026-05-02 16:56:30.728,5775,-12.836703300476074,-19.968305587768555,431.2113952636719,0.0015,2
2026-05-02 16:56:31.731,5776,-12.789478302001953,-19.913185119628906,431.1908264160156,0.0038,2
2026-05-02 16:56:32.732,5777,-12.744749069213867,-19.855609893798828,431.17022705078125,0.0031,2
2026-05-02 16:56:33.733,5778,-12.687591552734375,35.73133850097656,431.14959716796875,0.003,2
2026-05-02 16:56:34.736,5779,-12.635095596313477,35.811466217041016,431.12896728515625,0.0017,2
2026-05-02 16:56:35.740,5780,-12.580601692199707,-19.713043212890625,431.1083068847656,0.0022,2
2026-05-02 16:56:36.741,5781,-12.531489372253418,35.96998596191406,431.087646484375,0.0016,2
2026-05-02 16:56:37.742,5782,-12.483993530273438,-19.60535430908203,431.06695556640625,0.0021,2
2026-05-02 16:56:38.743,5783,-12.428814888000488,-19.558435440063477,431.0462951660156,0.0025,2
2026-05-02 16:56:39.743,5784,-12.37935733795166,-19.505834579467773,431.0256042480469,0.0019,2
2026-05-02 16:56:40.745,5785,-12.333256721496582,-19.449905395507812,431.0048828125,0.0024,2
2026-05-02 16:56:41.749,5786,-12.284749984741211,36.351951599121094,430.984130859375,0.0024,2
2026-05-02 16:56:42.751,5787,-12.235860824584961,36.42754364013672,430.96337890625,0.0023,2
2026-05-02 16:56:43.753,5788,-12.18150520324707,36.50847625732422,430.942626953125,0.0035,2
2026-05-02 16:56:44.755,5789,-12.137457847595215,-19.237953186035156,430.9218444824219,0.002,2
2026-05-02 16:56:45.758,5790,-12.090855598449707,-19.182706832885742,430.90106201171875,0.0019,2
2026-05-02 16:56:46.761,5791,-12.033992767333984,-19.137754440307617,430.8802490234375,0.0043,2
2026-05-02 16:56:47.761,5792,-11.982169151306152,-19.08779525756836,430.85943603515625,0.0023,2
2026-05-02 16:56:48.764,5793,-11.9276704788208,36.89347457885742,430.8385925292969,0.0033,2
2026-05-02 16:56:49.768,5794,-11.872649192810059,36.97438430786133,430.8177490234375,0.0057,2
2026-05-02 16:56:50.769,5795,-11.82215404510498,37.0506477355957,430.7969055175781,0.0051,2
2026-05-02 16:56:51.768,5796,-11.777844429016113,37.1206169128418,430.7760314941406,0.0029,2
2026-05-02 16:56:52.771,5797,-11.73309326171875,-18.82850456237793,430.755126953125,0.0039,2
2026-05-02 16:56:53.772,5798,-11.675349235534668,37.274085998535156,430.7342529296875,0.0036,2
2026-05-02 16:56:54.775,5799,-11.630393028259277,-18.728099822998047,430.7133483886719,0.0053,2
2026-05-02 16:56:55.777,5800,-11.581336975097656,37.418617248535156,430.6924133300781,0.0049,2
2026-05-02 16:56:56.779,5801,-11.537017822265625,-18.618511199951172,430.6714782714844,0.0055,2
2026-05-02 16:56:57.781,5802,-11.485929489135742,37.5640869140625,430.6505126953125,0.005,2
2026-05-02 16:56:58.788,5803,-11.435851097106934,-18.516857147216797,430.62957763671875,0.0062,2
2026-05-02 16:56:59.793,5804,-11.385449409484863,-18.46590232849121,430.6085510253906,0.0059,2
2026-05-02 16:57:00.795,5805,-11.337244033813477,-18.41278648376465,430.58758544921875,0.0053,2
2026-05-02 16:57:01.792,5806,-11.288509368896484,37.86027145385742,430.5665588378906,0.0019,2
2026-05-02 16:57:02.797,5807,-11.241412162780762,-18.30607032775879,430.5455627441406,0.0057,2
2026-05-02 16:57:03.800,5808,-11.197488784790039,-18.248781204223633,430.5245361328125,0.0051,2
2026-05-02 16:57:04.802,5809,-11.153478622436523,38.068199157714844,430.5035095214844,0.005,2
2026-05-02 16:57:05.806,5810,-11.097880363464355,38.14787292480469,430.4824523925781,0.0048,2
2026-05-02 16:57:06.812,5811,-11.043832778930664,-18.098989486694336,430.46136474609375,0.0058,2
2026-05-02 16:57:07.812,5812,-10.985358238220215,-18.0563907623291,430.4402770996094,0.0049,2
2026-05-02 16:57:08.814,5813,-10.931540489196777,-18.00916290283203,430.419189453125,0.0057,2
2026-05-02 16:57:09.816,5814,-10.875675201416016,38.46526336669922,430.3981018066406,0.0065,2
2026-05-02 16:57:10.817,5815,-10.827006340026855,-17.91171646118164,430.3769836425781,0.0054,2
2026-05-02 16:57:11.835,5816,-10.777270317077637,38.610595703125,430.3558349609375,0.0049,2
2026-05-02 16:57:12.838,5817,-10.72905158996582,-17.80782699584961,430.334716796875,0.0052,2
2026-05-02 16:57:13.849,5818,-10.679965019226074,-17.75604820251465,430.3135681152344,0.0073,2
2026-05-02 16:57:14.848,5819,-10.623208999633789,-17.71196937561035,430.29241943359375,0.004,2
2026-05-02 16:57:15.849,5820,-10.57515811920166,38.90524673461914,430.2712097167969,0.0041,2
2026-05-02 16:57:16.853,5821,-10.518715858459473,-17.614898681640625,430.2500305175781,0.0056,2
2026-05-02 16:57:17.861,5822,-10.469893455505371,-17.56298828125,430.2288513183594,0.0052,2
2026-05-02 16:57:18.864,5823,-10.423510551452637,-17.50868034362793,430.2076110839844,0.0057,2
2026-05-02 16:57:19.879,5824,-10.377153396606445,39.194026947021484,430.1864013671875,0.0056,2
2026-05-02 16:57:20.877,5825,-10.329041481018066,39.264564514160156,430.1651916503906,0.0035,2
2026-05-02 16:57:21.881,5826,-10.281329154968262,39.334590911865234,430.1439514160156,0.0061,2
2026-05-02 16:57:22.881,5827,-10.228667259216309,39.40945816040039,430.1226806640625,0.0049,2
2026-05-02 16:57:23.882,5828,-10.179062843322754,-17.25016975402832,430.1014099121094,0.004,2
2026-05-02 16:57:24.886,5829,-10.130041122436523,39.55217361450195,430.08013916015625,0.007,2
2026-05-02 16:57:25.889,5830,-10.080709457397461,39.623390197753906,430.058837890625,0.0054,2
2026-05-02 16:57:26.899,5831,-10.024920463562012,39.70095443725586,430.0375671386719,0.0046,2
2026-05-02 16:57:27.901,5832,-9.968008041381836,39.7795295715332,430.0162353515625,0.0045,2
2026-05-02 16:57:28.903,5833,-9.921049118041992,39.848052978515625,429.9949035644531,0.0045,2
2026-05-02 16:57:29.905,5834,-9.875344276428223,-16.951486587524414,429.9736022949219,0.004,2
2026-05-02 16:57:30.907,5835,-9.819221496582031,39.99268341064453,429.9522399902344,0.0051,2
2026-05-02 16:57:31.909,5836,-9.76708984375,40.0660514831543,429.930908203125,0.0051,2
2026-05-02 16:57:32.915,5837,-9.714699745178223,-16.811399459838867,429.9095458984375,0.0049,2
2026-05-02 16:57:33.917,5838,-9.661027908325195,-16.7648983001709,429.8881530761719,0.0028,2
2026-05-02 16:57:34.921,5839,-9.6066255569458,-16.719154357910156,429.8667907714844,0.0051,2
2026-05-02 16:57:35.930,5840,-9.556334495544434,-16.669342041015625,429.8453674316406,0.0056,2
2026-05-02 16:57:36.969,5841,-9.50268840789795,40.4350700378418,429.823974609375,0.0024,2
2026-05-02 16:57:37.975,5842,-9.443267822265625,40.51509475708008,429.80255126953125,0.0052,2
2026-05-02 16:57:38.973,5843,-9.386421203613281,-16.539140701293945,429.7811279296875,0.003,2
2026-05-02 16:57:40.005,5844,-9.338191032409668,-16.48740005493164,429.7596740722656,0.0081,2
2026-05-02 16:57:41.004,5845,-9.285984992980957,-16.43967056274414,429.7382507324219,0.0048,2
2026-05-02 16:57:42.005,5846,-9.23914623260498,40.80059051513672,429.7167663574219,0.0048,2
2026-05-02 16:57:43.004,5847,-9.186724662780762,-16.339162826538086,429.6953125,0.0022,2
2026-05-02 16:57:44.010,5848,-9.138664245605469,40.941139221191406,429.6738586425781,0.0063,2
2026-05-02 16:57:45.017,5849,-9.08788013458252,-16.238378524780273,429.6523742675781,0.0058,2
2026-05-02 16:57:46.022,5850,-9.030848503112793,41.08859634399414,429.6308898925781,0.0053,2
2026-05-02 16:57:47.026,5851,-8.980489730834961,41.15862274169922,429.609375,0.005,2
2026-05-02 16:57:48.025,5852,-8.922669410705566,-16.10439682006836,429.58782958984375,0.0036,2
2026-05-02 16:57:49.033,5853,-8.86624813079834,41.3118896484375,429.56634521484375,0.0034,2
2026-05-02 16:57:50.043,5854,-8.814266204833984,41.38323211669922,429.5447998046875,0.0071,2
2026-05-02 16:57:51.040,5855,-8.759108543395996,-15.969075202941895,429.52325439453125,0.0034,2
2026-05-02 16:57:52.041,5856,-8.699466705322266,-15.929158210754395,429.501708984375,0.0028,2
2026-05-02 16:57:53.043,5857,-8.643174171447754,41.611785888671875,429.48016357421875,0.0033,2
2026-05-02 16:57:54.043,5858,-8.585697174072266,41.688209533691406,429.4585876464844,0.0019,2
2026-05-02 16:57:55.044,5859,-8.526195526123047,-15.80395221710205,429.43701171875,0.0022,2
2026-05-02 16:57:56.050,5860,-8.473705291748047,-15.757020950317383,429.4154357910156,0.0048,2
2026-05-02 16:57:57.056,5861,-8.420751571655273,41.909393310546875,429.3938293457031,0.0039,2
2026-05-02 16:57:58.062,5862,-8.365344047546387,41.983341217041016,429.3722229003906,0.0072,2
2026-05-02 16:57:59.061,5863,-8.317161560058594,42.049964904785156,429.3506164550781,0.0027,2
2026-05-02 16:58:00.065,5864,-8.257720947265625,42.12774658203125,429.3290100097656,0.0052,2
2026-05-02 16:58:01.065,5865,-8.199043273925781,-15.535064697265625,429.307373046875,0.0045,2
2026-05-02 16:58:02.067,5866,-8.139976501464844,42.2818717956543,429.28570556640625,0.0048,2
2026-05-02 16:58:03.078,5867,-8.093790054321289,42.34609603881836,429.26409912109375,0.0055,2
2026-05-02 16:58:04.078,5868,-8.037254333496094,-15.399293899536133,429.242431640625,0.002,2
2026-05-02 16:58:05.083,5869,-7.989323616027832,-15.348102569580078,429.2207946777344,0.0044,2
2026-05-02 16:58:06.088,5870,-7.940524101257324,42.552886962890625,429.1990966796875,0.0048,2
2026-05-02 16:58:07.088,5871,-7.890562534332275,-15.248719215393066,429.17742919921875,0.0043,2
2026-05-02 16:58:08.087,5872,-7.837525367736816,-15.202739715576172,429.15576171875,0.0015,2
2026-05-02 16:58:09.091,5873,-7.7860188484191895,-15.155261039733887,429.134033203125,0.0038,2
2026-05-02 16:58:10.095,5874,-7.736850738525391,42.82651901245117,429.1123352050781,0.0064,2
2026-05-02 16:58:11.095,5875,-7.678413391113281,42.90220642089844,429.09063720703125,0.0062,2
2026-05-02 16:58:12.095,5876,-7.629260063171387,42.968505859375,429.06890869140625,0.0038,2
2026-05-02 16:58:13.096,5877,-7.574394702911377,43.0404167175293,429.04718017578125,0.0044,2
2026-05-02 16:58:14.101,5878,-7.517136096954346,-14.929707527160645,429.0254821777344,0.0046,2
2026-05-02 16:58:15.107,5879,-7.4580559730529785,-14.890003204345703,429.00372314453125,0.0051,2
2026-05-02 16:58:16.110,5880,-7.411006927490234,43.25436019897461,428.9819641113281,0.0065,2
2026-05-02 16:58:17.111,5881,-7.361769676208496,43.320255279541016,428.960205078125,0.0058,2
2026-05-02 16:58:18.114,5882,-7.310035705566406,43.388545989990234,428.9384765625,0.005,2
2026-05-02 16:58:19.115,5883,-7.255916118621826,43.459129333496094,428.91668701171875,0.004,2
2026-05-02 16:58:20.120,5884,-7.208953380584717,43.522457122802734,428.8948974609375,0.0065,2
2026-05-02 16:58:21.120,5885,-7.15404748916626,43.593631744384766,428.8731384277344,0.0047,2
2026-05-02 16:58:22.128,5886,-7.09814977645874,-14.559330940246582,428.8513488769531,0.0066,2
2026-05-02 16:58:23.128,5887,-7.044600486755371,43.735328674316406,428.82952880859375,0.0052,2
2026-05-02 16:58:24.126,5888,-6.996852397918701,-14.463617324829102,428.8077392578125,0.0027,2
2026-05-02 16:58:25.128,5889,-6.936614513397217,43.875179290771484,428.78594970703125,0.002,2
2026-05-02 16:58:26.527,5890,-36.004234313964844,14.839035034179688,428.7422790527344,0.0072,0
2026-05-02 16:58:27.528,5891,-35.962860107421875,14.896012306213379,428.720458984375,0.0057,0
2026-05-02 16:58:28.530,5892,-35.92144775390625,14.952924728393555,428.6986389160156,0.0062,0
2026-05-02 16:58:29.539,5893,-35.8800048828125,15.00977611541748,428.6767883300781,0.0079,0
2026-05-02 16:58:30.544,5894,-35.838531494140625,15.066560745239258,428.6549377441406,0.0068,0
2026-05-02 16:58:31.545,5895,-35.79702377319336,15.123283386230469,428.6330871582031,0.0045,0
2026-05-02 16:58:32.547,5896,-35.755489349365234,15.17994213104248,428.6112060546875,0.0046,0
2026-05-02 16:58:33.551,5897,-35.713924407958984,15.236536979675293,428.5893859863281,0.0068,0
2026-05-02 16:58:34.560,5898,-35.67232894897461,15.293068885803223,428.5675048828125,0.0078,0
2026-05-02 16:58:35.569,5899,-35.630699157714844,15.349536895751953,428.5456237792969,0.0056,0
2026-05-02 16:58:36.571,5900,-35.58904266357422,15.405943870544434,428.5237121582031,0.0048,0
2026-05-02 16:58:37.581,5901,-35.54735565185547,15.462285995483398,428.5018310546875,0.0048,0
2026-05-02 16:58:38.589,5902,-35.50563430786133,15.518567085266113,428.4799499511719,0.0066,0
2026-05-02 16:58:39.590,5903,-35.46388626098633,15.574784278869629,428.4580383300781,0.0054,0
2026-05-02 16:58:40.592,5904,-35.4221076965332,15.630939483642578,428.4361267089844,0.004,0
2026-05-02 16:58:41.595,5905,-35.38029861450195,15.687031745910645,428.4142150878906,0.0048,0
2026-05-02 16:58:42.600,5906,-35.33845901489258,15.743062019348145,428.3923034667969,0.0099,0
2026-05-02 16:58:43.599,5907,-35.29658889770508,15.799030303955078,428.370361328125,0.0045,0
2026-05-02 16:58:44.603,5908,-35.25469207763672,15.854935646057129,428.3484802246094,0.006,0
2026-05-02 16:58:45.604,5909,-35.21276092529297,15.910778999328613,428.3265380859375,0.0048,0
2026-05-02 16:58:46.610,5910,-35.17080307006836,15.966561317443848,428.3045959472656,0.0074,0
2026-05-02 16:58:47.617,5911,-35.128814697265625,16.022281646728516,428.28265380859375,0.0072,0
2026-05-02 16:58:48.619,5912,-35.086795806884766,16.077939987182617,428.26068115234375,0.0071,0
2026-05-02 16:58:49.668,5913,-35.04474639892578,16.13353729248047,428.2387390136719,0.0083,0
2026-05-02 16:58:50.665,5914,-35.00267028808594,16.18907356262207,428.2167663574219,0.0029,0
2026-05-02 16:58:51.671,5915,-34.96056365966797,16.244548797607422,428.1948547363281,0.0057,0
2026-05-02 16:58:52.679,5916,-34.918426513671875,16.299959182739258,428.1728820800781,0.0047,0
2026-05-02 16:58:53.688,5917,-34.876258850097656,16.35531234741211,428.1509094238281,0.0056,0
2026-05-02 16:58:54.689,5918,-34.834068298339844,16.41060447692871,428.12890625,0.0046,0
2026-05-02 16:58:55.693,5919,-34.79184341430664,16.46583366394043,428.10693359375,0.006,0
2026-05-02 16:58:56.696,5920,-34.74959182739258,16.52100372314453,428.0849609375,0.0064,0
2026-05-02 16:58:57.696,5921,-34.70730972290039,16.576112747192383,428.0629577636719,0.0024,0
2026-05-02 16:58:58.699,5922,-34.665000915527344,16.631162643432617,428.04095458984375,0.0022,0
2026-05-02 16:58:59.706,5923,-34.622657775878906,16.68614959716797,428.0190124511719,0.007,0
2026-05-02 16:59:00.711,5924,-34.580291748046875,16.741079330444336,427.99700927734375,0.0052,0
2026-05-02 16:59:01.716,5925,-34.53789138793945,16.79594612121582,427.9749755859375,0.0058,0
2026-05-02 16:59:02.721,5926,-34.49546813964844,16.850753784179688,427.9529724121094,0.0062,0
2026-05-02 16:59:03.723,5927,-34.4530143737793,16.905502319335938,427.93096923828125,0.0058,0
2026-05-02 16:59:04.730,5928,-34.4105339050293,16.96019172668457,427.908935546875,0.0032,0
2026-05-02 16:59:05.748,5929,-34.36802291870117,17.01481819152832,427.8869323730469,0.0019,0
2026-05-02 16:59:06.759,5930,-34.32548522949219,17.06938934326172,427.8648986816406,0.0118,0
2026-05-02 16:59:07.758,5931,-34.28291702270508,17.123897552490234,427.8428649902344,0.0067,0
2026-05-02 16:59:08.758,5932,-34.24032211303711,17.178346633911133,427.8208312988281,0.004,0
2026-05-02 16:59:09.766,5933,-34.197696685791016,17.23274040222168,427.7987976074219,0.0092,0
2026-05-02 16:59:10.764,5934,-34.15504837036133,17.287073135375977,427.77679443359375,0.0034,0
2026-05-02 16:59:11.766,5935,-34.112369537353516,17.341344833374023,427.7547607421875,0.0042,0
2026-05-02 16:59:12.772,5936,-34.06966018676758,17.395559310913086,427.73272705078125,0.0069,0
2026-05-02 16:59:13.780,5937,-34.02692794799805,17.44971466064453,427.7106628417969,0.0058,0
2026-05-02 16:59:14.782,5938,-33.984161376953125,17.50381088256836,427.6886291503906,0.0053,0
2026-05-02 16:59:15.787,5939,-33.941375732421875,17.557849884033203,427.66656494140625,0.0051,0
2026-05-02 16:59:16.789,5940,-33.898555755615234,17.61182975769043,427.64453125,0.0028,0
2026-05-02 16:59:17.791,5941,-33.855709075927734,17.665752410888672,427.6224670410156,0.0015,0
2026-05-02 16:59:18.794,5942,-33.81283950805664,17.719614028930664,427.60040283203125,0.0024,0
2026-05-02 16:59:19.798,5943,-33.769935607910156,17.773420333862305,427.5783386230469,0.0026,0
2026-05-02 16:59:20.804,5944,-33.72700881958008,17.827167510986328,427.5562744140625,0.0067,0
2026-05-02 16:59:21.802,5945,-33.684059143066406,17.880857467651367,427.5342102050781,0.002,0
2026-05-02 16:59:22.813,5946,-33.641075134277344,17.934490203857422,427.51214599609375,0.0035,0
2026-05-02 16:59:23.813,5947,-33.59806442260742,17.98806381225586,427.49005126953125,0.0024,0
2026-05-02 16:59:24.822,5948,-33.555030822753906,18.041580200195312,427.4679870605469,0.0059,0
2026-05-02 16:59:25.823,5949,-33.511966705322266,18.095041275024414,427.4459228515625,0.0048,0
2026-05-02 16:59:26.827,5950,-33.46887969970703,18.14844512939453,427.4238586425781,0.006,0
2026-05-02 16:59:27.832,5951,-33.42576599121094,18.20178985595703,427.40179443359375,0.0068,0
2026-05-02 16:59:28.836,5952,-33.38262176513672,18.255077362060547,427.37969970703125,0.006,0
2026-05-02 16:59:29.842,5953,-33.33945083618164,18.308307647705078,427.3576354980469,0.0048,0
2026-05-02 16:59:30.844,5954,-33.2962532043457,18.361482620239258,427.3355407714844,0.0058,0
2026-05-02 16:59:31.855,5955,-33.25303268432617,18.414602279663086,427.3134460449219,0.0075,0
2026-05-02 16:59:32.864,5956,-33.209781646728516,18.467662811279297,427.2913818359375,0.0082,0
2026-05-02 16:59:33.865,5957,-33.166507720947266,18.520668029785156,427.269287109375,0.0053,0
2026-05-02 16:59:34.869,5958,-33.123207092285156,18.57361602783203,427.2471923828125,0.008,0
2026-05-02 16:59:35.870,5959,-33.07987594604492,18.626510620117188,427.22509765625,0.0071,0
2026-05-02 16:59:36.873,5960,-33.03652572631836,18.679346084594727,427.2030029296875,0.0064,0
2026-05-02 16:59:37.880,5961,-32.99314498901367,18.732126235961914,427.180908203125,0.0048,0
2026-05-02 16:59:38.881,5962,-32.949737548828125,18.78485107421875,427.1588134765625,0.0042,0
2026-05-02 16:59:39.885,5963,-32.90630340576172,18.837520599365234,427.13671875,0.0065,0
2026-05-02 16:59:40.890,5964,-32.86284637451172,18.890132904052734,427.1146240234375,0.0059,0
2026-05-02 16:59:41.897,5965,-32.81936264038086,18.942689895629883,427.092529296875,0.007,0
2026-05-02 16:59:42.898,5966,-32.775856018066406,18.995193481445312,427.0704345703125,0.0066,0
2026-05-02 16:59:43.910,5967,-32.73231887817383,19.047637939453125,427.04833984375,0.0144,0
2026-05-02 16:59:44.909,5968,-32.688758850097656,19.10003089904785,427.0262451171875,0.0057,0
2026-05-02 16:59:45.912,5969,-32.645172119140625,19.152368545532227,427.0041198730469,0.0062,0
2026-05-02 16:59:46.915,5970,-32.601558685302734,19.204648971557617,426.9820251464844,0.0065,0
2026-05-02 16:59:47.919,5971,-32.55792236328125,19.25687599182129,426.9599304199219,0.0061,0
2026-05-02 16:59:48.923,5972,-32.514259338378906,19.309049606323242,426.9378356933594,0.0068,0
2026-05-02 16:59:49.932,5973,-32.47057342529297,19.36116600036621,426.9157409667969,0.0058,0
2026-05-02 16:59:50.936,5974,-32.42686080932617,19.41322898864746,426.89361572265625,0.0074,0
2026-05-02 16:59:51.936,5975,-32.38311767578125,19.465238571166992,426.87152099609375,0.0041,0
2026-05-02 16:59:52.941,5976,-32.339359283447266,19.517192840576172,426.84942626953125,0.0073,0
2026-05-02 16:59:53.944,5977,-32.295570373535156,19.569093704223633,426.82733154296875,0.0066,0
2026-05-02 16:59:54.946,5978,-32.25175476074219,19.620939254760742,426.8052062988281,0.006,0
2026-05-02 16:59:55.946,5979,-32.207916259765625,19.672731399536133,426.7831115722656,0.0044,0
2026-05-02 16:59:56.953,5980,-32.16405487060547,19.724470138549805,426.7610168457031,0.0048,0
2026-05-02 16:59:57.957,5981,-32.12016677856445,19.776155471801758,426.73895263671875,0.0057,0
2026-05-02 16:59:58.962,5982,-32.07625198364258,19.82778549194336,426.71685791015625,0.0051,0
2026-05-02 16:59:59.968,5983,-32.032318115234375,19.879362106323242,426.6947326660156,0.0043,0
2026-05-02 17:00:00.974,5984,-31.988353729248047,19.93088722229004,426.6726379394531,0.0073,0
2026-05-02 17:00:01.970,5985,-31.944368362426758,19.982358932495117,426.6505432128906,0.0026,0
2026-05-02 17:00:02.972,5986,-31.900358200073242,20.033777236938477,426.6284484863281,0.0031,0
2026-05-02 17:00:03.983,5987,-31.8563232421875,20.085140228271484,426.6063537597656,0.0073,0
2026-05-02 17:00:04.984,5988,-31.8122615814209,20.13645362854004,426.5842590332031,0.0057,0
2026-05-02 17:00:05.983,5989,-31.768178939819336,20.187713623046875,426.5621643066406,0.0023,0
2026-05-02 17:00:06.988,5990,-31.724069595336914,20.238920211791992,426.5400695800781,0.0065,0
2026-05-02 17:00:07.991,5991,-31.679941177368164,20.290071487426758,426.5179748535156,0.0068,0
2026-05-02 17:00:08.996,5992,-31.635784149169922,20.341175079345703,426.4958801269531,0.0061,0
2026-05-02 17:00:09.998,5993,-31.591602325439453,20.392223358154297,426.4737854003906,0.0074,0
2026-05-02 17:00:11.007,5994,-31.547401428222656,20.443220138549805,426.4516906738281,0.0076,0
2026-05-02 17:00:12.010,5995,-31.458919525146484,20.54505729675293,426.40753173828125,0.0065,0
2026-05-02 17:00:13.011,5996,-31.41464614868164,20.595897674560547,426.38543701171875,0.0046,0
2026-05-02 17:00:14.017,5997,-31.370344161987305,20.646686553955078,426.36334228515625,0.006,0
2026-05-02 17:00:15.018,5998,-31.32602310180664,20.697425842285156,426.3412780761719,0.0053,0
2026-05-02 17:00:16.021,5999,-31.281679153442383,20.748109817504883,426.3191833496094,0.0065,0
2026-05-02 17:00:17.024,6000,-31.2373104095459,20.798744201660156,426.297119140625,0.0077,0
2026-05-02 17:00:18.026,6001,-31.192916870117188,20.849327087402344,426.2750244140625,0.0076,0
2026-05-02 17:00:19.026,6002,-31.148500442504883,20.899858474731445,426.2529602050781,0.0063,0
2026-05-02 17:00:20.030,6003,-31.10405921936035,20.95033836364746,426.23089599609375,0.0068,0
2026-05-02 17:00:21.034,6004,-31.059595108032227,21.000768661499023,426.2088317871094,0.0071,0
2026-05-02 17:00:22.036,6005,-31.01511001586914,21.0511474609375,426.1867370605469,0.0066,0
2026-05-02 17:00:23.040,6006,-30.97060203552246,21.10147476196289,426.1646728515625,0.0064,0
2026-05-02 17:00:24.040,6007,-30.926069259643555,21.151752471923828,426.14263916015625,0.0036,0
2026-05-02 17:00:25.044,6008,-30.881515502929688,21.20197868347168,426.12060546875,0.0049,0
2026-05-02 17:00:26.048,6009,-30.836938858032227,21.252153396606445,426.0985412597656,0.0062,0
2026-05-02 17:00:27.055,6010,-30.79233741760254,21.302278518676758,426.07647705078125,0.0061,0
2026-05-02 17:00:28.061,6011,-30.747711181640625,21.352354049682617,426.0544128417969,0.0087,0
2026-05-02 17:00:29.065,6012,-30.703065872192383,21.40237808227539,426.0323791503906,0.0039,0
2026-05-02 17:00:30.069,6013,-30.658397674560547,21.452356338500977,426.01031494140625,0.0057,0
2026-05-02 17:00:31.073,6014,-30.61370277404785,21.502281188964844,425.98828125,0.0086,0
2026-05-02 17:00:32.073,6015,-30.568988800048828,21.552154541015625,425.96624755859375,0.0061,0
2026-05-02 17:00:33.079,6016,-30.52425193786621,21.601980209350586,425.9442138671875,0.0065,0
2026-05-02 17:00:34.082,6017,-30.479494094848633,21.651758193969727,425.9221496582031,0.0065,0
2026-05-02 17:00:35.082,6018,-30.434711456298828,21.70148277282715,425.9001159667969,0.0047,0
2026-05-02 17:00:36.085,6019,-30.389909744262695,21.751161575317383,425.87811279296875,0.0061,0
2026-05-02 17:00:37.092,6020,-30.345083236694336,21.80078887939453,425.8560791015625,0.0068,0
2026-05-02 17:00:38.093,6021,-30.300235748291016,21.85036849975586,425.8340759277344,0.006,0
2026-05-02 17:00:39.095,6022,-30.2553653717041,21.8998966217041,425.81207275390625,0.0046,0
2026-05-02 17:00:40.097,6023,-30.21047019958496,21.949378967285156,425.7900390625,0.0036,0
2026-05-02 17:00:41.100,6024,-30.165557861328125,21.998809814453125,425.7680358886719,0.0039,0
2026-05-02 17:00:42.105,6025,-30.12061882019043,22.048192977905273,425.74603271484375,0.0046,0
2026-05-02 17:00:43.107,6026,-30.07566261291504,22.0975284576416,425.7240295410156,0.0057,0
2026-05-02 17:00:44.110,6027,-30.030681610107422,22.146814346313477,425.7020263671875,0.0045,0
2026-05-02 17:00:45.114,6028,-29.98567771911621,22.19605255126953,425.6800231933594,0.0037,0
2026-05-02 17:00:46.118,6029,-29.940656661987305,22.245241165161133,425.65802001953125,0.0053,0
2026-05-02 17:00:47.121,6030,-29.89560890197754,22.294382095336914,425.63604736328125,0.0046,0
2026-05-02 17:00:48.126,6031,-29.850542068481445,22.343477249145508,425.61407470703125,0.0071,0
2026-05-02 17:00:49.128,6032,-29.805452346801758,22.392520904541016,425.59210205078125,0.0058,0
2026-05-02 17:00:50.131,6033,-29.760343551635742,22.441518783569336,425.57012939453125,0.0066,0
2026-05-02 17:00:51.134,6034,-29.715211868286133,22.490467071533203,425.54815673828125,0.0074,0
2026-05-02 17:00:52.136,6035,-29.670059204101562,22.539369583129883,425.52618408203125,0.0063,0
2026-05-02 17:00:53.134,6036,-29.6248836517334,22.588224411010742,425.50421142578125,0.0033,0
2026-05-02 17:00:54.138,6037,-29.579687118530273,22.63703155517578,425.4822692871094,0.0049,0
2026-05-02 17:00:55.140,6038,-29.53447151184082,22.685792922973633,425.4603271484375,0.0046,0
2026-05-02 17:00:56.144,6039,-29.489234924316406,22.7345027923584,425.4383850097656,0.0065,0
2026-05-02 17:00:57.146,6040,-29.4439754486084,22.78316879272461,425.41644287109375,0.0044,0
2026-05-02 17:00:58.150,6041,-29.39869499206543,22.831787109375,425.3945007324219,0.0057,0
2026-05-02 17:00:59.157,6042,-29.3533935546875,22.88035774230957,425.37255859375,0.0044,0
2026-05-02 17:01:00.162,6043,-29.30807113647461,22.928884506225586,425.35064697265625,0.0043,0
2026-05-02 17:01:01.170,6044,-29.26272964477539,22.97736167907715,425.3287048339844,0.0045,0
2026-05-02 17:01:02.176,6045,-29.21736717224121,23.025793075561523,425.30682373046875,0.0062,0
2026-05-02 17:01:03.182,6046,-29.171979904174805,23.07417869567871,425.284912109375,0.0072,0
2026-05-02 17:01:04.188,6047,-29.126577377319336,23.122516632080078,425.26300048828125,0.0095,0
2026-05-02 17:01:05.190,6048,-29.081151962280273,23.170808792114258,425.2410888671875,0.0083,0
2026-05-02 17:01:06.191,6049,-29.035703659057617,23.21905517578125,425.2192077636719,0.0069,0
2026-05-02 17:01:07.193,6050,-28.9902400970459,23.267255783081055,425.19732666015625,0.0021,0
2026-05-02 17:01:08.194,6051,-28.94474983215332,23.31540870666504,425.1754455566406,0.0019,0
2026-05-02 17:01:09.196,6052,-28.89924430847168,23.36351776123047,425.153564453125,0.0031,0
2026-05-02 17:01:10.197,6053,-28.853713989257812,23.41158103942871,425.1316833496094,0.002,0
2026-05-02 17:01:11.203,6054,-28.80816650390625,23.459598541259766,425.10980224609375,0.0068,0
2026-05-02 17:01:12.214,6055,-28.76259994506836,23.507570266723633,425.0879821777344,0.0073,0
2026-05-02 17:01:13.218,6056,-28.717008590698242,23.555496215820312,425.0661315917969,0.0067,0
2026-05-02 17:01:14.227,6057,-28.67140007019043,23.603376388549805,425.0442810058594,0.003,0
2026-05-02 17:01:15.231,6058,-28.62577247619629,23.651212692260742,425.0224304199219,0.0052,0
2026-05-02 17:01:16.233,6059,-28.580121994018555,23.699003219604492,425.0005798339844,0.005,0
2026-05-02 17:01:17.234,6060,-28.534454345703125,23.746747970581055,424.9787902832031,0.0039,0
2026-05-02 17:01:18.238,6061,-28.488765716552734,23.794448852539062,424.9569396972656,0.0056,0
2026-05-02 17:01:19.240,6062,-28.443056106567383,23.842105865478516,424.93511962890625,0.0053,0
2026-05-02 17:01:20.244,6063,-28.397327423095703,23.88971519470215,424.9132995605469,0.0061,0
2026-05-02 17:01:21.249,6064,-28.351579666137695,23.93728256225586,424.89154052734375,0.0078,0
2026-05-02 17:01:22.252,6065,-28.305810928344727,23.984806060791016,424.8697204589844,0.0066,0
2026-05-02 17:01:23.255,6066,-28.26002311706543,24.032283782958984,424.8479309082031,0.0065,0
2026-05-02 17:01:24.256,6067,-28.214216232299805,24.079715728759766,424.8261413574219,0.0053,0
2026-05-02 17:01:25.261,6068,-28.16838836669922,24.127105712890625,424.80438232421875,0.0057,0
2026-05-02 17:01:26.265,6069,-28.122541427612305,24.174449920654297,424.7826232910156,0.0079,0
2026-05-02 17:01:27.269,6070,-28.076675415039062,24.221752166748047,424.7608337402344,0.0066,0
2026-05-02 17:01:28.279,6071,-28.030792236328125,24.269010543823242,424.7391052246094,0.007,0
2026-05-02 17:01:29.278,6072,-27.984886169433594,24.316225051879883,424.7173767089844,0.0037,0
2026-05-02 17:01:30.290,6073,-27.93896484375,24.363393783569336,424.69561767578125,0.0098,0
2026-05-02 17:01:31.299,6074,-27.893020629882812,24.410520553588867,424.6739196777344,0.0082,0
2026-05-02 17:01:32.307,6075,-27.84705924987793,24.457605361938477,424.65216064453125,0.008,0
2026-05-02 17:01:33.307,6076,-27.801076889038086,24.5046443939209,424.63043212890625,0.0048,0
2026-05-02 17:01:34.317,6077,-27.755077362060547,24.5516414642334,424.6087646484375,0.0073,0
2026-05-02 17:01:35.318,6078,-27.70905876159668,24.598594665527344,424.5870361328125,0.006,0
2026-05-02 17:01:36.326,6079,-27.66301918029785,24.645503997802734,424.5653381347656,0.006,0
2026-05-02 17:01:37.326,6080,-27.616962432861328,24.692373275756836,424.5436706542969,0.0039,0
2026-05-02 17:01:38.333,6081,-27.570886611938477,24.739198684692383,424.5220031738281,0.0063,0
2026-05-02 17:01:39.336,6082,-27.524791717529297,24.785980224609375,424.50030517578125,0.0051,0
2026-05-02 17:01:40.346,6083,-27.47867774963379,24.832719802856445,424.4786682128906,0.0065,0
2026-05-02 17:01:41.350,6084,-27.432544708251953,24.879417419433594,424.4570007324219,0.0053,0
2026-05-02 17:01:42.355,6085,-27.386394500732422,24.926071166992188,424.43536376953125,0.0067,0
2026-05-02 17:01:43.355,6086,-27.340225219726562,24.972684860229492,424.4137268066406,0.0047,0
2026-05-02 17:01:44.372,6087,-27.294036865234375,25.019254684448242,424.39208984375,0.0065,0
2026-05-02 17:01:45.375,6088,-27.247831344604492,25.06578254699707,424.3704833984375,0.007,0
2026-05-02 17:01:46.381,6089,-27.20160484313965,25.112268447875977,424.348876953125,0.0084,0
2026-05-02 17:01:47.383,6090,-27.15536117553711,25.15871238708496,424.3272705078125,0.006,0
2026-05-02 17:01:48.398,6091,-27.109100341796875,25.205114364624023,424.3056945800781,0.0048,0
2026-05-02 17:01:49.403,6092,-27.062820434570312,25.251476287841797,424.2840881347656,0.0063,0
2026-05-02 17:01:50.407,6093,-27.016523361206055,25.297794342041016,424.26251220703125,0.0064,0
2026-05-02 17:01:51.409,6094,-26.970205307006836,25.344072341918945,424.2409362792969,0.0068,0
2026-05-02 17:01:52.417,6095,-26.923871994018555,25.390308380126953,424.2193603515625,0.0056,0
2026-05-02 17:01:53.418,6096,-26.877517700195312,25.43650245666504,424.1978454589844,0.0046,0
2026-05-02 17:01:54.427,6097,-26.831148147583008,25.482656478881836,424.17626953125,0.0122,0
2026-05-02 17:01:55.430,6098,-26.784759521484375,25.52876853942871,424.1547546386719,0.0147,0
2026-05-02 17:01:56.422,6099,-26.738353729248047,25.574840545654297,424.13323974609375,0.0038,0
2026-05-02 17:01:57.428,6100,-26.69192886352539,25.62087059020996,424.1117248535156,0.0069,0
2026-05-02 17:01:58.432,6101,-26.64548683166504,25.66686248779297,424.0902099609375,0.0071,0
2026-05-02 17:01:59.445,6102,-26.59902572631836,25.712810516357422,424.0687255859375,0.0165,0
2026-05-02 17:02:00.437,6103,-26.552547454833984,25.75872039794922,424.0472412109375,0.0066,0
2026-05-02 17:02:01.454,6104,-26.506053924560547,25.804588317871094,424.0257873535156,0.0027,0
2026-05-02 17:02:02.465,6105,-26.45953941345215,25.850414276123047,424.0043029785156,0.0069,0
2026-05-02 17:02:03.467,6106,-26.413009643554688,25.896202087402344,423.98284912109375,0.0053,0
2026-05-02 17:02:04.474,6107,-26.3664608001709,25.941951751708984,423.9613952636719,0.0063,0
2026-05-02 17:02:05.480,6108,-26.319894790649414,25.98765754699707,423.9399719238281,0.0075,0
2026-05-02 17:02:06.490,6109,-26.273313522338867,26.0333251953125,423.91851806640625,0.0073,0
2026-05-02 17:02:07.488,6110,-26.226713180541992,26.07895278930664,423.8971252441406,0.0031,0
2026-05-02 17:02:08.489,6111,-26.18009376525879,26.124540328979492,423.875732421875,0.0026,0
2026-05-02 17:02:09.489,6112,-26.13345718383789,26.170087814331055,423.85430908203125,0.0018,0
2026-05-02 17:02:10.491,6113,-26.08680534362793,26.21559715270996,423.83294677734375,0.0029,0
2026-05-02 17:02:11.494,6114,-26.040136337280273,26.261064529418945,423.8115539550781,0.0031,0
2026-05-02 17:02:12.500,6115,-25.993450164794922,26.306493759155273,423.7901916503906,0.0069,0
2026-05-02 17:02:13.502,6116,-25.946746826171875,26.351884841918945,423.7688293457031,0.0037,0
2026-05-02 17:02:14.503,6117,-25.900026321411133,26.397235870361328,423.74749755859375,0.0023,0
2026-05-02 17:02:15.509,6118,-25.853286743164062,26.442548751831055,423.7261657714844,0.0056,0
2026-05-02 17:02:16.513,6119,-25.80653190612793,26.48781967163086,423.704833984375,0.0057,0
2026-05-02 17:02:17.518,6120,-25.759761810302734,26.53305435180664,423.68353271484375,0.0069,0
2026-05-02 17:02:18.522,6121,-25.71297264099121,26.578250885009766,423.6622314453125,0.0068,0
2026-05-02 17:02:19.523,6122,-25.666168212890625,26.62340545654297,423.64093017578125,0.0055,0
2026-05-02 17:02:20.528,6123,-25.61934471130371,26.66852378845215,423.6196594238281,0.0076,0
2026-05-02 17:02:21.530,6124,-25.572505950927734,26.71360206604004,423.5984191894531,0.0069,0
2026-05-02 17:02:22.530,6125,-25.525651931762695,26.758644104003906,423.5771179199219,0.005,0
2026-05-02 17:02:23.535,6126,-25.478778839111328,26.803646087646484,423.555908203125,0.0073,0
2026-05-02 17:02:24.542,6127,-25.4318904876709,26.84861183166504,423.53466796875,0.0074,0
2026-05-02 17:02:25.544,6128,-25.384984970092773,26.893537521362305,423.513427734375,0.0059,0
2026-05-02 17:02:26.544,6129,-25.338064193725586,26.938425064086914,423.4922180175781,0.0018,0
2026-05-02 17:02:27.548,6130,-25.29112434387207,26.983274459838867,423.4710388183594,0.0047,0
2026-05-02 17:02:28.551,6131,-25.244171142578125,27.028087615966797,423.4498291015625,0.0041,0
2026-05-02 17:02:29.555,6132,-25.19719886779785,27.07286262512207,423.42864990234375,0.0033,0
2026-05-02 17:02:30.558,6133,-25.15021324157715,27.117599487304688,423.4075012207031,0.0037,0
2026-05-02 17:02:31.561,6134,-25.103208541870117,27.16229820251465,423.3863525390625,0.0053,0
2026-05-02 17:02:32.561,6135,-25.056190490722656,27.206960678100586,423.36517333984375,0.0042,0
2026-05-02 17:02:33.566,6136,-25.009153366088867,27.251585006713867,423.34405517578125,0.0052,0
2026-05-02 17:02:34.567,6137,-24.96210289001465,27.296173095703125,423.32293701171875,0.0035,0
2026-05-02 17:02:35.570,6138,-24.9150333404541,27.340723037719727,423.3018493652344,0.0053,0
2026-05-02 17:02:36.573,6139,-24.867950439453125,27.385234832763672,423.28076171875,0.0066,0
2026-05-02 17:02:37.574,6140,-24.820850372314453,27.429712295532227,423.2596435546875,0.0059,0
2026-05-02 17:02:38.579,6141,-24.77373695373535,27.474151611328125,423.23858642578125,0.0075,0
2026-05-02 17:02:39.581,6142,-24.726604461669922,27.5185546875,423.217529296875,0.0041,0
2026-05-02 17:02:40.588,6143,-24.67945671081543,27.56291961669922,423.1965026855469,0.0089,0
2026-05-02 17:02:41.596,6144,-24.632293701171875,27.607248306274414,423.1754455566406,0.0066,0
2026-05-02 17:02:42.600,6145,-24.585113525390625,27.651540756225586,423.1544494628906,0.0077,0
2026-05-02 17:02:43.602,6146,-24.537919998168945,27.695796966552734,423.1334228515625,0.0065,0
2026-05-02 17:02:44.606,6147,-24.490711212158203,27.74001693725586,423.1124267578125,0.0068,0
2026-05-02 17:02:45.607,6148,-24.443485260009766,27.784202575683594,423.0914306640625,0.0063,0
2026-05-02 17:02:46.613,6149,-24.396242141723633,27.82834815979004,423.0704650878906,0.0068,0
2026-05-02 17:02:47.619,6150,-24.34898567199707,27.872459411621094,423.0495300292969,0.0068,0
2026-05-02 17:02:48.626,6151,-24.301713943481445,27.916536331176758,423.028564453125,0.0057,0
2026-05-02 17:02:49.635,6152,-24.254425048828125,27.9605770111084,423.00762939453125,0.0066,0
2026-05-02 17:02:50.637,6153,-24.207122802734375,28.004579544067383,422.9867248535156,0.0057,0
2026-05-02 17:02:51.639,6154,-24.159805297851562,28.04854965209961,422.9658203125,0.0044,0
2026-05-02 17:02:52.647,6155,-24.112470626831055,28.09248161315918,422.9449462890625,0.0108,0
2026-05-02 17:02:53.642,6156,-24.065120697021484,28.13637924194336,422.9240417480469,0.0041,0
2026-05-02 17:02:54.646,6157,-24.017757415771484,28.180240631103516,422.9031982421875,0.0057,0
2026-05-02 17:02:55.644,6158,-23.970378875732422,28.22406768798828,422.8823547363281,0.0027,0
2026-05-02 17:02:56.646,6159,-23.922983169555664,28.267860412597656,422.86151123046875,0.0022,0
2026-05-02 17:02:57.649,6160,-23.875574111938477,28.311614990234375,422.8406677246094,0.0019,0
2026-05-02 17:02:58.664,6161,-23.828149795532227,28.355337142944336,422.8198547363281,0.0095,0
2026-05-02 17:02:59.663,6162,-23.780710220336914,28.399024963378906,422.799072265625,0.0062,0
2026-05-02 17:03:00.674,6163,-23.73325538635254,28.442676544189453,422.7782897949219,0.0072,0
2026-05-02 17:03:01.699,6164,-23.685787200927734,28.486291885375977,422.75750732421875,0.0064,3
2026-05-02 17:03:02.701,6165,-23.638303756713867,28.529876708984375,422.73675537109375,0.0058,3
2026-05-02 17:03:03.249,6169,-23.638303756713867,28.529876708984375,422.73675537109375,0.5537,3
2026-05-02 17:03:06.004,6172,-23.49576187133789,28.660415649414062,422.674560546875,0.2983,3
2026-05-02 17:03:09.444,6180,-23.35308837890625,28.790647506713867,422.61248779296875,0.7283,3
2026-05-02 17:03:14.401,6184,-23.115009307861328,29.00702476501465,422.50933837890625,0.6749,3
2026-05-02 17:03:17.355,6186,-22.97199058532715,29.136445999145508,422.4476623535156,0.6214,3
2026-05-02 17:03:19.494,6190,-22.87657356262207,29.22256088256836,422.4065856933594,0.7484,3
2026-05-02 17:03:23.093,6192,-22.685569763183594,29.39439582824707,422.3246154785156,0.3195,3
2026-05-02 17:03:26.194,6195,-22.54216957092285,29.522930145263672,422.2633361816406,0.407,3
2026-05-02 17:03:28.593,6197,-22.446500778198242,29.60845375061035,422.2225341796875,0.8005,3
2026-05-02 17:03:29.918,6198,-22.350778579711914,29.69384765625,422.18182373046875,0.116,3
2026-05-02 17:03:34.103,6202,-22.111230850219727,29.906782150268555,422.0802917480469,0.0345,3
2026-05-02 17:03:35.479,6204,-22.063282012939453,29.94927215576172,422.05999755859375,0.4089,3
2026-05-02 17:03:38.209,6206,-21.91935157775879,30.076557159423828,421.9992980957031,0.0785,3
2026-05-02 17:03:40.910,6207,-21.82332992553711,30.1612548828125,421.95892333984375,0.0191,3
2026-05-02 17:03:42.911,6208,-21.775300979614258,30.20355796813965,421.93878173828125,0.9225,3
2026-05-02 17:03:44.577,6213,-21.631134033203125,30.33028221130371,421.87841796875,0.4109,3
2026-05-02 17:03:49.831,6218,-21.390592575073242,30.54087257385254,421.7781066894531,0.1856,3
2026-05-02 17:03:54.593,6221,-21.149730682373047,30.750707626342773,421.67822265625,0.2268,3
2026-05-02 17:03:59.517,6225,-20.95681381225586,30.91803550720215,421.5986328125,0.5516,3
2026-05-02 17:04:00.077,6226,-20.908552169799805,30.959796905517578,421.5787353515625,0.1071,3
2026-05-02 17:04:01.452,6228,-20.860280990600586,31.00152587890625,421.55889892578125,0.4783,3
2026-05-02 17:04:08.368,6235,-20.522022247314453,31.292804718017578,421.4205627441406,0.3822,3
2026-05-02 17:04:10.443,6237,-20.425270080566406,31.37577247619629,421.3811950683594,0.4537,3
2026-05-02 17:04:14.289,6238,-20.23161506652832,31.54135513305664,421.30267333984375,0.29,3
2026-05-02 17:04:17.260,6243,-20.037771224975586,31.706485748291016,421.2244567871094,0.2561,3
2026-05-02 17:04:20.258,6244,-19.892263412475586,31.83004379272461,421.1659851074219,0.2499,3
2026-05-02 17:04:23.169,6249,-19.74665069580078,31.953350067138672,421.10772705078125,0.1545,3
2026-05-02 17:04:25.937,6250,-19.649518966674805,32.03541946411133,421.0689392089844,0.9201,3
2026-05-02 17:04:28.675,6252,-19.503734588623047,32.1583137512207,421.01092529296875,0.6523,3
2026-05-02 17:04:30.503,6254,-19.4064884185791,32.2401123046875,420.9723815917969,0.4756,3
2026-05-02 17:04:31.689,6255,-19.35784912109375,32.28097152709961,420.953125,0.6601,3
2026-05-02 17:04:34.349,6257,-19.21186065673828,32.40338134765625,420.8954772949219,0.3102,3
2026-05-02 17:04:35.174,6260,-19.163175582885742,32.44413375854492,420.87628173828125,0.1341,3
2026-05-02 17:04:37.094,6261,-19.065773010253906,32.52555465698242,420.8380126953125,0.0499,3
2026-05-02 17:04:38.254,6265,-19.01705551147461,32.56623077392578,420.8188781738281,0.2088,3
2026-05-02 17:04:40.961,6266,-18.919584274291992,32.64749526977539,420.7807312011719,0.913,3
2026-05-02 17:04:41.198,6267,-18.870834350585938,32.688087463378906,420.76165771484375,0.1456,3
2026-05-02 17:04:45.894,6268,-18.675722122192383,32.85020446777344,420.6856384277344,0.8377,3
2026-05-02 17:04:48.229,6271,-18.52927589416504,32.971527099609375,420.6288146972656,0.1653,3
2026-05-02 17:04:50.449,6277,-18.431591033935547,33.052276611328125,420.591064453125,0.3823,3
2026-05-02 17:04:54.776,6279,-18.236095428466797,33.213478088378906,420.5157775878906,0.7017,3
2026-05-02 17:04:55.570,6281,-18.18719482421875,33.253719329833984,420.4970397949219,0.4898,3
2026-05-02 17:05:00.011,6285,-17.991493225097656,33.41442108154297,420.42218017578125,0.9188,3
2026-05-02 17:05:02.916,6287,-17.844606399536133,33.53469467163086,420.3662414550781,0.8191,3
2026-05-02 17:05:06.158,6293,-17.64862060546875,33.69472122192383,420.2919921875,0.0545,3
2026-05-02 17:05:08.658,6296,-17.550565719604492,33.77458572387695,420.2550354003906,0.5511,3
2026-05-02 17:05:12.522,6297,-17.354337692260742,33.93404006958008,420.1812744140625,0.4055,3
2026-05-02 17:05:15.323,6299,-17.207063674926758,34.05337905883789,420.126220703125,0.1988,3
2026-05-02 17:05:18.273,6305,-17.059701919555664,34.17251205444336,420.0713806152344,0.1446,3
2026-05-02 17:05:22.476,6309,-16.863086700439453,34.33103561401367,419.99853515625,0.3356,3
2026-05-02 17:05:25.413,6311,-16.715526580810547,34.44969177246094,419.94415283203125,0.2697,3
2026-05-02 17:05:29.306,6313,-16.518648147583008,34.607582092285156,419.8719787597656,0.1205,3
2026-05-02 17:05:31.893,6318,-16.420154571533203,34.68639373779297,419.83599853515625,0.7042,3
2026-05-02 17:05:35.252,6321,-16.223054885864258,34.84375762939453,419.7643737792969,0.0583,3
2026-05-02 17:05:38.379,6323,-16.075136184692383,34.9615478515625,419.7109069824219,0.1825,3
2026-05-02 17:05:42.505,6326,-15.877785682678223,35.118309020996094,419.639892578125,0.2763,3
2026-05-02 17:05:42.921,6327,-15.877785682678223,35.118309020996094,419.639892578125,0.692,3
2026-05-02 17:05:43.810,6328,-15.828425407409668,35.157447814941406,419.6222229003906,0.5781,3
2026-05-02 17:05:46.268,6334,-15.680294036865234,35.27473068237305,419.5693054199219,0.032,3
2026-05-02 17:05:52.147,6337,-15.433236122131348,35.469791412353516,419.48162841796875,0.8981,3
2026-05-02 17:05:54.218,6339,-15.33435344696045,35.54766845703125,419.44671630859375,0.9646,3
2026-05-02 17:05:56.428,6341,-15.185964584350586,35.66433334350586,419.39453125,0.1665,3
2026-05-02 17:05:58.310,6344,-15.086997985839844,35.74201583862305,419.3598327636719,0.046,3
2026-05-02 17:06:00.466,6346,-14.987998008728027,35.819610595703125,419.3252868652344,0.1922,3
2026-05-02 17:06:02.678,6348,-14.888965606689453,35.897132873535156,419.2908020019531,0.4007,3
2026-05-02 17:06:05.304,6352,-14.740354537963867,36.01326370239258,419.23931884765625,0.019,3
2026-05-02 17:06:08.643,6355,-14.591670989990234,36.12921905517578,419.18798828125,0.353,3
2026-05-02 17:06:12.347,6358,-14.393315315246582,36.2835578918457,419.1199645996094,0.0419,3
2026-05-02 17:06:14.112,6359,-14.343708038330078,36.32209777832031,419.10302734375,0.8048,3
2026-05-02 17:06:16.787,6360,-14.194835662841797,36.437599182128906,419.0523376464844,0.4759,3
2026-05-02 17:06:21.532,6368,-13.946561813354492,36.629730224609375,418.9683837890625,0.2064,3
2026-05-02 17:06:25.625,6370,-13.74780559539795,36.78310775756836,418.90167236328125,0.2874,3
2026-05-02 17:06:27.190,6373,-13.698098182678223,36.821407318115234,418.88507080078125,0.8513,3
2026-05-02 17:06:31.152,6377,-13.499194145202637,36.974422454833984,418.81890869140625,0.795,3
2026-05-02 17:06:35.181,6378,-13.30017375946045,37.127159118652344,418.75311279296875,0.8153,3
2026-05-02 17:06:36.880,6383,-13.2006196975708,37.203426361083984,418.72039794921875,0.5004,3
2026-05-02 17:06:38.937,6384,-13.101037979125977,37.27962112426758,418.6877746582031,0.5451,3
2026-05-02 17:06:41.712,6386,-12.95161247253418,37.3937873840332,418.6390686035156,0.282,3
2026-05-02 17:06:42.924,6388,-12.901790618896484,37.43180847167969,418.62286376953125,0.4902,3
2026-05-02 17:06:44.598,6389,-12.8021240234375,37.5078010559082,418.5906066894531,0.1583,3
2026-05-02 17:06:46.686,6391,-12.702430725097656,37.5837287902832,418.55841064453125,0.2407,3
2026-05-02 17:06:50.017,6392,-12.552840232849121,37.6974983215332,418.5103454589844,0.5573,3
2026-05-02 17:06:50.998,6396,-12.502963066101074,37.735389709472656,418.4943542480469,0.5354,3
2026-05-02 17:06:52.754,6399,-12.403188705444336,37.81112289428711,418.4624938964844,0.2854,3
2026-05-02 17:06:55.500,6402,-12.253478050231934,37.924598693847656,418.4149169921875,0.0146,3
2026-05-02 17:06:58.597,6406,-12.103708267211914,38.037933349609375,418.3675537109375,0.1053,3
2026-05-02 17:07:01.574,6408,-11.953880310058594,38.15113067626953,418.3204650878906,0.0764,3
2026-05-02 17:07:06.800,6412,-11.70404052734375,38.3394889831543,418.2425537109375,0.2821,3
2026-05-02 17:07:09.080,6413,-11.604060173034668,38.41472244262695,418.2115478515625,0.5548,3
2026-05-02 17:07:11.455,6417,-11.504055976867676,38.489898681640625,418.18072509765625,0.9264,3
2026-05-02 17:07:14.141,6419,-11.35400390625,38.6025505065918,418.1346130371094,0.5647,3
2026-05-02 17:07:17.135,6422,-11.203897476196289,38.7150764465332,418.0887756347656,0.5431,3
2026-05-02 17:07:18.868,6425,-11.10379695892334,38.79001998901367,418.0583801269531,0.249,3
2026-05-02 17:07:21.732,6428,-10.953601837158203,38.90232849121094,418.0129699707031,0.1064,3
2026-05-02 17:07:24.393,6429,-10.853442192077637,38.977134704589844,417.98284912109375,0.7517,3
2026-05-02 17:07:26.583,6431,-10.753260612487793,39.051883697509766,417.9528503417969,0.9273,1
2026-05-02 17:07:26.588,6434,29.065153121948242,19.915925979614258,417.0480651855469,0.0111,1
2026-05-02 17:07:30.606,6440,26.846309661865234,19.34440803527832,279.4310302734375,0.0056,1
2026-05-02 17:07:37.628,6443,-40.906654357910156,12.617453575134277,758.5961303710938,0.0045,1
2026-05-02 17:07:38.636,6447,32.55419158935547,71.5750961303711,765.7830810546875,0.0052,1
2026-05-02 17:07:43.656,6450,31.56056785583496,22.95460319519043,302.0919494628906,0.0054,1
2026-05-02 17:07:45.653,6452,29.69114875793457,20.173446655273438,100.94727325439453,0.002,1
2026-05-02 17:07:49.698,6454,12.855341911315918,7.4527153968811035,791.053955078125,0.0079,1
2026-05-02 17:07:50.701,6455,10.960140228271484,7.119668006896973,480.2613220214844,0.0047,1
2026-05-02 17:07:55.713,6461,-35.996219635009766,12.10836124420166,833.3365478515625,0.0039,1
2026-05-02 17:07:57.724,6466,31.047203063964844,66.10455322265625,230.46456909179688,0.007,1
2026-05-02 17:08:01.733,6470,13.5452241897583,22.744686126708984,708.798828125,0.0051,1
2026-05-02 17:08:05.807,6471,-34.378929138183594,3.905538558959961,789.54736328125,0.0021,1
2026-05-02 17:08:07.815,6474,-49.65149688720703,65.74028778076172,248.09226989746094,0.0038,1
2026-05-02 17:08:08.817,6476,-50.24138641357422,15.398451805114746,681.7544555664062,0.0033,1
2026-05-02 17:08:13.828,6479,-52.21062088012695,71.83338165283203,370.79638671875,0.0048,1
2026-05-02 17:08:16.837,6486,17.463098526000977,82.36582946777344,580.6349487304688,0.0046,1
2026-05-02 17:08:21.864,6490,20.0506534576416,12.48979377746582,100.18421173095703,0.0073,1
2026-05-02 17:08:25.882,6494,15.404730796813965,6.5558762550354,277.837158203125,0.0047,1
2026-05-02 17:08:29.889,6497,28.111492156982422,-0.47770509123802185,151.0148162841797,0.0038,1
2026-05-02 17:08:32.900,6502,18.784202575683594,59.78945541381836,513.089599609375,0.0055,1
2026-05-02 17:08:33.909,6503,9.886616706848145,68.6034927368164,674.5154418945312,0.0051,1
2026-05-02 17:08:39.955,6506,-23.02325439453125,68.96743774414062,430.7892150878906,0.0061,1
2026-05-02 17:08:40.954,6510,-29.419187545776367,19.894874572753906,590.1132202148438,0.0027,1
2026-05-02 17:08:47.976,6514,-48.15715789794922,85.69290161132812,282.34625244140625,0.0013,1
2026-05-02 17:08:50.988,6515,36.263519287109375,19.459428787231445,588.9405517578125,0.0064,1
2026-05-02 17:08:51.989,6518,-40.781158447265625,68.51972198486328,188.0150909423828,0.0058,1
2026-05-02 17:08:52.987,6521,12.835506439208984,7.502854824066162,396.9161682128906,0.0025,1
2026-05-02 17:08:56.000,6522,-34.249176025390625,23.890762329101562,201.20339965820312,0.0051,1
2026-05-02 17:09:00.031,6527,38.72606658935547,21.190874099731445,338.8359680175781,0.0019,1
2026-05-02 17:09:06.049,6534,19.029600143432617,71.46160888671875,308.03277587890625,0.0042,1
2026-05-02 17:09:11.062,6536,-43.29944610595703,63.23939514160156,451.0005187988281,0.0054,1
2026-05-02 17:09:12.066,6541,12.769308090209961,75.66193389892578,606.3518676757812,0.0052,1
2026-05-02 17:09:14.077,6543,-42.39685821533203,15.648941040039062,171.1495361328125,0.005,1
2026-05-02 17:09:16.087,6545,17.25033187866211,60.70853805541992,174.86660766601562,0.0055,1
2026-05-02 17:09:20.097,6548,-35.36550521850586,19.96183204650879,241.087890625,0.0044,1
2026-05-02 17:09:22.108,6549,34.70505905151367,1.8176273107528687,404.3647155761719,0.0033,1
2026-05-02 17:09:23.113,6552,15.237469673156738,13.61176872253418,763.5640258789062,0.0038,1
2026-05-02 17:09:25.115,6553,-32.896549224853516,87.91181182861328,776.3037109375,0.0038,1
2026-05-02 17:09:28.128,6556,-30.50387191772461,9.936199188232422,237.2088165283203,0.0057,1
2026-05-02 17:09:31.139,6560,25.665287017822266,5.765814781188965,444.35205078125,0.0051,1
2026-05-02 17:09:34.146,6561,39.79746627807617,20.651403427124023,490.6465148925781,0.0047,1
2026-05-02 17:09:35.147,6562,24.28997230529785,79.80171203613281,504.2210388183594,0.0048,1
2026-05-02 17:09:39.166,6568,33.580387115478516,80.72613525390625,125.52365112304688,0.0049,1
2026-05-02 17:09:42.171,6569,-32.959930419921875,22.54064178466797,762.9100341796875,0.0016,1
2026-05-02 17:09:44.179,6571,34.40489196777344,0.5837157368659973,741.39794921875,0.0046,1
2026-05-02 17:09:47.189,6574,-34.5848388671875,67.78118896484375,856.5275268554688,0.0063,1
2026-05-02 17:09:52.199,6579,39.87017059326172,5.732058048248291,616.4275512695312,0.0019,1
2026-05-02 17:09:54.205,6581,36.663482666015625,79.62162780761719,202.5076904296875,0.002,1
2026-05-02 17:09:56.217,6582,37.646018981933594,2.333120107650757,865.5872192382812,0.0046,1
2026-05-02 17:10:01.232,6585,-26.97368049621582,82.4062271118164,775.6868896484375,0.0041,1
2026-05-02 17:10:03.237,6589,-28.088102340698242,15.6181058883667,634.7825927734375,0.0049,1
2026-05-02 17:10:04.237,6591,23.70301055908203,9.25320816040039,355.70562744140625,0.0046,1
2026-05-02 17:10:08.241,6593,24.825883865356445,2.7122154235839844,697.0502319335938,0.0048,1
2026-05-02 17:10:09.245,6597,18.538694381713867,73.72863006591797,293.1474609375,0.0057,1
2026-05-02 17:10:20.414,6598,-1.9236290454864502,45.43979263305664,415.8037414550781,0.0025,0
2026-05-02 17:10:21.417,6599,-1.872949242591858,45.47576904296875,415.7943115234375,0.0043,0
2026-05-02 17:10:22.420,6600,-1.8222682476043701,45.511741638183594,415.7849426269531,0.0033,0
2026-05-02 17:10:23.424,6601,-1.7715860605239868,45.54771423339844,415.7756042480469,0.0048,0
2026-05-02 17:10:24.435,6602,-1.7209030389785767,45.583683013916016,415.76629638671875,0.0141,0
2026-05-02 17:10:25.430,6603,-1.67021906375885,45.61964797973633,415.7569885253906,0.0058,0
2026-05-02 17:10:26.433,6604,-1.6195341348648071,45.65561294555664,415.74774169921875,0.0068,0
2026-05-02 17:10:27.432,6605,-1.5688482522964478,45.69157409667969,415.738525390625,0.0031,0
2026-05-02 17:10:28.435,6606,-1.5181615352630615,45.727535247802734,415.7293395996094,0.0027,0
2026-05-02 17:10:29.437,6607,-1.4674738645553589,45.76349639892578,415.7201843261719,0.0024,0
2026-05-02 17:10:30.440,6608,-1.4167852401733398,45.79945373535156,415.7110900878906,0.0026,0
2026-05-02 17:10:31.447,6609,-1.366096019744873,45.83540725708008,415.7019958496094,0.0073,0
2026-05-02 17:10:32.450,6610,-1.3154058456420898,45.871360778808594,415.6929626464844,0.006,0
2026-05-02 17:10:33.456,6611,-1.2647149562835693,45.907318115234375,415.6839599609375,0.0068,0
2026-05-02 17:10:34.456,6612,-1.2140233516693115,45.943267822265625,415.6749572753906,0.0021,0
2026-05-02 17:10:35.461,6613,-1.1633310317993164,45.979217529296875,415.6660461425781,0.0049,0
2026-05-02 17:10:36.471,6614,-1.112637996673584,46.015167236328125,415.6571350097656,0.0075,0
2026-05-02 17:10:37.473,6615,-1.0619442462921143,46.05111312866211,415.64825439453125,0.0061,0
2026-05-02 17:10:38.473,6616,-1.0112498998641968,46.087059020996094,415.639404296875,0.0038,0
2026-05-02 17:10:39.481,6617,-0.9605548977851868,46.12300491333008,415.6305847167969,0.0065,0
2026-05-02 17:10:40.491,6618,-0.909859299659729,46.1589469909668,415.6218566894531,0.0056,0
2026-05-02 17:10:41.504,6619,-0.8591631650924683,46.19489288330078,415.61309814453125,0.0025,0
2026-05-02 17:10:42.511,6620,-0.8084664344787598,46.230831146240234,415.6044006347656,0.0049,0
2026-05-02 17:10:43.517,6621,-0.7577692270278931,46.26677322387695,415.5957336425781,0.0072,0
2026-05-02 17:10:44.519,6622,-0.7070714831352234,46.302711486816406,415.58709716796875,0.0043,0
2026-05-02 17:10:45.524,6623,-0.6563733220100403,46.33864974975586,415.5784912109375,0.0067,0
2026-05-02 17:10:46.527,6624,-0.605674684047699,46.37459182739258,415.5699462890625,0.0074,0
2026-05-02 17:10:47.527,6625,-0.5549756288528442,46.410526275634766,415.5614013671875,0.0055,0
2026-05-02 17:10:48.531,6626,-0.5042761564254761,46.44646453857422,415.55291748046875,0.0066,0
2026-05-02 17:10:49.538,6627,-0.45357638597488403,46.48240280151367,415.54443359375,0.0062,0
2026-05-02 17:10:50.538,6628,-0.40287619829177856,46.51833724975586,415.5360107421875,0.0021,0
2026-05-02 17:10:51.546,6629,-0.35217568278312683,46.55427551269531,415.527587890625,0.0073,0
2026-05-02 17:10:52.549,6630,-0.301474928855896,46.5902099609375,415.5192565917969,0.0055,0
2026-05-02 17:10:53.555,6631,-0.2507738769054413,46.62614822387695,415.5108947753906,0.0057,0
2026-05-02 17:10:54.560,6632,-0.20007255673408508,46.662078857421875,415.50262451171875,0.0061,0
2026-05-02 17:10:55.567,6633,-0.14937104284763336,46.69801330566406,415.494384765625,0.0075,0
2026-05-02 17:10:56.568,6634,-0.09866935014724731,46.733951568603516,415.48614501953125,0.0067,0
2026-05-02 17:10:57.570,6635,-0.047967102378606796,46.7698860168457,415.47796630859375,0.0056,0
2026-05-02 17:10:58.569,6636,0.0027349081356078386,46.805816650390625,415.4698181152344,0.0034,0
2026-05-02 17:10:59.573,6637,0.053437039256095886,46.84175491333008,415.4617004394531,0.0037,0
2026-05-02 17:11:00.581,6638,0.10413932800292969,46.877689361572266,415.4535827636719,0.0081,0
2026-05-02 17:11:01.584,6639,0.15484163165092468,46.91362380981445,415.4455261230469,0.0063,0
2026-05-02 17:11:02.589,6640,0.20554396510124207,46.94955825805664,415.4375305175781,0.0073,0
2026-05-02 17:11:03.592,6641,0.2562463581562042,46.985496520996094,415.4295349121094,0.0065,0
2026-05-02 17:11:04.595,6642,0.3069487512111664,47.02143478393555,415.4216003417969,0.0062,0
2026-05-02 17:11:05.598,6643,0.3576510548591614,47.057369232177734,415.4136962890625,0.0058,0
2026-05-02 17:11:06.605,6644,0.40835335850715637,47.09330749511719,415.40582275390625,0.0069,0
2026-05-02 17:11:07.643,6645,0.4590555727481842,47.12924575805664,415.39794921875,0.0068,0
2026-05-02 17:11:08.646,6646,0.5097576975822449,47.16518020629883,415.3901672363281,0.0064,0
2026-05-02 17:11:09.648,6647,0.5604596734046936,47.20112228393555,415.38238525390625,0.0065,0
2026-05-02 17:11:10.653,6648,0.611161470413208,47.237060546875,415.3746337890625,0.0049,0
2026-05-02 17:11:11.659,6649,0.6618630886077881,47.27300262451172,415.3669128417969,0.0065,0
2026-05-02 17:11:12.661,6650,0.7125645279884338,47.3089485168457,415.3592529296875,0.0057,0
2026-05-02 17:11:13.665,6651,0.7632657885551453,47.344886779785156,415.3515930175781,0.0063,0
2026-05-02 17:11:14.668,6652,0.813966691493988,47.38083267211914,415.343994140625,0.0065,0
2026-05-02 17:11:15.671,6653,0.8646673560142517,47.416778564453125,415.33642578125,0.0066,0
2026-05-02 17:11:16.676,6654,0.9153677821159363,47.452720642089844,415.32891845703125,0.01,0
2026-05-02 17:11:17.689,6655,0.9660677313804626,47.488670349121094,415.3214111328125,0.0085,0
2026-05-02 17:11:18.689,6656,1.0167673826217651,47.524620056152344,415.3139343261719,0.0062,0
2026-05-02 17:11:19.705,6657,1.0674667358398438,47.560569763183594,415.3064880371094,0.0115,0
2026-05-02 17:11:20.708,6658,1.1181656122207642,47.59652328491211,415.2991027832031,0.0066,0
2026-05-02 17:11:21.713,6659,1.1688640117645264,47.63247299194336,415.291748046875,0.007,0
2026-05-02 17:11:22.715,6660,1.21956205368042,47.66843032836914,415.2843933105469,0.0056,0
2026-05-02 17:11:23.719,6661,1.2702596187591553,47.704383850097656,415.2771301269531,0.0049,0
2026-05-02 17:11:24.723,6662,1.3209565877914429,47.74034118652344,415.2698669433594,0.0061,0
2026-05-02 17:11:25.726,6663,1.3716530799865723,47.776302337646484,415.26263427734375,0.0049,0
2026-05-02 17:11:26.730,6664,1.422348976135254,47.81226348876953,415.25543212890625,0.0057,0
2026-05-02 17:11:27.733,6665,1.4730442762374878,47.848228454589844,415.248291015625,0.0061,0
2026-05-02 17:11:28.734,6666,1.523738980293274,47.884193420410156,415.2411804199219,0.0041,0
2026-05-02 17:11:29.738,6667,1.5744332075119019,47.92015838623047,415.2341003417969,0.006,0
2026-05-02 17:11:30.738,6668,1.625126600265503,47.95612716674805,415.2270202636719,0.0052,0
2026-05-02 17:11:31.739,6669,1.6758193969726562,47.99209976196289,415.22003173828125,0.0043,0
2026-05-02 17:11:32.743,6670,1.7265114784240723,48.028072357177734,415.2130432128906,0.0054,0
2026-05-02 17:11:33.746,6671,1.7772027254104614,48.064048767089844,415.2060852050781,0.0072,0
2026-05-02 17:11:34.747,6672,1.8278932571411133,48.10002517700195,415.1991882324219,0.0057,0
2026-05-02 17:11:35.749,6673,1.8785830736160278,48.136009216308594,415.19232177734375,0.0056,0
2026-05-02 17:11:36.753,6674,1.9292720556259155,48.17198944091797,415.1854553222656,0.0066,0
2026-05-02 17:11:37.755,6675,1.9799602031707764,48.20797348022461,415.17864990234375,0.0059,0
2026-05-02 17:11:38.757,6676,2.0306475162506104,48.243961334228516,415.171875,0.0054,0
2026-05-02 17:11:39.761,6677,2.081333875656128,48.27995300292969,415.1651306152344,0.0068,0
2026-05-02 17:11:40.773,6678,2.132019281387329,48.31594467163086,415.158447265625,0.0081,0
2026-05-02 17:11:41.772,6679,2.182703971862793,48.3519401550293,415.1517639160156,0.0058,0
2026-05-02 17:11:42.779,6680,2.2333874702453613,48.387939453125,415.1451110839844,0.0052,0
2026-05-02 17:11:43.783,6681,2.2840700149536133,48.42394256591797,415.1385192871094,0.008,0
2026-05-02 17:11:44.792,6682,2.334751605987549,48.45994567871094,415.1319580078125,0.0068,0
2026-05-02 17:11:45.795,6683,2.385432243347168,48.49595260620117,415.12542724609375,0.0062,0
2026-05-02 17:11:46.830,6684,2.4361119270324707,48.53196334838867,415.1189270019531,0.0043,0
2026-05-02 17:11:47.837,6685,2.486790180206299,48.56797409057617,415.1124572753906,0.0059,0
2026-05-02 17:11:48.836,6686,2.5374674797058105,48.60399627685547,415.1060485839844,0.0042,0
2026-05-02 17:11:49.837,6687,2.588143825531006,48.6400146484375,415.09967041015625,0.0043,0
2026-05-02 17:11:50.840,6688,2.6388185024261475,48.6760368347168,415.09332275390625,0.0042,0
2026-05-02 17:11:51.849,6689,2.6894924640655518,48.712066650390625,415.08697509765625,0.0098,0
2026-05-02 17:11:52.853,6690,2.7401652336120605,48.74809646606445,415.0806884765625,0.0068,0
2026-05-02 17:11:53.859,6691,2.7908363342285156,48.78412628173828,415.0744323730469,0.0092,0
2026-05-02 17:11:54.857,6692,2.8415067195892334,48.82016372680664,415.0682067871094,0.0052,0
2026-05-02 17:11:55.862,6693,2.8921751976013184,48.856204986572266,415.0620422363281,0.0072,0
2026-05-02 17:11:56.868,6694,2.942842960357666,48.892250061035156,415.0558776855469,0.0096,0
2026-05-02 17:11:57.869,6695,2.99350905418396,48.92829895019531,415.0497741699219,0.0047,0
2026-05-02 17:11:58.875,6696,3.0441739559173584,48.964351654052734,415.043701171875,0.0061,0
2026-05-02 17:11:59.881,6697,3.094837188720703,49.000404357910156,415.03765869140625,0.0073,0
2026-05-02 17:12:00.888,6698,3.1454992294311523,49.03646469116211,415.0316162109375,0.009,0
2026-05-02 17:12:01.884,6699,3.196159839630127,49.072532653808594,415.0256652832031,0.0032,0
2026-05-02 17:12:02.891,6700,3.246819019317627,49.10860061645508,415.01971435546875,0.0052,0
2026-05-02 17:12:03.901,6701,3.2974765300750732,49.14466857910156,415.0138244628906,0.0071,0
2026-05-02 17:12:04.913,6702,3.348132610321045,49.180747985839844,415.0079345703125,0.0132,0
2026-05-02 17:12:05.914,6703,3.398787260055542,49.216827392578125,415.0021057128906,0.0024,0
2026-05-02 17:12:06.920,6704,3.4494402408599854,49.25291442871094,414.9963073730469,0.0028,0
2026-05-02 17:12:07.926,6705,3.500091552734375,49.28900146484375,414.99053955078125,0.0066,0
2026-05-02 17:12:08.927,6706,3.55074143409729,49.325096130371094,414.98480224609375,0.0059,0
2026-05-02 17:12:09.930,6707,3.6013896465301514,49.3611946105957,414.9790954589844,0.0051,0
2026-05-02 17:12:10.934,6708,3.65203595161438,49.39729690551758,414.97344970703125,0.0074,0
2026-05-02 17:12:11.942,6709,3.702681064605713,49.433406829833984,414.9678039550781,0.0072,0
2026-05-02 17:12:12.945,6710,3.753323793411255,49.46951675415039,414.96221923828125,0.0044,0
2026-05-02 17:12:13.961,6711,3.8039650917053223,49.50563430786133,414.9566650390625,0.0058,0
2026-05-02 17:12:14.977,6712,3.854604959487915,49.54175567626953,414.95111083984375,0.011,0
2026-05-02 17:12:15.990,6713,3.905242681503296,49.577880859375,414.9456481933594,0.0059,0
2026-05-02 17:12:16.994,6714,3.955878257751465,49.614013671875,414.940185546875,0.0067,0
2026-05-02 17:12:18.002,6715,4.006512641906738,49.650150299072266,414.9347839355469,0.0058,0
2026-05-02 17:12:19.004,6716,4.057144641876221,49.68629455566406,414.9294128417969,0.0053,0
2026-05-02 17:12:20.007,6717,4.10777473449707,49.72243881225586,414.9240417480469,0.007,0
2026-05-02 17:12:21.010,6718,4.209029674530029,49.79475021362305,414.9134521484375,0.0072,0
2026-05-02 17:12:22.011,6719,4.259654521942139,49.83091354370117,414.9081726074219,0.0064,0
2026-05-02 17:12:23.011,6720,4.310276508331299,49.8670768737793,414.90301513671875,0.0042,0
2026-05-02 17:12:24.015,6721,4.360897064208984,49.903255462646484,414.8978271484375,0.0051,0
2026-05-02 17:12:25.019,6722,4.411515235900879,49.93943405151367,414.8926696777344,0.0065,0
2026-05-02 17:12:26.019,6723,4.462131977081299,49.975616455078125,414.8875732421875,0.0053,0
2026-05-02 17:12:27.022,6724,4.512746334075928,50.01180648803711,414.88250732421875,0.0067,0
2026-05-02 17:12:28.023,6725,4.563358306884766,50.048004150390625,414.87744140625,0.0056,0
2026-05-02 17:12:29.025,6726,4.6139678955078125,50.084205627441406,414.8724365234375,0.0037,0
2026-05-02 17:12:30.034,6727,4.664575576782227,50.12041473388672,414.8674621582031,0.0091,0
2026-05-02 17:12:31.036,6728,4.715181350708008,50.1566276550293,414.8625183105469,0.0055,0
2026-05-02 17:12:32.037,6729,4.765784740447998,50.192848205566406,414.857666015625,0.005,0
2026-05-02 17:12:33.044,6730,4.816385746002197,50.22907257080078,414.852783203125,0.0081,0
2026-05-02 17:12:34.046,6731,4.8669843673706055,50.26530456542969,414.84796142578125,0.0054,0
2026-05-02 17:12:35.047,6732,4.917580604553223,50.301544189453125,414.8431701660156,0.0052,0
2026-05-02 17:12:36.050,6733,4.968174934387207,50.33778762817383,414.8384094238281,0.0053,0
2026-05-02 17:12:37.054,6734,5.0187668800354,50.3740348815918,414.83367919921875,0.0068,0
2026-05-02 17:12:38.055,6735,5.0693559646606445,50.41029357910156,414.8289794921875,0.0054,0
2026-05-02 17:12:39.072,6736,5.119943141937256,50.44655990600586,414.8243103027344,0.0118,0
2026-05-02 17:12:40.074,6737,5.170527458190918,50.482826232910156,414.8197326660156,0.006,0
2026-05-02 17:12:41.077,6738,5.221109867095947,50.519100189208984,414.81512451171875,0.0061,0
2026-05-02 17:12:42.076,6739,5.271689414978027,50.55538558959961,414.8105773925781,0.0041,0
2026-05-02 17:12:43.081,6740,5.322266578674316,50.5916748046875,414.8060607910156,0.0043,0
2026-05-02 17:12:44.086,6741,5.372840881347656,50.62797164916992,414.80157470703125,0.006,0
2026-05-02 17:12:45.087,6742,5.423412799835205,50.66427230834961,414.797119140625,0.0046,0
2026-05-02 17:12:46.093,6743,5.473982334136963,50.70058822631836,414.7926940917969,0.0083,0
2026-05-02 17:12:47.092,6744,5.5245490074157715,50.73690414428711,414.7882995605469,0.0049,0
2026-05-02 17:12:48.097,6745,5.575112819671631,50.773223876953125,414.7839660644531,0.0077,0
2026-05-02 17:12:49.099,6746,5.625674724578857,50.8095588684082,414.7796630859375,0.0063,0
2026-05-02 17:12:50.101,6747,5.676233291625977,50.84589385986328,414.7754211425781,0.0054,0
2026-05-02 17:12:51.104,6748,5.7267889976501465,50.882240295410156,414.7711486816406,0.0058,0
2026-05-02 17:12:52.107,6749,5.777342319488525,50.91859436035156,414.7669372558594,0.0063,0
2026-05-02 17:12:53.110,6750,5.827893257141113,50.954952239990234,414.7627868652344,0.0057,0
2026-05-02 17:12:54.112,6751,5.878440856933594,50.9913215637207,414.7586364746094,0.0057,0
2026-05-02 17:12:55.113,6752,5.928985595703125,51.0276985168457,414.7545166015625,0.0043,0
2026-05-02 17:12:56.114,6753,5.979527473449707,51.06407928466797,414.7504577636719,0.0034,0
2026-05-02 17:12:57.127,6754,6.03006649017334,51.10047149658203,414.7464294433594,0.0121,0
2026-05-02 17:12:58.127,6755,6.080602645874023,51.13686752319336,414.742431640625,0.0046,0
2026-05-02 17:12:59.130,6756,6.131136417388916,51.17327117919922,414.73846435546875,0.0062,0
2026-05-02 17:13:00.137,6757,6.181666374206543,51.209686279296875,414.7345275878906,0.0066,0
2026-05-02 17:13:01.141,6758,6.232193946838379,51.2461051940918,414.73065185546875,0.008,0
2026-05-02 17:13:02.136,6759,6.282718181610107,51.282535552978516,414.7267761230469,0.0014,0
2026-05-02 17:13:03.138,6760,6.333239555358887,51.3189697265625,414.72296142578125,0.0018,0
2026-05-02 17:13:04.145,6761,6.383757591247559,51.35541534423828,414.7191467285156,0.0067,0
2026-05-02 17:13:05.148,6762,6.434272766113281,51.391868591308594,414.71539306640625,0.008,0
2026-05-02 17:13:06.154,6763,6.484785079956055,51.4283332824707,414.7117004394531,0.0077,0
2026-05-02 17:13:07.156,6764,6.535294055938721,51.46480178833008,414.7080078125,0.0062,0
2026-05-02 17:13:08.158,6765,6.585799694061279,51.501277923583984,414.704345703125,0.0063,0
2026-05-02 17:13:09.163,6766,6.636302471160889,51.53776550292969,414.7007141113281,0.0068,0
2026-05-02 17:13:10.160,6767,6.686801910400391,51.57426071166992,414.6971435546875,0.0018,0
2026-05-02 17:13:11.165,6768,6.737297534942627,51.61076354980469,414.693603515625,0.005,0
2026-05-02 17:13:12.164,6769,6.787790298461914,51.647274017333984,414.6900939941406,0.0025,0
2026-05-02 17:13:13.171,6770,6.838279724121094,51.68379592895508,414.68658447265625,0.0073,0
2026-05-02 17:13:14.171,6771,6.888766288757324,51.72032165527344,414.68316650390625,0.0026,0
2026-05-02 17:13:15.176,6772,6.939249038696289,51.75686264038086,414.67974853515625,0.0033,0
2026-05-02 17:13:16.182,6773,6.9897284507751465,51.79341125488281,414.6763610839844,0.0086,0
2026-05-02 17:13:17.182,6774,7.0402045249938965,51.82996368408203,414.67303466796875,0.0054,0
2026-05-02 17:13:18.192,6775,7.090677261352539,51.86653137207031,414.6697082519531,0.0123,0
2026-05-02 17:13:19.192,6776,7.141146183013916,51.90310287475586,414.66644287109375,0.0063,0
2026-05-02 17:13:20.192,6777,7.191612243652344,51.9396858215332,414.6631774902344,0.0039,0
2026-05-02 17:13:21.198,6778,7.242074489593506,51.97627639770508,414.6600036621094,0.0059,0
2026-05-02 17:13:22.202,6779,7.292532444000244,52.01287841796875,414.65679931640625,0.0031,0
2026-05-02 17:13:23.205,6780,7.342988014221191,52.04948806762695,414.6536865234375,0.0021,0
2026-05-02 17:13:24.219,6781,7.393438816070557,52.08610916137695,414.65057373046875,0.0077,0
2026-05-02 17:13:25.222,6782,7.443886756896973,52.122737884521484,414.6474914550781,0.0043,0
2026-05-02 17:13:26.235,6783,7.494331359863281,52.15937423706055,414.64447021484375,0.0099,0
2026-05-02 17:13:27.239,6784,7.544772148132324,52.19602584838867,414.6414794921875,0.0058,0
2026-05-02 17:13:28.241,6785,7.595208644866943,52.23268508911133,414.63848876953125,0.0057,0
2026-05-02 17:13:29.247,6786,7.645641803741455,52.26934814453125,414.63555908203125,0.0061,0
2026-05-02 17:13:30.250,6787,7.696071147918701,52.306026458740234,414.6326599121094,0.0063,0
2026-05-02 17:13:31.254,6788,7.746496677398682,52.34271240234375,414.62982177734375,0.0078,0
2026-05-02 17:13:32.266,6789,7.796918869018555,52.37940979003906,414.6269836425781,0.0076,0
2026-05-02 17:13:33.271,6790,7.847336769104004,52.41611862182617,414.6241760253906,0.0057,0
2026-05-02 17:13:34.281,6791,7.897750377655029,52.45283508300781,414.6214294433594,0.0051,0
2026-05-02 17:13:35.286,6792,7.948160648345947,52.489559173583984,414.6186828613281,0.0071,0
2026-05-02 17:13:36.291,6793,7.9985671043396,52.52629470825195,414.6159973144531,0.0092,0
2026-05-02 17:13:37.290,6794,8.048970222473145,52.563045501708984,414.61334228515625,0.0061,0
2026-05-02 17:13:38.304,6795,8.09936809539795,52.59980392456055,414.6107177734375,0.0107,0
2026-05-02 17:13:39.310,6796,8.149762153625488,52.63656997680664,414.6081237792969,0.0064,0
2026-05-02 17:13:40.314,6797,8.200152397155762,52.6733512878418,414.6055603027344,0.0062,0
2026-05-02 17:13:41.316,6798,8.25053882598877,52.71013641357422,414.6030578613281,0.0066,0
2026-05-02 17:13:42.323,6799,8.300921440124512,52.7469367980957,414.6005554199219,0.0098,0
2026-05-02 17:13:43.322,6800,8.351299285888672,52.78374481201172,414.5981140136719,0.0055,0
2026-05-02 17:13:44.324,6801,8.401673316955566,52.8205680847168,414.5956726074219,0.0044,0
2026-05-02 17:13:45.331,6802,8.452043533325195,52.857398986816406,414.59332275390625,0.0082,0
2026-05-02 17:13:46.328,6803,8.502408981323242,52.89424133300781,414.5909423828125,0.0032,0
2026-05-02 17:13:47.332,6804,8.552770614624023,52.931095123291016,414.588623046875,0.004,0
2026-05-02 17:13:48.342,6805,8.603127479553223,52.96795654296875,414.5863342285156,0.0062,0
2026-05-02 17:13:49.352,6806,8.653480529785156,53.00483322143555,414.5841064453125,0.009,0
2026-05-02 17:13:50.360,6807,8.703829765319824,53.041717529296875,414.5818786621094,0.0067,0
2026-05-02 17:13:51.365,6808,8.754173278808594,53.078617095947266,414.5797119140625,0.0051,0
2026-05-02 17:13:52.367,6809,8.804512977600098,53.11552429199219,414.57757568359375,0.0037,0
2026-05-02 17:13:53.372,6810,8.854849815368652,53.152442932128906,414.575439453125,0.0069,0
2026-05-02 17:13:54.389,6811,8.905179977416992,53.18937301635742,414.5733642578125,0.0035,0
2026-05-02 17:13:55.395,6812,8.955507278442383,53.226314544677734,414.5713195800781,0.0068,0
2026-05-02 17:13:56.400,6813,9.005829811096191,53.26327133178711,414.5693054199219,0.0036,0
2026-05-02 17:13:57.410,6814,9.056147575378418,53.300235748291016,414.56732177734375,0.0114,0
2026-05-02 17:13:58.408,6815,9.106460571289062,53.337215423583984,414.56536865234375,0.0062,0
2026-05-02 17:13:59.410,6816,9.156769752502441,53.374202728271484,414.5634765625,0.0061,0
2026-05-02 17:14:00.420,6817,9.207073211669922,53.41120147705078,414.56158447265625,0.0084,0
2026-05-02 17:14:01.422,6818,9.257373809814453,53.44821548461914,414.55975341796875,0.0054,0
2026-05-02 17:14:02.425,6819,9.307668685913086,53.48523712158203,414.55792236328125,0.006,0
2026-05-02 17:14:03.425,6820,9.357959747314453,53.522274017333984,414.55615234375,0.0037,0
2026-05-02 17:14:04.427,6821,9.408245086669922,53.559326171875,414.554443359375,0.0052,0
2026-05-02 17:14:05.431,6822,9.458526611328125,53.59638214111328,414.5527038574219,0.0053,0
2026-05-02 17:14:06.436,6823,9.50880241394043,53.63345718383789,414.551025390625,0.0055,0
2026-05-02 17:14:07.441,6824,9.559073448181152,53.67053985595703,414.5494079589844,0.0077,0
2026-05-02 17:14:08.440,6825,9.60934066772461,53.707637786865234,414.54779052734375,0.0032,0
2026-05-02 17:14:09.448,6826,9.659603118896484,53.744747161865234,414.54620361328125,0.0084,0
2026-05-02 17:14:10.457,6827,9.709858894348145,53.78186798095703,414.544677734375,0.0038,0
2026-05-02 17:14:11.465,6828,9.760111808776855,53.819000244140625,414.5431823730469,0.0076,0
2026-05-02 17:14:12.473,6829,9.810359001159668,53.85614776611328,414.54168701171875,0.0044,0
2026-05-02 17:14:13.484,6830,9.860601425170898,53.893306732177734,414.5402526855469,0.0064,0
2026-05-02 17:14:14.487,6831,9.91083812713623,53.93048095703125,414.5388488769531,0.0056,0
2026-05-02 17:14:15.485,6832,9.961071014404297,53.9676628112793,414.5374755859375,0.002,0
2026-05-02 17:14:16.487,6833,10.011298179626465,54.00486373901367,414.5361633300781,0.0023,0
2026-05-02 17:14:17.490,6834,10.06152057647705,54.04207229614258,414.53485107421875,0.0036,0
2026-05-02 17:14:18.490,6835,10.111738204956055,54.07929611206055,414.5335693359375,0.0035,0
2026-05-02 17:14:19.489,6836,10.16195011138916,54.11653518676758,414.5323486328125,0.0016,0
2026-05-02 17:14:20.493,6837,10.212158203125,54.15378189086914,414.5311279296875,0.0033,0
2026-05-02 17:14:21.500,6838,10.262359619140625,54.191043853759766,414.52996826171875,0.0065,0
2026-05-02 17:14:22.499,6839,10.312557220458984,54.22832107543945,414.52880859375,0.004,0
2026-05-02 17:14:23.507,6840,10.362748146057129,54.26560974121094,414.5277099609375,0.0075,0
2026-05-02 17:14:24.516,6841,10.412934303283691,54.302913665771484,414.5266418457031,0.0064,0
2026-05-02 17:14:25.523,6842,10.463115692138672,54.34022903442383,414.5256042480469,0.0074,0
2026-05-02 17:14:26.526,6843,10.513291358947754,54.377559661865234,414.52459716796875,0.0064,0
2026-05-02 17:14:27.534,6844,10.563462257385254,54.4149055480957,414.52362060546875,0.0064,0
2026-05-02 17:14:28.537,6845,10.613627433776855,54.45226287841797,414.5226745605469,0.0061,0
2026-05-02 17:14:29.540,6846,10.663786888122559,54.48963165283203,414.52178955078125,0.0057,0
2026-05-02 17:14:30.543,6847,10.713940620422363,54.527015686035156,414.5209045410156,0.0077,0
2026-05-02 17:14:31.544,6848,10.764089584350586,54.564414978027344,414.52008056640625,0.0067,0
2026-05-02 17:14:32.548,6849,10.814233779907227,54.60182571411133,414.519287109375,0.006,0
2026-05-02 17:14:33.552,6850,10.864371299743652,54.639251708984375,414.51849365234375,0.0042,0
2026-05-02 17:14:34.559,6851,10.914504051208496,54.676692962646484,414.51776123046875,0.0081,0
2026-05-02 17:14:35.562,6852,10.964631080627441,54.714149475097656,414.5170593261719,0.0077,0
2026-05-02 17:14:36.561,6853,11.014752388000488,54.751617431640625,414.5163879394531,0.0044,0
2026-05-02 17:14:37.565,6854,11.064867973327637,54.789100646972656,414.5157470703125,0.0067,0
2026-05-02 17:14:38.570,6855,11.114977836608887,54.82659912109375,414.5151672363281,0.0077,0
2026-05-02 17:14:39.574,6856,11.165081977844238,54.86410903930664,414.5145568847656,0.0073,0
2026-05-02 17:14:40.575,6857,11.215180397033691,54.901634216308594,414.5140380859375,0.007,0
2026-05-02 17:14:41.574,6858,11.265273094177246,54.93917465209961,414.5135192871094,0.0033,0
2026-05-02 17:14:42.579,6859,11.315361022949219,54.97673034667969,414.5130615234375,0.0063,0
2026-05-02 17:14:43.585,6860,11.365442276000977,55.01430130004883,414.5126037597656,0.0079,0
2026-05-02 17:14:44.592,6861,11.415517807006836,55.05188751220703,414.5121765136719,0.0052,0
2026-05-02 17:14:45.599,6862,11.465588569641113,55.08948516845703,414.5118103027344,0.007,0
2026-05-02 17:14:46.598,6863,11.51565170288086,55.12710189819336,414.5115051269531,0.0035,0
2026-05-02 17:14:47.604,6864,11.565710067749023,55.164730072021484,414.5111999511719,0.0072,0
2026-05-02 17:14:48.606,6865,11.615761756896973,55.20237350463867,414.5108947753906,0.0058,0
2026-05-02 17:14:49.610,6866,11.66580867767334,55.24003601074219,414.5106506347656,0.0071,0
2026-05-02 17:14:50.612,6867,11.715848922729492,55.2777099609375,414.51043701171875,0.0062,0
2026-05-02 17:14:51.614,6868,11.76588249206543,55.315399169921875,414.5102844238281,0.0063,0
2026-05-02 17:14:52.615,6869,11.815911293029785,55.35310745239258,414.5101318359375,0.0049,0
2026-05-02 17:14:53.620,6870,11.865933418273926,55.39082717895508,414.510009765625,0.0079,0
2026-05-02 17:14:54.624,6871,11.915948867797852,55.42856216430664,414.50994873046875,0.0075,0
2026-05-02 17:14:55.625,6872,11.965958595275879,55.46631622314453,414.5098876953125,0.0067,0
2026-05-02 17:14:56.626,6873,12.015962600708008,55.504085540771484,414.5098876953125,0.0063,0
2026-05-02 17:14:57.625,6874,12.065959930419922,55.541866302490234,414.5098876953125,0.0035,0
2026-05-02 17:14:58.632,6875,12.115951538085938,55.57966232299805,414.50994873046875,0.0069,0
2026-05-02 17:14:59.632,6876,12.165936470031738,55.61747741699219,414.5100402832031,0.0047,0
2026-05-02 17:15:00.641,6877,12.21591567993164,55.655311584472656,414.5101318359375,0.0065,0
2026-05-02 17:15:01.645,6878,12.265887260437012,55.69315719604492,414.5102844238281,0.0059,0
2026-05-02 17:15:02.648,6879,12.3158540725708,55.731021881103516,414.5104675292969,0.0068,0
2026-05-02 17:15:03.657,6880,12.365814208984375,55.768898010253906,414.51068115234375,0.0084,0
2026-05-02 17:15:04.659,6881,12.415767669677734,55.806793212890625,414.51092529296875,0.0068,0
2026-05-02 17:15:05.665,6882,12.465714454650879,55.84470748901367,414.51123046875,0.0098,0
2026-05-02 17:15:06.665,6883,12.515654563903809,55.882633209228516,414.51153564453125,0.0079,0
2026-05-02 17:15:07.670,6884,12.56558895111084,55.92057418823242,414.5118713378906,0.0107,0
2026-05-02 17:15:08.667,6885,12.615516662597656,55.95853805541992,414.5122375488281,0.0059,0
2026-05-02 17:15:09.669,6886,12.665437698364258,55.99651336669922,414.5126647949219,0.0061,0
2026-05-02 17:15:10.686,6887,12.715352058410645,56.034507751464844,414.5130920410156,0.0112,0
2026-05-02 17:15:11.682,6888,12.765259742736816,56.07251739501953,414.5135498046875,0.0061,0
2026-05-02 17:15:12.689,6889,12.815160751342773,56.11054229736328,414.5140686035156,0.0091,0
2026-05-02 17:15:13.693,6890,12.865055084228516,56.14858627319336,414.51458740234375,0.0079,0
2026-05-02 17:15:14.698,6891,12.91494369506836,56.186649322509766,414.5151672363281,0.0045,0
2026-05-02 17:15:15.715,6892,12.964824676513672,56.224727630615234,414.5157775878906,0.0053,0
2026-05-02 17:15:16.718,6893,13.014698028564453,56.262821197509766,414.51641845703125,0.0066,0
2026-05-02 17:15:17.721,6894,13.064566612243652,56.30093002319336,414.5170593261719,0.0056,0
2026-05-02 17:15:18.726,6895,13.114426612854004,56.33906173706055,414.5177917480469,0.0046,0
2026-05-02 17:15:19.731,6896,13.164280891418457,56.3772087097168,414.51849365234375,0.0058,0
2026-05-02 17:15:20.735,6897,13.214127540588379,56.41537094116211,414.5192565917969,0.0058,0
2026-05-02 17:15:21.746,6898,13.263967514038086,56.45355224609375,414.5200500488281,0.0076,0
2026-05-02 17:15:22.741,6899,13.313800811767578,56.49174880981445,414.5208740234375,0.002,0
2026-05-02 17:15:23.744,6900,13.363627433776855,56.52996826171875,414.5217590332031,0.0035,0
2026-05-02 17:15:24.744,6901,13.413446426391602,56.568199157714844,414.5226135253906,0.0023,0
2026-05-02 17:15:25.746,6902,13.463258743286133,56.60645294189453,414.5235595703125,0.0032,0
2026-05-02 17:15:26.751,6903,13.51306438446045,56.64472198486328,414.5245056152344,0.0042,0
2026-05-02 17:15:27.755,6904,13.562862396240234,56.68301010131836,414.5255126953125,0.005,0
2026-05-02 17:15:28.765,6905,13.612652778625488,56.7213134765625,414.5264892578125,0.0076,0
2026-05-02 17:15:29.767,6906,13.662436485290527,56.7596321105957,414.5275573730469,0.0057,0
2026-05-02 17:15:30.773,6907,13.712213516235352,56.7979736328125,414.52862548828125,0.0087,0
2026-05-02 17:15:31.774,6908,13.761982917785645,56.836334228515625,414.5297546386719,0.0072,0
2026-05-02 17:15:32.785,6909,13.811745643615723,56.87471389770508,414.5309143066406,0.0089,0
2026-05-02 17:15:33.787,6910,13.861499786376953,56.913108825683594,414.5320739746094,0.0051,0
2026-05-02 17:15:34.785,6911,13.911248207092285,56.95151901245117,414.5332946777344,0.002,0
2026-05-02 17:15:35.793,6912,13.960988998413086,56.98995590209961,414.5345458984375,0.0064,0
2026-05-02 17:15:36.792,6913,14.010721206665039,57.028404235839844,414.5357666015625,0.0026,0
2026-05-02 17:15:37.848,6914,14.060446739196777,57.066871643066406,414.5370788574219,0.0063,0
2026-05-02 17:15:38.852,6915,14.110164642333984,57.10536193847656,414.5384521484375,0.0077,0
2026-05-02 17:15:39.858,6916,14.15987491607666,57.14386749267578,414.539794921875,0.0074,0
2026-05-02 17:15:40.859,6917,14.209578514099121,57.18239212036133,414.54119873046875,0.0062,0
2026-05-02 17:15:41.863,6918,14.25927448272705,57.2209358215332,414.5426330566406,0.0081,0
2026-05-02 17:15:42.868,6919,14.30896282196045,57.25950241088867,414.5440673828125,0.0083,0
2026-05-02 17:15:43.868,6920,14.358642578125,57.29808044433594,414.5455627441406,0.0052,0
2026-05-02 17:15:44.871,6921,14.408316612243652,57.33668518066406,414.5470886230469,0.0061,0
2026-05-02 17:15:45.874,6922,14.457980155944824,57.37530517578125,414.54864501953125,0.0059,0
2026-05-02 17:15:46.878,6923,14.507638931274414,57.4139404296875,414.55023193359375,0.0068,0
2026-05-02 17:15:47.879,6924,14.55728816986084,57.45260238647461,414.5518493652344,0.006,0
2026-05-02 17:15:48.884,6925,14.606931686401367,57.49127960205078,414.5534973144531,0.0038,0
2026-05-02 17:15:49.889,6926,14.656564712524414,57.52997970581055,414.55517578125,0.0064,0
2026-05-02 17:15:50.893,6927,14.706191062927246,57.568695068359375,414.556884765625,0.0085,0
2026-05-02 17:15:51.902,6928,14.755810737609863,57.6074333190918,414.5586242675781,0.0076,0
2026-05-02 17:15:52.903,6929,14.805421829223633,57.64618682861328,414.5603942871094,0.006,0
2026-05-02 17:15:53.904,6930,14.855024337768555,57.68496322631836,414.56219482421875,0.0052,0
2026-05-02 17:15:54.906,6931,14.904620170593262,57.723758697509766,414.56402587890625,0.003,0
2026-05-02 17:15:55.915,6932,14.954207420349121,57.7625732421875,414.56591796875,0.0051,0
2026-05-02 17:15:56.915,6933,15.003786087036133,57.80141067504883,414.5677795410156,0.0036,0
2026-05-02 17:15:57.919,6934,15.053356170654297,57.840267181396484,414.5697326660156,0.0041,0
2026-05-02 17:15:58.924,6935,15.102919578552246,57.879146575927734,414.5716857910156,0.0055,0
2026-05-02 17:15:59.927,6936,15.152474403381348,57.91803741455078,414.57366943359375,0.006,0
2026-05-02 17:16:00.934,6937,15.202021598815918,57.95695495605469,414.57568359375,0.0071,0
2026-05-02 17:16:01.934,6938,15.251559257507324,57.99589538574219,414.5777587890625,0.0039,0
2026-05-02 17:16:02.952,6939,15.301090240478516,58.034847259521484,414.5798034667969,0.0087,0
2026-05-02 17:16:03.955,6940,15.35061264038086,58.07382583618164,414.5819396972656,0.0066,0
2026-05-02 17:16:04.958,6941,15.400126457214355,58.11282730102539,414.5840759277344,0.0073,0
2026-05-02 17:16:05.961,6942,15.449633598327637,58.15184783935547,414.58624267578125,0.0059,0
2026-05-02 17:16:06.960,6943,15.499130249023438,58.19088363647461,414.5884704589844,0.0033,0
2026-05-02 17:16:07.968,6944,15.548620223999023,58.22994613647461,414.5906982421875,0.0081,0
2026-05-02 17:16:08.968,6945,15.598099708557129,58.26902770996094,414.59295654296875,0.0067,0
2026-05-02 17:16:09.984,6946,15.64757251739502,58.308128356933594,414.5952453613281,0.0086,0
2026-05-02 17:16:10.991,6947,15.697036743164062,58.347251892089844,414.5975646972656,0.008,0
2026-05-02 17:16:11.997,6948,15.746492385864258,58.38639831542969,414.5999450683594,0.0071,0
2026-05-02 17:16:12.999,6949,15.795937538146973,58.425559997558594,414.6023254394531,0.0055,0
2026-05-02 17:16:13.996,6950,15.845376014709473,58.464752197265625,414.604736328125,0.002,0
2026-05-02 17:16:15.003,6951,15.894806861877441,58.50395965576172,414.607177734375,0.007,0
2026-05-02 17:16:16.004,6952,15.944228172302246,58.543190002441406,414.6096496582031,0.0048,0
2026-05-02 17:16:17.014,6953,16.04304313659668,58.62171173095703,414.6147155761719,0.0106,0
2026-05-02 17:16:18.011,6954,16.092439651489258,58.66100311279297,414.6172790527344,0.0031,0
2026-05-02 17:16:19.017,6955,16.14182472229004,58.7003173828125,414.619873046875,0.0024,0
2026-05-02 17:16:20.022,6956,16.19120216369629,58.739662170410156,414.62249755859375,0.0031,0
2026-05-02 17:16:21.024,6957,16.240571975708008,58.779022216796875,414.62518310546875,0.0039,0
2026-05-02 17:16:22.031,6958,16.28993034362793,58.81840133666992,414.62786865234375,0.0079,0
2026-05-02 17:16:23.041,6959,16.339282989501953,58.85780334472656,414.6305847167969,0.0089,0
2026-05-02 17:16:24.041,6960,16.388626098632812,58.89723205566406,414.6333312988281,0.0064,0
2026-05-02 17:16:25.043,6961,16.437957763671875,58.936676025390625,414.6361389160156,0.0075,0
2026-05-02 17:16:26.047,6962,16.487281799316406,58.97615051269531,414.638916015625,0.007,0
2026-05-02 17:16:27.046,6963,16.536598205566406,59.01564025878906,414.6417541503906,0.0044,0
2026-05-02 17:16:28.046,6964,16.58590316772461,59.05516052246094,414.6446228027344,0.0016,0
2026-05-02 17:16:29.047,6965,16.63520050048828,59.094696044921875,414.64752197265625,0.002,0
2026-05-02 17:16:30.056,6966,16.68448829650879,59.134254455566406,414.6504821777344,0.0037,0
2026-05-02 17:16:31.060,6967,16.733768463134766,59.17383575439453,414.6534118652344,0.0033,0
2026-05-02 17:16:32.066,6968,16.783039093017578,59.213443756103516,414.6564025878906,0.0075,0
2026-05-02 17:16:33.068,6969,16.832298278808594,59.25307083129883,414.659423828125,0.0064,0
2026-05-02 17:16:34.073,6970,16.881549835205078,59.292720794677734,414.6624755859375,0.0035,0
2026-05-02 17:16:35.074,6971,16.9307918548584,59.3323974609375,414.6655578613281,0.0037,0
2026-05-02 17:16:36.080,6972,16.980024337768555,59.37209701538086,414.6686706542969,0.0043,0
2026-05-02 17:16:37.085,6973,17.029247283935547,59.41181182861328,414.6717834472656,0.007,0
2026-05-02 17:16:38.095,6974,17.078460693359375,59.45155715942383,414.6749572753906,0.0081,0
